{
"type": "FeatureCollection",
"name": "failures",
"xy_coordinate_resolution": 1e-07,
"features": [
{ "type": "Feature", "properties": { "linha_id": 0, "comp_m": 0.96, "ini_m": 119.0, "fim_m": 119.96, "faixa_id": 2, "classe": "0.50–1.50 m", "_coa_length_m": 0.96, "_coa_class": "0,50–1,50 m" }, "geometry": { "type": "MultiLineString", "coordinates": [ [ [ -49.5715661, -20.4011432 ], [ -49.5715696, -20.4011436 ], [ -49.5715752, -20.4011442 ] ] ] } },
{ "type": "Feature", "properties": { "linha_id": 0, "comp_m": 0.64, "ini_m": 437.56, "fim_m": 438.2, "faixa_id": 2, "classe": "0.50–1.50 m", "_coa_length_m": 0.64, "_coa_class": "0,50–1,50 m" }, "geometry": { "type": "MultiLineString", "coordinates": [ [ [ -49.5745989, -20.401446 ], [ -49.5746014, -20.4014462 ], [ -49.574605, -20.4014466 ] ] ] } },
{ "type": "Feature", "properties": { "linha_id": 0, "comp_m": 0.64, "ini_m": 463.0, "fim_m": 463.64, "faixa_id": 2, "classe": "0.50–1.50 m", "_coa_length_m": 0.64, "_coa_class": "0,50–1,50 m" }, "geometry": { "type": "MultiLineString", "coordinates": [ [ [ -49.5748412, -20.401471 ], [ -49.5748426, -20.4014712 ], [ -49.5748469, -20.4014716 ], [ -49.5748473, -20.4014716 ] ] ] } },
{ "type": "Feature", "properties": { "linha_id": 0, "comp_m": 0.931, "ini_m": 464.44, "fim_m": 465.371, "faixa_id": 2, "classe": "0.50–1.50 m", "_coa_length_m": 0.932, "_coa_class": "0,50–1,50 m" }, "geometry": { "type": "MultiLineString", "coordinates": [ [ [ -49.5748549, -20.4014724 ], [ -49.5748553, -20.4014724 ], [ -49.5748596, -20.4014729 ], [ -49.5748638, -20.4014733 ] ] ] } },
{ "type": "Feature", "properties": { "linha_id": 1, "comp_m": 0.56, "ini_m": 4.28, "fim_m": 4.84, "faixa_id": 2, "classe": "0.50–1.50 m", "_coa_length_m": 0.56, "_coa_class": "0,50–1,50 m" }, "geometry": { "type": "MultiLineString", "coordinates": [ [ [ -49.5704832, -20.4010461 ], [ -49.5704874, -20.4010465 ], [ -49.5704885, -20.4010467 ] ] ] } },
{ "type": "Feature", "properties": { "linha_id": 1, "comp_m": 1.2, "ini_m": 5.4, "fim_m": 6.6, "faixa_id": 2, "classe": "0.50–1.50 m", "_coa_length_m": 1.2, "_coa_class": "0,50–1,50 m" }, "geometry": { "type": "MultiLineString", "coordinates": [ [ [ -49.5704938, -20.4010473 ], [ -49.5704973, -20.4010476 ], [ -49.5705022, -20.4010482 ], [ -49.5705052, -20.4010485 ] ] ] } },
{ "type": "Feature", "properties": { "linha_id": 1, "comp_m": 1.04, "ini_m": 8.04, "fim_m": 9.08, "faixa_id": 2, "classe": "0.50–1.50 m", "_coa_length_m": 1.04, "_coa_class": "0,50–1,50 m" }, "geometry": { "type": "MultiLineString", "coordinates": [ [ [ -49.570519, -20.40105 ], [ -49.570522, -20.4010503 ], [ -49.5705269, -20.4010508 ], [ -49.5705289, -20.401051 ] ] ] } },
{ "type": "Feature", "properties": { "linha_id": 1, "comp_m": 0.64, "ini_m": 23.96, "fim_m": 24.6, "faixa_id": 2, "classe": "0.50–1.50 m", "_coa_length_m": 0.64, "_coa_class": "0,50–1,50 m" }, "geometry": { "type": "MultiLineString", "coordinates": [ [ [ -49.5706706, -20.4010657 ], [ -49.5706755, -20.4010661 ], [ -49.5706767, -20.4010662 ] ] ] } },
{ "type": "Feature", "properties": { "linha_id": 1, "comp_m": 0.72, "ini_m": 179.72, "fim_m": 180.44, "faixa_id": 2, "classe": "0.50–1.50 m", "_coa_length_m": 0.72, "_coa_class": "0,50–1,50 m" }, "geometry": { "type": "MultiLineString", "coordinates": [ [ [ -49.5721536, -20.4012169 ], [ -49.5721544, -20.401217 ], [ -49.5721605, -20.4012174 ] ] ] } },
{ "type": "Feature", "properties": { "linha_id": 1, "comp_m": 1.36, "ini_m": 328.2, "fim_m": 329.56, "faixa_id": 2, "classe": "0.50–1.50 m", "_coa_length_m": 1.36, "_coa_class": "0,50–1,50 m" }, "geometry": { "type": "MultiLineString", "coordinates": [ [ [ -49.5735679, -20.4013581 ], [ -49.5735809, -20.4013597 ] ] ] } },
{ "type": "Feature", "properties": { "linha_id": 1, "comp_m": 0.8, "ini_m": 382.2, "fim_m": 383.0, "faixa_id": 2, "classe": "0.50–1.50 m", "_coa_length_m": 0.8, "_coa_class": "0,50–1,50 m" }, "geometry": { "type": "MultiLineString", "coordinates": [ [ [ -49.5740823, -20.4014103 ], [ -49.5740824, -20.4014103 ], [ -49.5740899, -20.4014113 ] ] ] } },
{ "type": "Feature", "properties": { "linha_id": 1, "comp_m": 0.88, "ini_m": 445.4, "fim_m": 446.28, "faixa_id": 2, "classe": "0.50–1.50 m", "_coa_length_m": 0.88, "_coa_class": "0,50–1,50 m" }, "geometry": { "type": "MultiLineString", "coordinates": [ [ [ -49.5746845, -20.4014691 ], [ -49.5746871, -20.4014694 ], [ -49.5746904, -20.4014697 ], [ -49.5746929, -20.40147 ] ] ] } },
{ "type": "Feature", "properties": { "linha_id": 1, "comp_m": 1.669, "ini_m": 462.44, "fim_m": 464.109, "faixa_id": 3, "classe": "1.50–3.00 m", "_coa_length_m": 1.669, "_coa_class": "1,50–3,00 m" }, "geometry": { "type": "MultiLineString", "coordinates": [ [ [ -49.5748467, -20.4014868 ], [ -49.5748497, -20.4014872 ], [ -49.5748529, -20.4014876 ], [ -49.5748561, -20.401488 ], [ -49.5748594, -20.4014884 ], [ -49.5748626, -20.4014888 ] ] ] } },
{ "type": "Feature", "properties": { "linha_id": 2, "comp_m": 1.12, "ini_m": 5.4, "fim_m": 6.52, "faixa_id": 2, "classe": "0.50–1.50 m", "_coa_length_m": 1.12, "_coa_class": "0,50–1,50 m" }, "geometry": { "type": "MultiLineString", "coordinates": [ [ [ -49.5704854, -20.4010599 ], [ -49.5704861, -20.40106 ], [ -49.570487, -20.4010601 ], [ -49.5704879, -20.4010602 ], [ -49.5704888, -20.4010603 ], [ -49.5704897, -20.4010604 ], [ -49.5704906, -20.4010605 ], [ -49.5704915, -20.4010606 ], [ -49.5704924, -20.4010607 ], [ -49.5704933, -20.4010607 ], [ -49.5704942, -20.4010608 ], [ -49.5704951, -20.4010609 ], [ -49.570496, -20.401061 ], [ -49.5704961, -20.401061 ] ] ] } },
{ "type": "Feature", "properties": { "linha_id": 2, "comp_m": 2.187, "ini_m": 462.6, "fim_m": 464.787, "faixa_id": 3, "classe": "1.50–3.00 m", "_coa_length_m": 2.187, "_coa_class": "1,50–3,00 m" }, "geometry": { "type": "MultiLineString", "coordinates": [ [ [ -49.57484, -20.4014983 ], [ -49.5748415, -20.4014984 ], [ -49.5748431, -20.4014986 ], [ -49.5748447, -20.4014987 ], [ -49.5748463, -20.4014988 ], [ -49.5748479, -20.401499 ], [ -49.5748495, -20.4014991 ], [ -49.5748512, -20.4014992 ], [ -49.5748528, -20.4014993 ], [ -49.5748544, -20.4014995 ], [ -49.574856, -20.4014996 ], [ -49.5748576, -20.4014997 ], [ -49.5748593, -20.4014998 ], [ -49.5748609, -20.4014999 ] ] ] } },
{ "type": "Feature", "properties": { "linha_id": 3, "comp_m": 0.64, "ini_m": 0.28, "fim_m": 0.92, "faixa_id": 2, "classe": "0.50–1.50 m", "_coa_length_m": 0.64, "_coa_class": "0,50–1,50 m" }, "geometry": { "type": "MultiLineString", "coordinates": [ [ [ -49.5704714, -20.401373 ], [ -49.5704775, -20.4013735 ] ] ] } },
{ "type": "Feature", "properties": { "linha_id": 3, "comp_m": 0.8, "ini_m": 4.2, "fim_m": 5.0, "faixa_id": 2, "classe": "0.50–1.50 m", "_coa_length_m": 0.8, "_coa_class": "0,50–1,50 m" }, "geometry": { "type": "MultiLineString", "coordinates": [ [ [ -49.5705089, -20.4013751 ], [ -49.5705165, -20.4013759 ] ] ] } },
{ "type": "Feature", "properties": { "linha_id": 3, "comp_m": 0.72, "ini_m": 5.08, "fim_m": 5.8, "faixa_id": 2, "classe": "0.50–1.50 m", "_coa_length_m": 0.72, "_coa_class": "0,50–1,50 m" }, "geometry": { "type": "MultiLineString", "coordinates": [ [ [ -49.5705172, -20.401376 ], [ -49.5705179, -20.4013761 ], [ -49.5705241, -20.401377 ] ] ] } },
{ "type": "Feature", "properties": { "linha_id": 3, "comp_m": 0.56, "ini_m": 5.96, "fim_m": 6.52, "faixa_id": 2, "classe": "0.50–1.50 m", "_coa_length_m": 0.56, "_coa_class": "0,50–1,50 m" }, "geometry": { "type": "MultiLineString", "coordinates": [ [ [ -49.5705256, -20.4013772 ], [ -49.5705298, -20.4013778 ], [ -49.5705309, -20.4013779 ] ] ] } },
{ "type": "Feature", "properties": { "linha_id": 3, "comp_m": 1.04, "ini_m": 11.96, "fim_m": 13.0, "faixa_id": 2, "classe": "0.50–1.50 m", "_coa_length_m": 1.04, "_coa_class": "0,50–1,50 m" }, "geometry": { "type": "MultiLineString", "coordinates": [ [ [ -49.5705826, -20.4013838 ], [ -49.5705901, -20.4013844 ], [ -49.5705926, -20.4013847 ] ] ] } },
{ "type": "Feature", "properties": { "linha_id": 3, "comp_m": 2.32, "ini_m": 14.12, "fim_m": 16.44, "faixa_id": 3, "classe": "1.50–3.00 m", "_coa_length_m": 2.32, "_coa_class": "1,50–3,00 m" }, "geometry": { "type": "MultiLineString", "coordinates": [ [ [ -49.5706032, -20.4013857 ], [ -49.5706144, -20.4013867 ], [ -49.5706254, -20.4013876 ] ] ] } },
{ "type": "Feature", "properties": { "linha_id": 3, "comp_m": 0.8, "ini_m": 415.0, "fim_m": 415.8, "faixa_id": 2, "classe": "0.50–1.50 m", "_coa_length_m": 0.8, "_coa_class": "0,50–1,50 m" }, "geometry": { "type": "MultiLineString", "coordinates": [ [ [ -49.5744205, -20.4017714 ], [ -49.5744242, -20.4017717 ], [ -49.5744281, -20.401772 ] ] ] } },
{ "type": "Feature", "properties": { "linha_id": 3, "comp_m": 0.64, "ini_m": 458.28, "fim_m": 458.92, "faixa_id": 2, "classe": "0.50–1.50 m", "_coa_length_m": 0.64, "_coa_class": "0,50–1,50 m" }, "geometry": { "type": "MultiLineString", "coordinates": [ [ [ -49.5748329, -20.4018123 ], [ -49.5748337, -20.4018123 ], [ -49.574839, -20.4018128 ] ] ] } },
{ "type": "Feature", "properties": { "linha_id": 4, "comp_m": 0.68, "ini_m": 0.0, "fim_m": 0.68, "faixa_id": 2, "classe": "0.50–1.50 m", "_coa_length_m": 0.68, "_coa_class": "0,50–1,50 m" }, "geometry": { "type": "MultiLineString", "coordinates": [ [ [ -49.5704438, -20.4010834 ], [ -49.5704447, -20.4010835 ], [ -49.5704455, -20.4010836 ], [ -49.5704464, -20.4010837 ], [ -49.5704473, -20.4010838 ], [ -49.5704482, -20.401084 ], [ -49.5704491, -20.4010841 ], [ -49.57045, -20.4010842 ], [ -49.5704502, -20.4010842 ] ] ] } },
{ "type": "Feature", "properties": { "linha_id": 4, "comp_m": 0.72, "ini_m": 1.16, "fim_m": 1.88, "faixa_id": 2, "classe": "0.50–1.50 m", "_coa_length_m": 0.72, "_coa_class": "0,50–1,50 m" }, "geometry": { "type": "MultiLineString", "coordinates": [ [ [ -49.5704548, -20.4010846 ], [ -49.5704555, -20.4010847 ], [ -49.5704564, -20.4010848 ], [ -49.5704573, -20.4010849 ], [ -49.5704582, -20.401085 ], [ -49.5704591, -20.401085 ], [ -49.57046, -20.4010851 ], [ -49.5704609, -20.4010852 ], [ -49.5704617, -20.4010853 ] ] ] } },
{ "type": "Feature", "properties": { "linha_id": 4, "comp_m": 0.8, "ini_m": 43.56, "fim_m": 44.36, "faixa_id": 2, "classe": "0.50–1.50 m", "_coa_length_m": 0.8, "_coa_class": "0,50–1,50 m" }, "geometry": { "type": "MultiLineString", "coordinates": [ [ [ -49.5708584, -20.4011246 ], [ -49.570866, -20.4011255 ] ] ] } },
{ "type": "Feature", "properties": { "linha_id": 4, "comp_m": 0.64, "ini_m": 166.28, "fim_m": 166.92, "faixa_id": 2, "classe": "0.50–1.50 m", "_coa_length_m": 0.64, "_coa_class": "0,50–1,50 m" }, "geometry": { "type": "MultiLineString", "coordinates": [ [ [ -49.5720274, -20.4012436 ], [ -49.5720276, -20.4012436 ], [ -49.5720335, -20.4012441 ] ] ] } },
{ "type": "Feature", "properties": { "linha_id": 4, "comp_m": 0.56, "ini_m": 326.92, "fim_m": 327.48, "faixa_id": 2, "classe": "0.50–1.50 m", "_coa_length_m": 0.56, "_coa_class": "0,50–1,50 m" }, "geometry": { "type": "MultiLineString", "coordinates": [ [ [ -49.5735559, -20.4013973 ], [ -49.5735613, -20.4013978 ] ] ] } },
{ "type": "Feature", "properties": { "linha_id": 4, "comp_m": 0.64, "ini_m": 445.64, "fim_m": 446.28, "faixa_id": 2, "classe": "0.50–1.50 m", "_coa_length_m": 0.64, "_coa_class": "0,50–1,50 m" }, "geometry": { "type": "MultiLineString", "coordinates": [ [ [ -49.5746868, -20.4015093 ], [ -49.5746876, -20.4015093 ], [ -49.5746923, -20.4015098 ], [ -49.5746929, -20.4015098 ] ] ] } },
{ "type": "Feature", "properties": { "linha_id": 4, "comp_m": 0.56, "ini_m": 446.36, "fim_m": 446.92, "faixa_id": 2, "classe": "0.50–1.50 m", "_coa_length_m": 0.56, "_coa_class": "0,50–1,50 m" }, "geometry": { "type": "MultiLineString", "coordinates": [ [ [ -49.5746937, -20.4015099 ], [ -49.5746971, -20.4015102 ], [ -49.5746991, -20.4015104 ] ] ] } },
{ "type": "Feature", "properties": { "linha_id": 4, "comp_m": 1.04, "ini_m": 447.72, "fim_m": 448.76, "faixa_id": 2, "classe": "0.50–1.50 m", "_coa_length_m": 1.04, "_coa_class": "0,50–1,50 m" }, "geometry": { "type": "MultiLineString", "coordinates": [ [ [ -49.5747067, -20.4015111 ], [ -49.5747113, -20.4015116 ], [ -49.574716, -20.4015121 ], [ -49.5747166, -20.4015121 ] ] ] } },
{ "type": "Feature", "properties": { "linha_id": 4, "comp_m": 0.56, "ini_m": 451.72, "fim_m": 452.28, "faixa_id": 2, "classe": "0.50–1.50 m", "_coa_length_m": 0.56, "_coa_class": "0,50–1,50 m" }, "geometry": { "type": "MultiLineString", "coordinates": [ [ [ -49.5747447, -20.4015155 ], [ -49.5747489, -20.401516 ], [ -49.57475, -20.4015161 ] ] ] } },
{ "type": "Feature", "properties": { "linha_id": 4, "comp_m": 1.36, "ini_m": 456.44, "fim_m": 457.8, "faixa_id": 2, "classe": "0.50–1.50 m", "_coa_length_m": 1.36, "_coa_class": "0,50–1,50 m" }, "geometry": { "type": "MultiLineString", "coordinates": [ [ [ -49.5747896, -20.401521 ], [ -49.5747911, -20.4015212 ], [ -49.5747958, -20.4015217 ], [ -49.5748005, -20.4015223 ], [ -49.5748025, -20.4015225 ] ] ] } },
{ "type": "Feature", "properties": { "linha_id": 4, "comp_m": 0.56, "ini_m": 461.0, "fim_m": 461.56, "faixa_id": 2, "classe": "0.50–1.50 m", "_coa_length_m": 0.56, "_coa_class": "0,50–1,50 m" }, "geometry": { "type": "MultiLineString", "coordinates": [ [ [ -49.574833, -20.4015253 ], [ -49.5748336, -20.4015254 ], [ -49.5748383, -20.4015258 ], [ -49.5748384, -20.4015258 ] ] ] } },
{ "type": "Feature", "properties": { "linha_id": 5, "comp_m": 0.56, "ini_m": 1.72, "fim_m": 2.28, "faixa_id": 2, "classe": "0.50–1.50 m", "_coa_length_m": 0.56, "_coa_class": "0,50–1,50 m" }, "geometry": { "type": "MultiLineString", "coordinates": [ [ [ -49.5704772, -20.4015775 ], [ -49.5704825, -20.4015781 ] ] ] } },
{ "type": "Feature", "properties": { "linha_id": 5, "comp_m": 0.64, "ini_m": 210.44, "fim_m": 211.08, "faixa_id": 2, "classe": "0.50–1.50 m", "_coa_length_m": 0.64, "_coa_class": "0,50–1,50 m" }, "geometry": { "type": "MultiLineString", "coordinates": [ [ [ -49.5724651, -20.4017787 ], [ -49.5724712, -20.4017793 ] ] ] } },
{ "type": "Feature", "properties": { "linha_id": 6, "comp_m": 1.6, "ini_m": 0.04, "fim_m": 1.64, "faixa_id": 3, "classe": "1.50–3.00 m", "_coa_length_m": 1.6, "_coa_class": "1,50–3,00 m" }, "geometry": { "type": "MultiLineString", "coordinates": [ [ [ -49.5704638, -20.4013577 ], [ -49.5704681, -20.4013581 ], [ -49.5704728, -20.4013586 ], [ -49.5704776, -20.401359 ], [ -49.570479, -20.4013591 ] ] ] } },
{ "type": "Feature", "properties": { "linha_id": 6, "comp_m": 0.8, "ini_m": 2.84, "fim_m": 3.64, "faixa_id": 2, "classe": "0.50–1.50 m", "_coa_length_m": 0.8, "_coa_class": "0,50–1,50 m" }, "geometry": { "type": "MultiLineString", "coordinates": [ [ [ -49.5704905, -20.4013601 ], [ -49.5704919, -20.4013602 ], [ -49.5704967, -20.4013606 ], [ -49.5704981, -20.4013607 ] ] ] } },
{ "type": "Feature", "properties": { "linha_id": 6, "comp_m": 0.88, "ini_m": 16.12, "fim_m": 17.0, "faixa_id": 2, "classe": "0.50–1.50 m", "_coa_length_m": 0.88, "_coa_class": "0,50–1,50 m" }, "geometry": { "type": "MultiLineString", "coordinates": [ [ [ -49.570617, -20.4013727 ], [ -49.5706196, -20.4013729 ], [ -49.5706244, -20.4013734 ], [ -49.5706254, -20.4013735 ] ] ] } },
{ "type": "Feature", "properties": { "linha_id": 6, "comp_m": 1.92, "ini_m": 18.6, "fim_m": 20.52, "faixa_id": 3, "classe": "1.50–3.00 m", "_coa_length_m": 1.92, "_coa_class": "1,50–3,00 m" }, "geometry": { "type": "MultiLineString", "coordinates": [ [ [ -49.5706406, -20.401375 ], [ -49.5706433, -20.4013753 ], [ -49.570648, -20.4013758 ], [ -49.5706527, -20.4013763 ], [ -49.5706574, -20.4013768 ], [ -49.5706589, -20.401377 ] ] ] } },
{ "type": "Feature", "properties": { "linha_id": 6, "comp_m": 0.64, "ini_m": 25.08, "fim_m": 25.72, "faixa_id": 2, "classe": "0.50–1.50 m", "_coa_length_m": 0.64, "_coa_class": "0,50–1,50 m" }, "geometry": { "type": "MultiLineString", "coordinates": [ [ [ -49.5707023, -20.401382 ], [ -49.5707044, -20.4013822 ], [ -49.5707084, -20.4013826 ] ] ] } },
{ "type": "Feature", "properties": { "linha_id": 6, "comp_m": 0.72, "ini_m": 27.16, "fim_m": 27.88, "faixa_id": 2, "classe": "0.50–1.50 m", "_coa_length_m": 0.72, "_coa_class": "0,50–1,50 m" }, "geometry": { "type": "MultiLineString", "coordinates": [ [ [ -49.5707221, -20.4013839 ], [ -49.5707234, -20.401384 ], [ -49.5707281, -20.4013844 ], [ -49.570729, -20.4013845 ] ] ] } },
{ "type": "Feature", "properties": { "linha_id": 6, "comp_m": 0.96, "ini_m": 83.16, "fim_m": 84.12, "faixa_id": 2, "classe": "0.50–1.50 m", "_coa_length_m": 0.96, "_coa_class": "0,50–1,50 m" }, "geometry": { "type": "MultiLineString", "coordinates": [ [ [ -49.5712552, -20.4014377 ], [ -49.5712552, -20.4014377 ], [ -49.5712636, -20.4014385 ], [ -49.5712643, -20.4014386 ] ] ] } },
{ "type": "Feature", "properties": { "linha_id": 6, "comp_m": 0.64, "ini_m": 116.36, "fim_m": 117.0, "faixa_id": 2, "classe": "0.50–1.50 m", "_coa_length_m": 0.64, "_coa_class": "0,50–1,50 m" }, "geometry": { "type": "MultiLineString", "coordinates": [ [ [ -49.5715715, -20.4014694 ], [ -49.5715776, -20.4014701 ] ] ] } },
{ "type": "Feature", "properties": { "linha_id": 6, "comp_m": 0.96, "ini_m": 206.52, "fim_m": 207.48, "faixa_id": 2, "classe": "0.50–1.50 m", "_coa_length_m": 0.96, "_coa_class": "0,50–1,50 m" }, "geometry": { "type": "MultiLineString", "coordinates": [ [ [ -49.572429, -20.4015566 ], [ -49.5724301, -20.4015567 ], [ -49.5724375, -20.4015576 ], [ -49.5724381, -20.4015576 ] ] ] } },
{ "type": "Feature", "properties": { "linha_id": 6, "comp_m": 0.56, "ini_m": 251.0, "fim_m": 251.56, "faixa_id": 2, "classe": "0.50–1.50 m", "_coa_length_m": 0.56, "_coa_class": "0,50–1,50 m" }, "geometry": { "type": "MultiLineString", "coordinates": [ [ [ -49.5728507, -20.4015984 ], [ -49.5728548, -20.4015988 ], [ -49.5728561, -20.4015989 ] ] ] } },
{ "type": "Feature", "properties": { "linha_id": 6, "comp_m": 1.28, "ini_m": 342.68, "fim_m": 343.96, "faixa_id": 2, "classe": "0.50–1.50 m", "_coa_length_m": 1.28, "_coa_class": "0,50–1,50 m" }, "geometry": { "type": "MultiLineString", "coordinates": [ [ [ -49.5737239, -20.401687 ], [ -49.5737355, -20.4016888 ], [ -49.5737361, -20.4016888 ] ] ] } },
{ "type": "Feature", "properties": { "linha_id": 6, "comp_m": 0.56, "ini_m": 400.04, "fim_m": 400.6, "faixa_id": 2, "classe": "0.50–1.50 m", "_coa_length_m": 0.56, "_coa_class": "0,50–1,50 m" }, "geometry": { "type": "MultiLineString", "coordinates": [ [ [ -49.5742704, -20.4017419 ], [ -49.5742757, -20.4017424 ] ] ] } },
{ "type": "Feature", "properties": { "linha_id": 6, "comp_m": 1.376, "ini_m": 458.2, "fim_m": 459.576, "faixa_id": 2, "classe": "0.50–1.50 m", "_coa_length_m": 1.376, "_coa_class": "0,50–1,50 m" }, "geometry": { "type": "MultiLineString", "coordinates": [ [ [ -49.5748244, -20.4017977 ], [ -49.5748375, -20.4017987 ] ] ] } },
{ "type": "Feature", "properties": { "linha_id": 7, "comp_m": 5.08, "ini_m": 0.0, "fim_m": 5.08, "faixa_id": 5, "classe": "≥ 5.00 m", "_coa_length_m": 5.081, "_coa_class": ">= 5,00 m" }, "geometry": { "type": "MultiLineString", "coordinates": [ [ [ -49.5725072, -20.4012246 ], [ -49.5725128, -20.4012247 ], [ -49.5725186, -20.4012243 ], [ -49.5725244, -20.4012241 ], [ -49.5725299, -20.4012247 ], [ -49.5725352, -20.401226 ], [ -49.5725404, -20.4012273 ], [ -49.5725459, -20.4012282 ], [ -49.5725516, -20.4012286 ], [ -49.5725554, -20.4012288 ] ] ] } },
{ "type": "Feature", "properties": { "linha_id": 7, "comp_m": 0.8, "ini_m": 42.04, "fim_m": 42.84, "faixa_id": 2, "classe": "0.50–1.50 m", "_coa_length_m": 0.8, "_coa_class": "0,50–1,50 m" }, "geometry": { "type": "MultiLineString", "coordinates": [ [ [ -49.5729074, -20.401265 ], [ -49.5729118, -20.4012654 ], [ -49.572915, -20.4012658 ] ] ] } },
{ "type": "Feature", "properties": { "linha_id": 7, "comp_m": 0.8, "ini_m": 217.88, "fim_m": 218.68, "faixa_id": 2, "classe": "0.50–1.50 m", "_coa_length_m": 0.8, "_coa_class": "0,50–1,50 m" }, "geometry": { "type": "MultiLineString", "coordinates": [ [ [ -49.5745824, -20.4014325 ], [ -49.5745891, -20.401433 ], [ -49.57459, -20.4014331 ] ] ] } },
{ "type": "Feature", "properties": { "linha_id": 7, "comp_m": 4.691, "ini_m": 240.28, "fim_m": 244.971, "faixa_id": 4, "classe": "3.00–5.00 m", "_coa_length_m": 4.692, "_coa_class": "3,00–5,00 m" }, "geometry": { "type": "MultiLineString", "coordinates": [ [ [ -49.5747959, -20.4014523 ], [ -49.574805, -20.4014534 ], [ -49.5748226, -20.401456 ], [ -49.5748405, -20.4014578 ] ] ] } },
{ "type": "Feature", "properties": { "linha_id": 8, "comp_m": 0.84, "ini_m": 0.0, "fim_m": 0.84, "faixa_id": 2, "classe": "0.50–1.50 m", "_coa_length_m": 0.84, "_coa_class": "0,50–1,50 m" }, "geometry": { "type": "MultiLineString", "coordinates": [ [ [ -49.5725379, -20.4012168 ], [ -49.572546, -20.4012165 ] ] ] } },
{ "type": "Feature", "properties": { "linha_id": 8, "comp_m": 1.12, "ini_m": 79.96, "fim_m": 81.08, "faixa_id": 2, "classe": "0.50–1.50 m", "_coa_length_m": 1.12, "_coa_class": "0,50–1,50 m" }, "geometry": { "type": "MultiLineString", "coordinates": [ [ [ -49.5732997, -20.4012919 ], [ -49.5733085, -20.4012928 ], [ -49.5733103, -20.4012929 ] ] ] } },
{ "type": "Feature", "properties": { "linha_id": 8, "comp_m": 1.68, "ini_m": 92.12, "fim_m": 93.8, "faixa_id": 3, "classe": "1.50–3.00 m", "_coa_length_m": 1.68, "_coa_class": "1,50–3,00 m" }, "geometry": { "type": "MultiLineString", "coordinates": [ [ [ -49.5734157, -20.4013013 ], [ -49.5734226, -20.4013019 ], [ -49.5734318, -20.4013027 ] ] ] } },
{ "type": "Feature", "properties": { "linha_id": 8, "comp_m": 0.753, "ini_m": 240.68, "fim_m": 241.433, "faixa_id": 2, "classe": "0.50–1.50 m", "_coa_length_m": 0.753, "_coa_class": "0,50–1,50 m" }, "geometry": { "type": "MultiLineString", "coordinates": [ [ [ -49.5748305, -20.4014427 ], [ -49.574833, -20.401443 ], [ -49.5748376, -20.4014435 ] ] ] } },
{ "type": "Feature", "properties": { "linha_id": 9, "comp_m": 0.72, "ini_m": 0.84, "fim_m": 1.56, "faixa_id": 2, "classe": "0.50–1.50 m", "_coa_length_m": 0.72, "_coa_class": "0,50–1,50 m" }, "geometry": { "type": "MultiLineString", "coordinates": [ [ [ -49.5704667, -20.4015223 ], [ -49.5704706, -20.4015227 ], [ -49.5704736, -20.4015229 ] ] ] } },
{ "type": "Feature", "properties": { "linha_id": 9, "comp_m": 0.72, "ini_m": 13.4, "fim_m": 14.12, "faixa_id": 2, "classe": "0.50–1.50 m", "_coa_length_m": 0.72, "_coa_class": "0,50–1,50 m" }, "geometry": { "type": "MultiLineString", "coordinates": [ [ [ -49.5705865, -20.401533 ], [ -49.570589, -20.4015332 ], [ -49.5705929, -20.4015336 ], [ -49.5705934, -20.4015336 ] ] ] } },
{ "type": "Feature", "properties": { "linha_id": 9, "comp_m": 0.96, "ini_m": 15.88, "fim_m": 16.84, "faixa_id": 2, "classe": "0.50–1.50 m", "_coa_length_m": 0.96, "_coa_class": "0,50–1,50 m" }, "geometry": { "type": "MultiLineString", "coordinates": [ [ [ -49.5706102, -20.4015352 ], [ -49.5706126, -20.4015354 ], [ -49.5706166, -20.4015358 ], [ -49.5706193, -20.4015361 ] ] ] } },
{ "type": "Feature", "properties": { "linha_id": 9, "comp_m": 0.56, "ini_m": 437.4, "fim_m": 437.96, "faixa_id": 2, "classe": "0.50–1.50 m", "_coa_length_m": 0.56, "_coa_class": "0,50–1,50 m" }, "geometry": { "type": "MultiLineString", "coordinates": [ [ [ -49.5746236, -20.40194 ], [ -49.5746245, -20.4019401 ], [ -49.574629, -20.4019405 ] ] ] } },
{ "type": "Feature", "properties": { "linha_id": 10, "comp_m": 0.56, "ini_m": 7.0, "fim_m": 7.56, "faixa_id": 2, "classe": "0.50–1.50 m", "_coa_length_m": 0.56, "_coa_class": "0,50–1,50 m" }, "geometry": { "type": "MultiLineString", "coordinates": [ [ [ -49.5705407, -20.4015548 ], [ -49.5705455, -20.4015553 ], [ -49.5705461, -20.4015553 ] ] ] } },
{ "type": "Feature", "properties": { "linha_id": 10, "comp_m": 0.672, "ini_m": 456.6, "fim_m": 457.272, "faixa_id": 2, "classe": "0.50–1.50 m", "_coa_length_m": 0.672, "_coa_class": "0,50–1,50 m" }, "geometry": { "type": "MultiLineString", "coordinates": [ [ [ -49.5748238, -20.401987 ], [ -49.5748302, -20.4019874 ] ] ] } },
{ "type": "Feature", "properties": { "linha_id": 11, "comp_m": 0.56, "ini_m": 3.16, "fim_m": 3.72, "faixa_id": 2, "classe": "0.50–1.50 m", "_coa_length_m": 0.56, "_coa_class": "0,50–1,50 m" }, "geometry": { "type": "MultiLineString", "coordinates": [ [ [ -49.5704929, -20.4015649 ], [ -49.5704935, -20.4015649 ], [ -49.5704949, -20.401565 ], [ -49.5704963, -20.4015651 ], [ -49.5704977, -20.4015651 ], [ -49.5704983, -20.4015652 ] ] ] } },
{ "type": "Feature", "properties": { "linha_id": 11, "comp_m": 0.88, "ini_m": 4.52, "fim_m": 5.4, "faixa_id": 2, "classe": "0.50–1.50 m", "_coa_length_m": 0.88, "_coa_class": "0,50–1,50 m" }, "geometry": { "type": "MultiLineString", "coordinates": [ [ [ -49.5705059, -20.4015656 ], [ -49.5705061, -20.4015656 ], [ -49.5705075, -20.4015657 ], [ -49.5705089, -20.4015658 ], [ -49.5705103, -20.4015659 ], [ -49.5705117, -20.401566 ], [ -49.5705131, -20.4015661 ], [ -49.5705143, -20.4015662 ] ] ] } },
{ "type": "Feature", "properties": { "linha_id": 11, "comp_m": 0.56, "ini_m": 360.28, "fim_m": 360.84, "faixa_id": 2, "classe": "0.50–1.50 m", "_coa_length_m": 0.56, "_coa_class": "0,50–1,50 m" }, "geometry": { "type": "MultiLineString", "coordinates": [ [ [ -49.5738924, -20.4019083 ], [ -49.5738967, -20.4019089 ], [ -49.5738977, -20.401909 ] ] ] } },
{ "type": "Feature", "properties": { "linha_id": 11, "comp_m": 1.04, "ini_m": 371.0, "fim_m": 372.04, "faixa_id": 2, "classe": "0.50–1.50 m", "_coa_length_m": 1.04, "_coa_class": "0,50–1,50 m" }, "geometry": { "type": "MultiLineString", "coordinates": [ [ [ -49.5739944, -20.4019189 ], [ -49.5739968, -20.4019191 ], [ -49.5740043, -20.40192 ] ] ] } },
{ "type": "Feature", "properties": { "linha_id": 11, "comp_m": 0.72, "ini_m": 398.92, "fim_m": 399.64, "faixa_id": 2, "classe": "0.50–1.50 m", "_coa_length_m": 0.72, "_coa_class": "0,50–1,50 m" }, "geometry": { "type": "MultiLineString", "coordinates": [ [ [ -49.5742605, -20.4019451 ], [ -49.574261, -20.4019452 ], [ -49.5742674, -20.4019459 ] ] ] } },
{ "type": "Feature", "properties": { "linha_id": 11, "comp_m": 1.12, "ini_m": 402.92, "fim_m": 404.04, "faixa_id": 2, "classe": "0.50–1.50 m", "_coa_length_m": 1.12, "_coa_class": "0,50–1,50 m" }, "geometry": { "type": "MultiLineString", "coordinates": [ [ [ -49.5742986, -20.4019493 ], [ -49.5743063, -20.4019501 ], [ -49.5743092, -20.4019504 ] ] ] } },
{ "type": "Feature", "properties": { "linha_id": 11, "comp_m": 0.8, "ini_m": 418.76, "fim_m": 419.56, "faixa_id": 2, "classe": "0.50–1.50 m", "_coa_length_m": 0.8, "_coa_class": "0,50–1,50 m" }, "geometry": { "type": "MultiLineString", "coordinates": [ [ [ -49.5744496, -20.4019638 ], [ -49.5744523, -20.4019641 ], [ -49.5744572, -20.4019646 ] ] ] } },
{ "type": "Feature", "properties": { "linha_id": 11, "comp_m": 0.64, "ini_m": 444.52, "fim_m": 445.16, "faixa_id": 2, "classe": "0.50–1.50 m", "_coa_length_m": 0.64, "_coa_class": "0,50–1,50 m" }, "geometry": { "type": "MultiLineString", "coordinates": [ [ [ -49.5746949, -20.4019892 ], [ -49.5746977, -20.4019896 ], [ -49.5746979, -20.4019893 ], [ -49.5746987, -20.4019894 ], [ -49.5746995, -20.4019894 ], [ -49.5747003, -20.4019895 ], [ -49.5747007, -20.4019896 ] ] ] } },
{ "type": "Feature", "properties": { "linha_id": 11, "comp_m": 1.84, "ini_m": 448.44, "fim_m": 450.28, "faixa_id": 3, "classe": "1.50–3.00 m", "_coa_length_m": 1.84, "_coa_class": "1,50–3,00 m" }, "geometry": { "type": "MultiLineString", "coordinates": [ [ [ -49.5747319, -20.4019935 ], [ -49.5747325, -20.4019936 ], [ -49.5747333, -20.4019937 ], [ -49.5747341, -20.4019938 ], [ -49.5747349, -20.4019939 ], [ -49.5747358, -20.401994 ], [ -49.5747366, -20.4019941 ], [ -49.5747374, -20.4019942 ], [ -49.5747382, -20.4019943 ], [ -49.5747391, -20.4019944 ], [ -49.5747399, -20.4019946 ], [ -49.5747407, -20.4019947 ], [ -49.5747415, -20.4019948 ], [ -49.5747424, -20.4019949 ], [ -49.5747432, -20.401995 ], [ -49.574744, -20.4019951 ], [ -49.5747448, -20.4019952 ], [ -49.5747457, -20.4019953 ], [ -49.5747465, -20.4019954 ], [ -49.5747473, -20.4019955 ], [ -49.5747481, -20.4019956 ], [ -49.574749, -20.4019957 ], [ -49.5747493, -20.4019957 ] ] ] } },
{ "type": "Feature", "properties": { "linha_id": 11, "comp_m": 1.44, "ini_m": 452.76, "fim_m": 454.2, "faixa_id": 2, "classe": "0.50–1.50 m", "_coa_length_m": 1.44, "_coa_class": "0,50–1,50 m" }, "geometry": { "type": "MultiLineString", "coordinates": [ [ [ -49.574773, -20.4019979 ], [ -49.5747731, -20.4019979 ], [ -49.574774, -20.4019979 ], [ -49.5747748, -20.401998 ], [ -49.5747757, -20.401998 ], [ -49.5747765, -20.4019981 ], [ -49.5747774, -20.4019981 ], [ -49.5747782, -20.4019981 ], [ -49.5747791, -20.4019982 ], [ -49.5747799, -20.4019982 ], [ -49.5747806, -20.4019983 ], [ -49.5747813, -20.4019985 ], [ -49.574782, -20.4019988 ], [ -49.5747828, -20.4019991 ], [ -49.5747835, -20.4019994 ], [ -49.5747842, -20.4019996 ], [ -49.574785, -20.4019998 ], [ -49.5747856, -20.402 ], [ -49.5747861, -20.402 ], [ -49.5747865, -20.402 ] ] ] } },
{ "type": "Feature", "properties": { "linha_id": 11, "comp_m": 0.56, "ini_m": 455.08, "fim_m": 455.64, "faixa_id": 2, "classe": "0.50–1.50 m", "_coa_length_m": 0.56, "_coa_class": "0,50–1,50 m" }, "geometry": { "type": "MultiLineString", "coordinates": [ [ [ -49.5747949, -20.4020004 ], [ -49.5747951, -20.4020004 ], [ -49.5747955, -20.4020004 ], [ -49.574796, -20.4020005 ], [ -49.5747964, -20.4020005 ], [ -49.5747969, -20.4020005 ], [ -49.5747973, -20.4020005 ], [ -49.5747978, -20.4020005 ], [ -49.5747982, -20.4020006 ], [ -49.5747987, -20.4020006 ], [ -49.5747991, -20.4020006 ], [ -49.5747996, -20.4020006 ], [ -49.5748, -20.4020006 ], [ -49.5748002, -20.4020007 ] ] ] } },
{ "type": "Feature", "properties": { "linha_id": 12, "comp_m": 0.52, "ini_m": 0.0, "fim_m": 0.52, "faixa_id": 2, "classe": "0.50–1.50 m", "_coa_length_m": 0.52, "_coa_class": "0,50–1,50 m" }, "geometry": { "type": "MultiLineString", "coordinates": [ [ [ -49.5704423, -20.4013975 ], [ -49.5704427, -20.4013975 ], [ -49.5704431, -20.4013974 ], [ -49.5704434, -20.4013974 ], [ -49.5704438, -20.4013974 ], [ -49.5704442, -20.4013973 ], [ -49.5704445, -20.4013973 ], [ -49.5704449, -20.4013973 ], [ -49.5704453, -20.4013973 ], [ -49.5704456, -20.4013973 ], [ -49.570446, -20.4013973 ], [ -49.5704464, -20.4013973 ], [ -49.5704467, -20.4013973 ], [ -49.5704471, -20.4013973 ], [ -49.5704473, -20.4013973 ] ] ] } },
{ "type": "Feature", "properties": { "linha_id": 12, "comp_m": 1.36, "ini_m": 6.04, "fim_m": 7.4, "faixa_id": 2, "classe": "0.50–1.50 m", "_coa_length_m": 1.36, "_coa_class": "0,50–1,50 m" }, "geometry": { "type": "MultiLineString", "coordinates": [ [ [ -49.5704993, -20.4014028 ], [ -49.5705, -20.4014029 ], [ -49.5705123, -20.401404 ] ] ] } },
{ "type": "Feature", "properties": { "linha_id": 12, "comp_m": 0.56, "ini_m": 8.6, "fim_m": 9.16, "faixa_id": 2, "classe": "0.50–1.50 m", "_coa_length_m": 0.56, "_coa_class": "0,50–1,50 m" }, "geometry": { "type": "MultiLineString", "coordinates": [ [ [ -49.5705237, -20.4014051 ], [ -49.5705254, -20.4014053 ], [ -49.5705291, -20.4014057 ] ] ] } },
{ "type": "Feature", "properties": { "linha_id": 12, "comp_m": 0.64, "ini_m": 12.12, "fim_m": 12.76, "faixa_id": 2, "classe": "0.50–1.50 m", "_coa_length_m": 0.64, "_coa_class": "0,50–1,50 m" }, "geometry": { "type": "MultiLineString", "coordinates": [ [ [ -49.5705572, -20.4014086 ], [ -49.5705633, -20.4014093 ] ] ] } },
{ "type": "Feature", "properties": { "linha_id": 12, "comp_m": 0.72, "ini_m": 13.24, "fim_m": 13.96, "faixa_id": 2, "classe": "0.50–1.50 m", "_coa_length_m": 0.72, "_coa_class": "0,50–1,50 m" }, "geometry": { "type": "MultiLineString", "coordinates": [ [ [ -49.5705679, -20.4014097 ], [ -49.5705748, -20.4014105 ] ] ] } },
{ "type": "Feature", "properties": { "linha_id": 12, "comp_m": 0.72, "ini_m": 14.68, "fim_m": 15.4, "faixa_id": 2, "classe": "0.50–1.50 m", "_coa_length_m": 0.72, "_coa_class": "0,50–1,50 m" }, "geometry": { "type": "MultiLineString", "coordinates": [ [ [ -49.5705816, -20.401411 ], [ -49.5705885, -20.4014114 ] ] ] } },
{ "type": "Feature", "properties": { "linha_id": 12, "comp_m": 0.64, "ini_m": 17.8, "fim_m": 18.44, "faixa_id": 2, "classe": "0.50–1.50 m", "_coa_length_m": 0.64, "_coa_class": "0,50–1,50 m" }, "geometry": { "type": "MultiLineString", "coordinates": [ [ [ -49.5706114, -20.4014137 ], [ -49.5706175, -20.4014145 ] ] ] } },
{ "type": "Feature", "properties": { "linha_id": 12, "comp_m": 0.64, "ini_m": 374.92, "fim_m": 375.56, "faixa_id": 2, "classe": "0.50–1.50 m", "_coa_length_m": 0.64, "_coa_class": "0,50–1,50 m" }, "geometry": { "type": "MultiLineString", "coordinates": [ [ [ -49.5740133, -20.4017574 ], [ -49.5740194, -20.4017581 ] ] ] } },
{ "type": "Feature", "properties": { "linha_id": 12, "comp_m": 0.56, "ini_m": 383.48, "fim_m": 384.04, "faixa_id": 2, "classe": "0.50–1.50 m", "_coa_length_m": 0.56, "_coa_class": "0,50–1,50 m" }, "geometry": { "type": "MultiLineString", "coordinates": [ [ [ -49.5740949, -20.4017655 ], [ -49.5741002, -20.4017662 ] ] ] } },
{ "type": "Feature", "properties": { "linha_id": 12, "comp_m": 0.88, "ini_m": 430.04, "fim_m": 430.92, "faixa_id": 2, "classe": "0.50–1.50 m", "_coa_length_m": 0.88, "_coa_class": "0,50–1,50 m" }, "geometry": { "type": "MultiLineString", "coordinates": [ [ [ -49.5745385, -20.4018095 ], [ -49.5745438, -20.4018101 ], [ -49.5745469, -20.4018104 ] ] ] } },
{ "type": "Feature", "properties": { "linha_id": 12, "comp_m": 0.64, "ini_m": 437.4, "fim_m": 438.04, "faixa_id": 2, "classe": "0.50–1.50 m", "_coa_length_m": 0.64, "_coa_class": "0,50–1,50 m" }, "geometry": { "type": "MultiLineString", "coordinates": [ [ [ -49.5746086, -20.4018167 ], [ -49.5746133, -20.4018172 ], [ -49.5746147, -20.4018173 ] ] ] } },
{ "type": "Feature", "properties": { "linha_id": 14, "comp_m": 1.04, "ini_m": 6.36, "fim_m": 7.4, "faixa_id": 2, "classe": "0.50–1.50 m", "_coa_length_m": 1.04, "_coa_class": "0,50–1,50 m" }, "geometry": { "type": "MultiLineString", "coordinates": [ [ [ -49.5705243, -20.4014438 ], [ -49.5705246, -20.4014439 ], [ -49.5705254, -20.4014439 ], [ -49.5705261, -20.4014439 ], [ -49.5705268, -20.4014439 ], [ -49.5705276, -20.4014439 ], [ -49.5705283, -20.4014439 ], [ -49.570529, -20.4014439 ], [ -49.5705297, -20.4014439 ], [ -49.5705305, -20.4014439 ], [ -49.5705312, -20.4014439 ], [ -49.5705319, -20.4014439 ], [ -49.5705326, -20.4014439 ], [ -49.5705334, -20.4014439 ], [ -49.5705341, -20.4014439 ], [ -49.5705342, -20.4014439 ] ] ] } },
{ "type": "Feature", "properties": { "linha_id": 14, "comp_m": 1.6, "ini_m": 7.88, "fim_m": 9.48, "faixa_id": 3, "classe": "1.50–3.00 m", "_coa_length_m": 1.6, "_coa_class": "1,50–3,00 m" }, "geometry": { "type": "MultiLineString", "coordinates": [ [ [ -49.5705386, -20.401445 ], [ -49.570539, -20.4014451 ], [ -49.5705404, -20.4014458 ], [ -49.5705419, -20.4014464 ], [ -49.5705433, -20.401447 ], [ -49.5705447, -20.4014475 ], [ -49.570546, -20.4014478 ], [ -49.5705508, -20.4014481 ], [ -49.5705533, -20.4014483 ] ] ] } },
{ "type": "Feature", "properties": { "linha_id": 14, "comp_m": 0.72, "ini_m": 10.6, "fim_m": 11.32, "faixa_id": 2, "classe": "0.50–1.50 m", "_coa_length_m": 0.72, "_coa_class": "0,50–1,50 m" }, "geometry": { "type": "MultiLineString", "coordinates": [ [ [ -49.570564, -20.4014492 ], [ -49.570565, -20.4014493 ], [ -49.5705697, -20.4014497 ], [ -49.5705709, -20.4014498 ] ] ] } },
{ "type": "Feature", "properties": { "linha_id": 14, "comp_m": 0.88, "ini_m": 12.04, "fim_m": 12.92, "faixa_id": 2, "classe": "0.50–1.50 m", "_coa_length_m": 0.88, "_coa_class": "0,50–1,50 m" }, "geometry": { "type": "MultiLineString", "coordinates": [ [ [ -49.5705778, -20.4014504 ], [ -49.5705792, -20.4014506 ], [ -49.5705839, -20.401451 ], [ -49.5705862, -20.4014512 ] ] ] } },
{ "type": "Feature", "properties": { "linha_id": 14, "comp_m": 0.8, "ini_m": 20.76, "fim_m": 21.56, "faixa_id": 2, "classe": "0.50–1.50 m", "_coa_length_m": 0.8, "_coa_class": "0,50–1,50 m" }, "geometry": { "type": "MultiLineString", "coordinates": [ [ [ -49.5706608, -20.4014591 ], [ -49.5706636, -20.4014594 ], [ -49.5706683, -20.4014598 ], [ -49.5706684, -20.4014599 ] ] ] } },
{ "type": "Feature", "properties": { "linha_id": 14, "comp_m": 2.32, "ini_m": 22.6, "fim_m": 24.92, "faixa_id": 3, "classe": "1.50–3.00 m", "_coa_length_m": 2.32, "_coa_class": "1,50–3,00 m" }, "geometry": { "type": "MultiLineString", "coordinates": [ [ [ -49.5706784, -20.4014608 ], [ -49.5706824, -20.4014613 ], [ -49.5706871, -20.4014617 ], [ -49.5706918, -20.4014622 ], [ -49.5706965, -20.4014626 ], [ -49.5707005, -20.401463 ] ] ] } },
{ "type": "Feature", "properties": { "linha_id": 14, "comp_m": 0.88, "ini_m": 25.64, "fim_m": 26.52, "faixa_id": 2, "classe": "0.50–1.50 m", "_coa_length_m": 0.88, "_coa_class": "0,50–1,50 m" }, "geometry": { "type": "MultiLineString", "coordinates": [ [ [ -49.5707073, -20.4014637 ], [ -49.5707107, -20.401464 ], [ -49.5707154, -20.4014644 ], [ -49.5707157, -20.4014645 ] ] ] } },
{ "type": "Feature", "properties": { "linha_id": 14, "comp_m": 0.64, "ini_m": 27.56, "fim_m": 28.2, "faixa_id": 2, "classe": "0.50–1.50 m", "_coa_length_m": 0.64, "_coa_class": "0,50–1,50 m" }, "geometry": { "type": "MultiLineString", "coordinates": [ [ [ -49.5707256, -20.4014654 ], [ -49.5707295, -20.4014658 ], [ -49.5707317, -20.401466 ] ] ] } },
{ "type": "Feature", "properties": { "linha_id": 14, "comp_m": 0.56, "ini_m": 30.04, "fim_m": 30.6, "faixa_id": 2, "classe": "0.50–1.50 m", "_coa_length_m": 0.56, "_coa_class": "0,50–1,50 m" }, "geometry": { "type": "MultiLineString", "coordinates": [ [ [ -49.5707493, -20.4014677 ], [ -49.570753, -20.4014681 ], [ -49.5707546, -20.4014682 ] ] ] } },
{ "type": "Feature", "properties": { "linha_id": 14, "comp_m": 1.28, "ini_m": 91.72, "fim_m": 93.0, "faixa_id": 2, "classe": "0.50–1.50 m", "_coa_length_m": 1.28, "_coa_class": "0,50–1,50 m" }, "geometry": { "type": "MultiLineString", "coordinates": [ [ [ -49.5713362, -20.4015273 ], [ -49.5713451, -20.4015284 ], [ -49.5713483, -20.4015289 ] ] ] } },
{ "type": "Feature", "properties": { "linha_id": 14, "comp_m": 0.56, "ini_m": 94.84, "fim_m": 95.4, "faixa_id": 2, "classe": "0.50–1.50 m", "_coa_length_m": 0.56, "_coa_class": "0,50–1,50 m" }, "geometry": { "type": "MultiLineString", "coordinates": [ [ [ -49.5713658, -20.4015312 ], [ -49.5713711, -20.4015317 ] ] ] } },
{ "type": "Feature", "properties": { "linha_id": 14, "comp_m": 0.56, "ini_m": 126.84, "fim_m": 127.4, "faixa_id": 2, "classe": "0.50–1.50 m", "_coa_length_m": 0.56, "_coa_class": "0,50–1,50 m" }, "geometry": { "type": "MultiLineString", "coordinates": [ [ [ -49.5716707, -20.4015612 ], [ -49.5716757, -20.4015619 ], [ -49.571676, -20.4015619 ] ] ] } },
{ "type": "Feature", "properties": { "linha_id": 14, "comp_m": 1.2, "ini_m": 326.6, "fim_m": 327.8, "faixa_id": 2, "classe": "0.50–1.50 m", "_coa_length_m": 1.2, "_coa_class": "0,50–1,50 m" }, "geometry": { "type": "MultiLineString", "coordinates": [ [ [ -49.5735736, -20.4017533 ], [ -49.5735784, -20.401754 ], [ -49.573585, -20.4017546 ] ] ] } },
{ "type": "Feature", "properties": { "linha_id": 14, "comp_m": 0.96, "ini_m": 431.96, "fim_m": 432.92, "faixa_id": 2, "classe": "0.50–1.50 m", "_coa_length_m": 0.96, "_coa_class": "0,50–1,50 m" }, "geometry": { "type": "MultiLineString", "coordinates": [ [ [ -49.5745773, -20.401854 ], [ -49.5745864, -20.401855 ] ] ] } },
{ "type": "Feature", "properties": { "linha_id": 15, "comp_m": 1.2, "ini_m": 0.76, "fim_m": 1.96, "faixa_id": 2, "classe": "0.50–1.50 m", "_coa_length_m": 1.2, "_coa_class": "0,50–1,50 m" }, "geometry": { "type": "MultiLineString", "coordinates": [ [ [ -49.5704799, -20.4014822 ], [ -49.57048, -20.4014822 ], [ -49.5704804, -20.4014822 ], [ -49.5704809, -20.4014822 ], [ -49.5704814, -20.4014822 ], [ -49.5704819, -20.4014823 ], [ -49.5704824, -20.4014823 ], [ -49.5704829, -20.4014823 ], [ -49.5704834, -20.4014824 ], [ -49.5704839, -20.4014824 ], [ -49.5704843, -20.4014824 ], [ -49.5704848, -20.4014825 ], [ -49.5704853, -20.4014825 ], [ -49.5704858, -20.4014825 ], [ -49.5704863, -20.4014826 ], [ -49.5704868, -20.4014826 ], [ -49.5704873, -20.4014826 ], [ -49.5704877, -20.4014827 ], [ -49.5704882, -20.4014827 ], [ -49.5704887, -20.4014828 ], [ -49.5704892, -20.4014828 ], [ -49.5704897, -20.4014828 ], [ -49.5704902, -20.4014829 ], [ -49.5704907, -20.4014829 ], [ -49.5704911, -20.401483 ], [ -49.5704913, -20.401483 ] ] ] } },
{ "type": "Feature", "properties": { "linha_id": 15, "comp_m": 0.88, "ini_m": 7.32, "fim_m": 8.2, "faixa_id": 2, "classe": "0.50–1.50 m", "_coa_length_m": 0.88, "_coa_class": "0,50–1,50 m" }, "geometry": { "type": "MultiLineString", "coordinates": [ [ [ -49.5705421, -20.4014882 ], [ -49.5705453, -20.4014884 ], [ -49.5705495, -20.4014888 ], [ -49.5705505, -20.4014888 ] ] ] } },
{ "type": "Feature", "properties": { "linha_id": 15, "comp_m": 1.04, "ini_m": 21.64, "fim_m": 22.68, "faixa_id": 2, "classe": "0.50–1.50 m", "_coa_length_m": 1.04, "_coa_class": "0,50–1,50 m" }, "geometry": { "type": "MultiLineString", "coordinates": [ [ [ -49.5706784, -20.4015024 ], [ -49.5706813, -20.4015027 ], [ -49.5706855, -20.4015031 ], [ -49.5706883, -20.4015034 ] ] ] } },
{ "type": "Feature", "properties": { "linha_id": 15, "comp_m": 1.36, "ini_m": 42.52, "fim_m": 43.88, "faixa_id": 2, "classe": "0.50–1.50 m", "_coa_length_m": 1.36, "_coa_class": "0,50–1,50 m" }, "geometry": { "type": "MultiLineString", "coordinates": [ [ [ -49.5708774, -20.4015222 ], [ -49.5708796, -20.4015224 ], [ -49.5708837, -20.4015229 ], [ -49.5708879, -20.4015233 ], [ -49.5708903, -20.4015236 ] ] ] } },
{ "type": "Feature", "properties": { "linha_id": 15, "comp_m": 1.2, "ini_m": 110.36, "fim_m": 111.56, "faixa_id": 2, "classe": "0.50–1.50 m", "_coa_length_m": 1.2, "_coa_class": "0,50–1,50 m" }, "geometry": { "type": "MultiLineString", "coordinates": [ [ [ -49.5715235, -20.4015874 ], [ -49.5715252, -20.4015876 ], [ -49.5715334, -20.4015888 ], [ -49.5715349, -20.401589 ] ] ] } },
{ "type": "Feature", "properties": { "linha_id": 15, "comp_m": 0.72, "ini_m": 189.48, "fim_m": 190.2, "faixa_id": 2, "classe": "0.50–1.50 m", "_coa_length_m": 0.72, "_coa_class": "0,50–1,50 m" }, "geometry": { "type": "MultiLineString", "coordinates": [ [ [ -49.5722762, -20.4016641 ], [ -49.5722804, -20.4016645 ], [ -49.5722831, -20.4016648 ] ] ] } },
{ "type": "Feature", "properties": { "linha_id": 15, "comp_m": 0.64, "ini_m": 226.36, "fim_m": 227.0, "faixa_id": 2, "classe": "0.50–1.50 m", "_coa_length_m": 0.64, "_coa_class": "0,50–1,50 m" }, "geometry": { "type": "MultiLineString", "coordinates": [ [ [ -49.5726276, -20.4016996 ], [ -49.5726337, -20.4017002 ] ] ] } },
{ "type": "Feature", "properties": { "linha_id": 15, "comp_m": 0.64, "ini_m": 262.12, "fim_m": 262.76, "faixa_id": 2, "classe": "0.50–1.50 m", "_coa_length_m": 0.64, "_coa_class": "0,50–1,50 m" }, "geometry": { "type": "MultiLineString", "coordinates": [ [ [ -49.5729682, -20.401734 ], [ -49.5729693, -20.4017341 ], [ -49.5729743, -20.4017346 ] ] ] } },
{ "type": "Feature", "properties": { "linha_id": 15, "comp_m": 0.8, "ini_m": 323.88, "fim_m": 324.68, "faixa_id": 2, "classe": "0.50–1.50 m", "_coa_length_m": 0.8, "_coa_class": "0,50–1,50 m" }, "geometry": { "type": "MultiLineString", "coordinates": [ [ [ -49.5735565, -20.4017931 ], [ -49.5735587, -20.4017933 ], [ -49.5735641, -20.4017939 ] ] ] } },
{ "type": "Feature", "properties": { "linha_id": 15, "comp_m": 1.6, "ini_m": 325.32, "fim_m": 326.92, "faixa_id": 3, "classe": "1.50–3.00 m", "_coa_length_m": 1.6, "_coa_class": "1,50–3,00 m" }, "geometry": { "type": "MultiLineString", "coordinates": [ [ [ -49.5735702, -20.4017945 ], [ -49.5735735, -20.4017949 ], [ -49.573581, -20.4017957 ], [ -49.5735854, -20.4017962 ] ] ] } },
{ "type": "Feature", "properties": { "linha_id": 15, "comp_m": 0.56, "ini_m": 336.28, "fim_m": 336.84, "faixa_id": 2, "classe": "0.50–1.50 m", "_coa_length_m": 0.56, "_coa_class": "0,50–1,50 m" }, "geometry": { "type": "MultiLineString", "coordinates": [ [ [ -49.5736746, -20.4018053 ], [ -49.5736777, -20.4018056 ], [ -49.5736799, -20.4018058 ] ] ] } },
{ "type": "Feature", "properties": { "linha_id": 15, "comp_m": 0.88, "ini_m": 342.76, "fim_m": 343.64, "faixa_id": 2, "classe": "0.50–1.50 m", "_coa_length_m": 0.88, "_coa_class": "0,50–1,50 m" }, "geometry": { "type": "MultiLineString", "coordinates": [ [ [ -49.5737364, -20.401811 ], [ -49.5737375, -20.4018111 ], [ -49.5737448, -20.4018118 ] ] ] } },
{ "type": "Feature", "properties": { "linha_id": 15, "comp_m": 0.72, "ini_m": 371.48, "fim_m": 372.2, "faixa_id": 2, "classe": "0.50–1.50 m", "_coa_length_m": 0.72, "_coa_class": "0,50–1,50 m" }, "geometry": { "type": "MultiLineString", "coordinates": [ [ [ -49.574009, -20.401839 ], [ -49.5740113, -20.4018392 ], [ -49.5740159, -20.4018397 ] ] ] } },
{ "type": "Feature", "properties": { "linha_id": 15, "comp_m": 0.64, "ini_m": 395.4, "fim_m": 396.04, "faixa_id": 2, "classe": "0.50–1.50 m", "_coa_length_m": 0.64, "_coa_class": "0,50–1,50 m" }, "geometry": { "type": "MultiLineString", "coordinates": [ [ [ -49.5742371, -20.4018607 ], [ -49.5742432, -20.4018613 ] ] ] } },
{ "type": "Feature", "properties": { "linha_id": 15, "comp_m": 1.12, "ini_m": 398.84, "fim_m": 399.96, "faixa_id": 2, "classe": "0.50–1.50 m", "_coa_length_m": 1.12, "_coa_class": "0,50–1,50 m" }, "geometry": { "type": "MultiLineString", "coordinates": [ [ [ -49.5742698, -20.4018642 ], [ -49.5742768, -20.4018649 ], [ -49.5742805, -20.4018653 ] ] ] } },
{ "type": "Feature", "properties": { "linha_id": 15, "comp_m": 0.88, "ini_m": 443.24, "fim_m": 444.12, "faixa_id": 2, "classe": "0.50–1.50 m", "_coa_length_m": 0.88, "_coa_class": "0,50–1,50 m" }, "geometry": { "type": "MultiLineString", "coordinates": [ [ [ -49.5746928, -20.4019072 ], [ -49.5746991, -20.4019076 ], [ -49.5746988, -20.4019081 ], [ -49.5747002, -20.4019083 ], [ -49.5747003, -20.4019083 ] ] ] } },
{ "type": "Feature", "properties": { "linha_id": 16, "comp_m": 2.0, "ini_m": 0.2, "fim_m": 2.2, "faixa_id": 3, "classe": "1.50–3.00 m", "_coa_length_m": 2.0, "_coa_class": "1,50–3,00 m" }, "geometry": { "type": "MultiLineString", "coordinates": [ [ [ -49.5704492, -20.4015072 ], [ -49.5704683, -20.4015084 ] ] ] } },
{ "type": "Feature", "properties": { "linha_id": 16, "comp_m": 0.56, "ini_m": 3.64, "fim_m": 4.2, "faixa_id": 2, "classe": "0.50–1.50 m", "_coa_length_m": 0.56, "_coa_class": "0,50–1,50 m" }, "geometry": { "type": "MultiLineString", "coordinates": [ [ [ -49.5704821, -20.4015093 ], [ -49.5704869, -20.4015096 ], [ -49.5704875, -20.4015097 ] ] ] } },
{ "type": "Feature", "properties": { "linha_id": 16, "comp_m": 0.88, "ini_m": 31.48, "fim_m": 32.36, "faixa_id": 2, "classe": "0.50–1.50 m", "_coa_length_m": 0.88, "_coa_class": "0,50–1,50 m" }, "geometry": { "type": "MultiLineString", "coordinates": [ [ [ -49.5707475, -20.4015347 ], [ -49.5707558, -20.4015356 ] ] ] } },
{ "type": "Feature", "properties": { "linha_id": 16, "comp_m": 0.64, "ini_m": 56.2, "fim_m": 56.84, "faixa_id": 2, "classe": "0.50–1.50 m", "_coa_length_m": 0.64, "_coa_class": "0,50–1,50 m" }, "geometry": { "type": "MultiLineString", "coordinates": [ [ [ -49.5709827, -20.40156 ], [ -49.5709888, -20.4015608 ] ] ] } },
{ "type": "Feature", "properties": { "linha_id": 16, "comp_m": 0.72, "ini_m": 118.6, "fim_m": 119.32, "faixa_id": 2, "classe": "0.50–1.50 m", "_coa_length_m": 0.72, "_coa_class": "0,50–1,50 m" }, "geometry": { "type": "MultiLineString", "coordinates": [ [ [ -49.5715771, -20.4016207 ], [ -49.5715824, -20.4016213 ], [ -49.5715839, -20.4016214 ] ] ] } },
{ "type": "Feature", "properties": { "linha_id": 16, "comp_m": 0.64, "ini_m": 159.96, "fim_m": 160.6, "faixa_id": 2, "classe": "0.50–1.50 m", "_coa_length_m": 0.64, "_coa_class": "0,50–1,50 m" }, "geometry": { "type": "MultiLineString", "coordinates": [ [ [ -49.5719711, -20.4016606 ], [ -49.5719772, -20.4016612 ] ] ] } },
{ "type": "Feature", "properties": { "linha_id": 16, "comp_m": 0.64, "ini_m": 175.32, "fim_m": 175.96, "faixa_id": 2, "classe": "0.50–1.50 m", "_coa_length_m": 0.64, "_coa_class": "0,50–1,50 m" }, "geometry": { "type": "MultiLineString", "coordinates": [ [ [ -49.5721174, -20.4016755 ], [ -49.5721235, -20.4016762 ] ] ] } },
{ "type": "Feature", "properties": { "linha_id": 16, "comp_m": 1.04, "ini_m": 318.6, "fim_m": 319.64, "faixa_id": 2, "classe": "0.50–1.50 m", "_coa_length_m": 1.04, "_coa_class": "0,50–1,50 m" }, "geometry": { "type": "MultiLineString", "coordinates": [ [ [ -49.5734818, -20.4018126 ], [ -49.5734901, -20.4018136 ], [ -49.5734917, -20.4018138 ] ] ] } },
{ "type": "Feature", "properties": { "linha_id": 16, "comp_m": 0.88, "ini_m": 330.12, "fim_m": 331.0, "faixa_id": 2, "classe": "0.50–1.50 m", "_coa_length_m": 0.88, "_coa_class": "0,50–1,50 m" }, "geometry": { "type": "MultiLineString", "coordinates": [ [ [ -49.5735916, -20.4018232 ], [ -49.5736, -20.4018241 ] ] ] } },
{ "type": "Feature", "properties": { "linha_id": 16, "comp_m": 0.64, "ini_m": 346.36, "fim_m": 347.0, "faixa_id": 2, "classe": "0.50–1.50 m", "_coa_length_m": 0.64, "_coa_class": "0,50–1,50 m" }, "geometry": { "type": "MultiLineString", "coordinates": [ [ [ -49.5737462, -20.4018395 ], [ -49.5737523, -20.4018402 ] ] ] } },
{ "type": "Feature", "properties": { "linha_id": 16, "comp_m": 0.72, "ini_m": 347.64, "fim_m": 348.36, "faixa_id": 2, "classe": "0.50–1.50 m", "_coa_length_m": 0.72, "_coa_class": "0,50–1,50 m" }, "geometry": { "type": "MultiLineString", "coordinates": [ [ [ -49.5737584, -20.4018411 ], [ -49.5737652, -20.401842 ] ] ] } },
{ "type": "Feature", "properties": { "linha_id": 16, "comp_m": 0.64, "ini_m": 416.36, "fim_m": 417.0, "faixa_id": 2, "classe": "0.50–1.50 m", "_coa_length_m": 0.64, "_coa_class": "0,50–1,50 m" }, "geometry": { "type": "MultiLineString", "coordinates": [ [ [ -49.5744131, -20.401906 ], [ -49.5744174, -20.4019065 ], [ -49.5744192, -20.4019066 ] ] ] } },
{ "type": "Feature", "properties": { "linha_id": 16, "comp_m": 1.92, "ini_m": 447.16, "fim_m": 449.08, "faixa_id": 3, "classe": "1.50–3.00 m", "_coa_length_m": 1.92, "_coa_class": "1,50–3,00 m" }, "geometry": { "type": "MultiLineString", "coordinates": [ [ [ -49.5747063, -20.4019359 ], [ -49.5747073, -20.401936 ], [ -49.5747088, -20.4019361 ], [ -49.5747102, -20.4019363 ], [ -49.5747116, -20.4019364 ], [ -49.5747131, -20.4019366 ], [ -49.5747145, -20.4019367 ], [ -49.5747159, -20.4019369 ], [ -49.5747173, -20.401937 ], [ -49.5747188, -20.4019372 ], [ -49.5747202, -20.4019373 ], [ -49.5747216, -20.4019375 ], [ -49.5747231, -20.4019376 ], [ -49.5747245, -20.4019378 ], [ -49.5747246, -20.4019378 ] ] ] } },
{ "type": "Feature", "properties": { "linha_id": 17, "comp_m": 1.12, "ini_m": 40.92, "fim_m": 42.04, "faixa_id": 2, "classe": "0.50–1.50 m", "_coa_length_m": 1.12, "_coa_class": "0,50–1,50 m" }, "geometry": { "type": "MultiLineString", "coordinates": [ [ [ -49.5708213, -20.4011079 ], [ -49.5708292, -20.4011087 ], [ -49.570832, -20.401109 ] ] ] } },
{ "type": "Feature", "properties": { "linha_id": 17, "comp_m": 0.72, "ini_m": 326.04, "fim_m": 326.76, "faixa_id": 2, "classe": "0.50–1.50 m", "_coa_length_m": 0.72, "_coa_class": "0,50–1,50 m" }, "geometry": { "type": "MultiLineString", "coordinates": [ [ [ -49.5735363, -20.4013823 ], [ -49.5735403, -20.4013827 ], [ -49.5735432, -20.401383 ] ] ] } },
{ "type": "Feature", "properties": { "linha_id": 17, "comp_m": 0.64, "ini_m": 453.56, "fim_m": 454.2, "faixa_id": 2, "classe": "0.50–1.50 m", "_coa_length_m": 0.64, "_coa_class": "0,50–1,50 m" }, "geometry": { "type": "MultiLineString", "coordinates": [ [ [ -49.5747509, -20.4015031 ], [ -49.5747509, -20.4015031 ], [ -49.5747523, -20.4015032 ], [ -49.5747536, -20.4015033 ], [ -49.5747549, -20.4015035 ], [ -49.5747563, -20.4015036 ], [ -49.574757, -20.4015037 ] ] ] } },
{ "type": "Feature", "properties": { "linha_id": 18, "comp_m": 0.52, "ini_m": 0.0, "fim_m": 0.52, "faixa_id": 2, "classe": "0.50–1.50 m", "_coa_length_m": 0.52, "_coa_class": "0,50–1,50 m" }, "geometry": { "type": "MultiLineString", "coordinates": [ [ [ -49.5704479, -20.4014124 ], [ -49.5704529, -20.4014124 ] ] ] } },
{ "type": "Feature", "properties": { "linha_id": 18, "comp_m": 8.08, "ini_m": 6.76, "fim_m": 14.84, "faixa_id": 5, "classe": "≥ 5.00 m", "_coa_length_m": 8.081, "_coa_class": ">= 5,00 m" }, "geometry": { "type": "MultiLineString", "coordinates": [ [ [ -49.5705123, -20.4014178 ], [ -49.5705133, -20.4014179 ], [ -49.5705214, -20.4014189 ], [ -49.5705296, -20.4014197 ], [ -49.5705378, -20.4014205 ], [ -49.570546, -20.4014213 ], [ -49.5705542, -20.401422 ], [ -49.5705623, -20.4014227 ], [ -49.5705705, -20.4014234 ], [ -49.5705787, -20.4014241 ], [ -49.5705869, -20.4014248 ], [ -49.5705894, -20.401425 ] ] ] } },
{ "type": "Feature", "properties": { "linha_id": 18, "comp_m": 0.56, "ini_m": 31.72, "fim_m": 32.28, "faixa_id": 2, "classe": "0.50–1.50 m", "_coa_length_m": 0.56, "_coa_class": "0,50–1,50 m" }, "geometry": { "type": "MultiLineString", "coordinates": [ [ [ -49.5707502, -20.4014411 ], [ -49.5707506, -20.4014411 ], [ -49.5707556, -20.4014416 ] ] ] } },
{ "type": "Feature", "properties": { "linha_id": 18, "comp_m": 0.88, "ini_m": 113.72, "fim_m": 114.6, "faixa_id": 2, "classe": "0.50–1.50 m", "_coa_length_m": 0.88, "_coa_class": "0,50–1,50 m" }, "geometry": { "type": "MultiLineString", "coordinates": [ [ [ -49.5715309, -20.4015202 ], [ -49.5715336, -20.4015205 ], [ -49.5715393, -20.4015211 ] ] ] } },
{ "type": "Feature", "properties": { "linha_id": 18, "comp_m": 0.64, "ini_m": 296.28, "fim_m": 296.92, "faixa_id": 2, "classe": "0.50–1.50 m", "_coa_length_m": 0.64, "_coa_class": "0,50–1,50 m" }, "geometry": { "type": "MultiLineString", "coordinates": [ [ [ -49.573269, -20.4016967 ], [ -49.5732726, -20.401697 ], [ -49.5732751, -20.4016972 ] ] ] } },
{ "type": "Feature", "properties": { "linha_id": 18, "comp_m": 0.72, "ini_m": 352.2, "fim_m": 352.92, "faixa_id": 2, "classe": "0.50–1.50 m", "_coa_length_m": 0.72, "_coa_class": "0,50–1,50 m" }, "geometry": { "type": "MultiLineString", "coordinates": [ [ [ -49.5738017, -20.4017496 ], [ -49.5738085, -20.4017502 ] ] ] } },
{ "type": "Feature", "properties": { "linha_id": 18, "comp_m": 0.56, "ini_m": 359.4, "fim_m": 359.96, "faixa_id": 2, "classe": "0.50–1.50 m", "_coa_length_m": 0.56, "_coa_class": "0,50–1,50 m" }, "geometry": { "type": "MultiLineString", "coordinates": [ [ [ -49.5738703, -20.4017561 ], [ -49.5738725, -20.4017563 ], [ -49.5738757, -20.4017566 ] ] ] } },
{ "type": "Feature", "properties": { "linha_id": 18, "comp_m": 0.72, "ini_m": 381.96, "fim_m": 382.68, "faixa_id": 2, "classe": "0.50–1.50 m", "_coa_length_m": 0.72, "_coa_class": "0,50–1,50 m" }, "geometry": { "type": "MultiLineString", "coordinates": [ [ [ -49.5740853, -20.4017774 ], [ -49.5740906, -20.4017779 ], [ -49.5740921, -20.4017781 ] ] ] } },
{ "type": "Feature", "properties": { "linha_id": 18, "comp_m": 0.64, "ini_m": 414.6, "fim_m": 415.24, "faixa_id": 2, "classe": "0.50–1.50 m", "_coa_length_m": 0.64, "_coa_class": "0,50–1,50 m" }, "geometry": { "type": "MultiLineString", "coordinates": [ [ [ -49.5743963, -20.4018084 ], [ -49.5743996, -20.4018088 ], [ -49.5744024, -20.4018091 ] ] ] } },
{ "type": "Feature", "properties": { "linha_id": 18, "comp_m": 1.04, "ini_m": 419.96, "fim_m": 421.0, "faixa_id": 2, "classe": "0.50–1.50 m", "_coa_length_m": 1.04, "_coa_class": "0,50–1,50 m" }, "geometry": { "type": "MultiLineString", "coordinates": [ [ [ -49.5744473, -20.4018137 ], [ -49.5744541, -20.4018142 ], [ -49.5744572, -20.4018145 ] ] ] } },
{ "type": "Feature", "properties": { "linha_id": 18, "comp_m": 0.72, "ini_m": 428.04, "fim_m": 428.76, "faixa_id": 2, "classe": "0.50–1.50 m", "_coa_length_m": 0.72, "_coa_class": "0,50–1,50 m" }, "geometry": { "type": "MultiLineString", "coordinates": [ [ [ -49.5745242, -20.401822 ], [ -49.5745264, -20.4018222 ], [ -49.574531, -20.4018227 ] ] ] } },
{ "type": "Feature", "properties": { "linha_id": 18, "comp_m": 0.56, "ini_m": 435.96, "fim_m": 436.52, "faixa_id": 2, "classe": "0.50–1.50 m", "_coa_length_m": 0.56, "_coa_class": "0,50–1,50 m" }, "geometry": { "type": "MultiLineString", "coordinates": [ [ [ -49.5745996, -20.4018297 ], [ -49.574605, -20.4018301 ] ] ] } },
{ "type": "Feature", "properties": { "linha_id": 18, "comp_m": 0.56, "ini_m": 437.0, "fim_m": 437.56, "faixa_id": 2, "classe": "0.50–1.50 m", "_coa_length_m": 0.56, "_coa_class": "0,50–1,50 m" }, "geometry": { "type": "MultiLineString", "coordinates": [ [ [ -49.5746096, -20.4018304 ], [ -49.5746149, -20.4018307 ] ] ] } },
{ "type": "Feature", "properties": { "linha_id": 18, "comp_m": 0.88, "ini_m": 439.72, "fim_m": 440.6, "faixa_id": 2, "classe": "0.50–1.50 m", "_coa_length_m": 0.88, "_coa_class": "0,50–1,50 m" }, "geometry": { "type": "MultiLineString", "coordinates": [ [ [ -49.5746355, -20.4018328 ], [ -49.5746357, -20.4018328 ], [ -49.5746379, -20.4018331 ], [ -49.5746402, -20.4018333 ], [ -49.5746425, -20.4018335 ], [ -49.5746439, -20.4018337 ] ] ] } },
{ "type": "Feature", "properties": { "linha_id": 19, "comp_m": 1.68, "ini_m": 2.2, "fim_m": 3.88, "faixa_id": 3, "classe": "1.50–3.00 m", "_coa_length_m": 1.68, "_coa_class": "1,50–3,00 m" }, "geometry": { "type": "MultiLineString", "coordinates": [ [ [ -49.5704774, -20.4013052 ], [ -49.5704778, -20.4013052 ], [ -49.5704801, -20.4013053 ], [ -49.5704825, -20.4013054 ], [ -49.5704849, -20.4013055 ], [ -49.5704872, -20.4013056 ], [ -49.5704896, -20.4013057 ], [ -49.5704919, -20.4013058 ], [ -49.5704935, -20.4013058 ] ] ] } },
{ "type": "Feature", "properties": { "linha_id": 19, "comp_m": 0.88, "ini_m": 4.76, "fim_m": 5.64, "faixa_id": 2, "classe": "0.50–1.50 m", "_coa_length_m": 0.88, "_coa_class": "0,50–1,50 m" }, "geometry": { "type": "MultiLineString", "coordinates": [ [ [ -49.5705019, -20.4013063 ], [ -49.5705036, -20.4013064 ], [ -49.570506, -20.4013065 ], [ -49.5705083, -20.4013067 ], [ -49.5705103, -20.4013068 ] ] ] } },
{ "type": "Feature", "properties": { "linha_id": 19, "comp_m": 0.8, "ini_m": 39.0, "fim_m": 39.8, "faixa_id": 2, "classe": "0.50–1.50 m", "_coa_length_m": 0.8, "_coa_class": "0,50–1,50 m" }, "geometry": { "type": "MultiLineString", "coordinates": [ [ [ -49.570828, -20.4013396 ], [ -49.5708296, -20.4013398 ], [ -49.5708356, -20.4013402 ] ] ] } },
{ "type": "Feature", "properties": { "linha_id": 19, "comp_m": 1.04, "ini_m": 72.28, "fim_m": 73.32, "faixa_id": 2, "classe": "0.50–1.50 m", "_coa_length_m": 1.04, "_coa_class": "0,50–1,50 m" }, "geometry": { "type": "MultiLineString", "coordinates": [ [ [ -49.571145, -20.4013714 ], [ -49.5711484, -20.4013717 ], [ -49.5711549, -20.4013723 ] ] ] } },
{ "type": "Feature", "properties": { "linha_id": 19, "comp_m": 0.72, "ini_m": 78.76, "fim_m": 79.48, "faixa_id": 2, "classe": "0.50–1.50 m", "_coa_length_m": 0.72, "_coa_class": "0,50–1,50 m" }, "geometry": { "type": "MultiLineString", "coordinates": [ [ [ -49.5712067, -20.4013781 ], [ -49.5712135, -20.4013788 ] ] ] } },
{ "type": "Feature", "properties": { "linha_id": 19, "comp_m": 0.56, "ini_m": 86.68, "fim_m": 87.24, "faixa_id": 2, "classe": "0.50–1.50 m", "_coa_length_m": 0.56, "_coa_class": "0,50–1,50 m" }, "geometry": { "type": "MultiLineString", "coordinates": [ [ [ -49.5712821, -20.4013859 ], [ -49.5712875, -20.4013864 ] ] ] } },
{ "type": "Feature", "properties": { "linha_id": 19, "comp_m": 1.04, "ini_m": 108.92, "fim_m": 109.96, "faixa_id": 2, "classe": "0.50–1.50 m", "_coa_length_m": 1.04, "_coa_class": "0,50–1,50 m" }, "geometry": { "type": "MultiLineString", "coordinates": [ [ [ -49.571494, -20.4014074 ], [ -49.5714958, -20.4014076 ], [ -49.5715039, -20.4014084 ] ] ] } },
{ "type": "Feature", "properties": { "linha_id": 19, "comp_m": 1.76, "ini_m": 233.4, "fim_m": 235.16, "faixa_id": 3, "classe": "1.50–3.00 m", "_coa_length_m": 1.76, "_coa_class": "1,50–3,00 m" }, "geometry": { "type": "MultiLineString", "coordinates": [ [ [ -49.5726798, -20.4015274 ], [ -49.5726836, -20.4015277 ], [ -49.5726966, -20.401529 ] ] ] } },
{ "type": "Feature", "properties": { "linha_id": 19, "comp_m": 0.72, "ini_m": 276.6, "fim_m": 277.32, "faixa_id": 2, "classe": "0.50–1.50 m", "_coa_length_m": 0.72, "_coa_class": "0,50–1,50 m" }, "geometry": { "type": "MultiLineString", "coordinates": [ [ [ -49.5730913, -20.4015691 ], [ -49.5730982, -20.4015698 ] ] ] } },
{ "type": "Feature", "properties": { "linha_id": 19, "comp_m": 0.72, "ini_m": 446.52, "fim_m": 447.24, "faixa_id": 2, "classe": "0.50–1.50 m", "_coa_length_m": 0.72, "_coa_class": "0,50–1,50 m" }, "geometry": { "type": "MultiLineString", "coordinates": [ [ [ -49.5747095, -20.4017313 ], [ -49.5747125, -20.4017317 ], [ -49.5747163, -20.4017321 ], [ -49.5747163, -20.4017321 ] ] ] } },
{ "type": "Feature", "properties": { "linha_id": 19, "comp_m": 1.04, "ini_m": 454.84, "fim_m": 455.88, "faixa_id": 2, "classe": "0.50–1.50 m", "_coa_length_m": 1.04, "_coa_class": "0,50–1,50 m" }, "geometry": { "type": "MultiLineString", "coordinates": [ [ [ -49.5747886, -20.4017402 ], [ -49.5747917, -20.4017406 ], [ -49.5747954, -20.401741 ], [ -49.5747985, -20.4017413 ] ] ] } },
{ "type": "Feature", "properties": { "linha_id": 19, "comp_m": 1.2, "ini_m": 456.36, "fim_m": 457.56, "faixa_id": 2, "classe": "0.50–1.50 m", "_coa_length_m": 1.2, "_coa_class": "0,50–1,50 m" }, "geometry": { "type": "MultiLineString", "coordinates": [ [ [ -49.5748031, -20.4017419 ], [ -49.5748068, -20.4017423 ], [ -49.5748105, -20.4017427 ], [ -49.5748143, -20.4017431 ], [ -49.5748145, -20.4017431 ] ] ] } },
{ "type": "Feature", "properties": { "linha_id": 19, "comp_m": 0.604, "ini_m": 458.52, "fim_m": 459.124, "faixa_id": 2, "classe": "0.50–1.50 m", "_coa_length_m": 0.604, "_coa_class": "0,50–1,50 m" }, "geometry": { "type": "MultiLineString", "coordinates": [ [ [ -49.5748236, -20.4017441 ], [ -49.5748256, -20.4017443 ], [ -49.5748294, -20.4017447 ] ] ] } },
{ "type": "Feature", "properties": { "linha_id": 20, "comp_m": 0.56, "ini_m": 1.4, "fim_m": 1.96, "faixa_id": 2, "classe": "0.50–1.50 m", "_coa_length_m": 0.56, "_coa_class": "0,50–1,50 m" }, "geometry": { "type": "MultiLineString", "coordinates": [ [ [ -49.5704565, -20.4014263 ], [ -49.5704574, -20.4014264 ], [ -49.5704583, -20.4014265 ], [ -49.5704593, -20.4014265 ], [ -49.5704602, -20.4014266 ], [ -49.5704612, -20.4014266 ], [ -49.5704618, -20.4014267 ] ] ] } },
{ "type": "Feature", "properties": { "linha_id": 20, "comp_m": 0.56, "ini_m": 3.32, "fim_m": 3.88, "faixa_id": 2, "classe": "0.50–1.50 m", "_coa_length_m": 0.56, "_coa_class": "0,50–1,50 m" }, "geometry": { "type": "MultiLineString", "coordinates": [ [ [ -49.5704748, -20.4014277 ], [ -49.5704754, -20.4014278 ], [ -49.5704763, -20.4014279 ], [ -49.5704773, -20.401428 ], [ -49.5704782, -20.401428 ], [ -49.5704792, -20.4014281 ], [ -49.5704801, -20.4014282 ], [ -49.5704802, -20.4014282 ] ] ] } },
{ "type": "Feature", "properties": { "linha_id": 20, "comp_m": 4.64, "ini_m": 6.04, "fim_m": 10.68, "faixa_id": 4, "classe": "3.00–5.00 m", "_coa_length_m": 4.641, "_coa_class": "3,00–5,00 m" }, "geometry": { "type": "MultiLineString", "coordinates": [ [ [ -49.5705007, -20.4014302 ], [ -49.5705009, -20.4014303 ], [ -49.5705019, -20.4014303 ], [ -49.5705028, -20.4014304 ], [ -49.5705037, -20.4014305 ], [ -49.5705047, -20.4014306 ], [ -49.5705056, -20.4014307 ], [ -49.5705066, -20.4014308 ], [ -49.5705075, -20.4014309 ], [ -49.5705085, -20.401431 ], [ -49.5705094, -20.4014311 ], [ -49.5705104, -20.4014312 ], [ -49.5705113, -20.4014312 ], [ -49.5705122, -20.4014313 ], [ -49.5705132, -20.4014314 ], [ -49.5705141, -20.4014315 ], [ -49.5705151, -20.4014316 ], [ -49.570516, -20.4014317 ], [ -49.570517, -20.4014317 ], [ -49.5705179, -20.4014318 ], [ -49.5705189, -20.4014319 ], [ -49.5705198, -20.401432 ], [ -49.5705207, -20.4014321 ], [ -49.5705217, -20.4014321 ], [ -49.5705226, -20.4014322 ], [ -49.5705236, -20.4014323 ], [ -49.5705245, -20.4014323 ], [ -49.5705255, -20.4014324 ], [ -49.5705264, -20.4014325 ], [ -49.5705274, -20.4014325 ], [ -49.5705283, -20.4014326 ], [ -49.5705293, -20.4014327 ], [ -49.5705302, -20.4014327 ], [ -49.5705311, -20.4014328 ], [ -49.5705321, -20.4014329 ], [ -49.570533, -20.4014329 ], [ -49.570534, -20.401433 ], [ -49.5705349, -20.401433 ], [ -49.5705359, -20.4014331 ], [ -49.5705368, -20.4014331 ], [ -49.5705376, -20.4014333 ], [ -49.5705385, -20.4014335 ], [ -49.5705393, -20.4014338 ], [ -49.5705402, -20.4014341 ], [ -49.5705411, -20.4014344 ], [ -49.5705419, -20.4014347 ], [ -49.5705428, -20.401435 ], [ -49.5705436, -20.4014351 ], [ -49.5705447, -20.4014352 ] ] ] } },
{ "type": "Feature", "properties": { "linha_id": 20, "comp_m": 1.12, "ini_m": 11.64, "fim_m": 12.76, "faixa_id": 2, "classe": "0.50–1.50 m", "_coa_length_m": 1.12, "_coa_class": "0,50–1,50 m" }, "geometry": { "type": "MultiLineString", "coordinates": [ [ [ -49.5705539, -20.4014356 ], [ -49.5705641, -20.401436 ], [ -49.5705646, -20.4014361 ] ] ] } },
{ "type": "Feature", "properties": { "linha_id": 20, "comp_m": 2.08, "ini_m": 18.76, "fim_m": 20.84, "faixa_id": 3, "classe": "1.50–3.00 m", "_coa_length_m": 2.08, "_coa_class": "1,50–3,00 m" }, "geometry": { "type": "MultiLineString", "coordinates": [ [ [ -49.5706217, -20.4014427 ], [ -49.5706252, -20.4014431 ], [ -49.5706415, -20.4014449 ] ] ] } },
{ "type": "Feature", "properties": { "linha_id": 20, "comp_m": 0.56, "ini_m": 39.88, "fim_m": 40.44, "faixa_id": 2, "classe": "0.50–1.50 m", "_coa_length_m": 0.56, "_coa_class": "0,50–1,50 m" }, "geometry": { "type": "MultiLineString", "coordinates": [ [ [ -49.5708229, -20.4014627 ], [ -49.5708282, -20.4014634 ] ] ] } },
{ "type": "Feature", "properties": { "linha_id": 20, "comp_m": 0.64, "ini_m": 76.04, "fim_m": 76.68, "faixa_id": 2, "classe": "0.50–1.50 m", "_coa_length_m": 0.64, "_coa_class": "0,50–1,50 m" }, "geometry": { "type": "MultiLineString", "coordinates": [ [ [ -49.5711674, -20.4014974 ], [ -49.5711735, -20.4014982 ] ] ] } },
{ "type": "Feature", "properties": { "linha_id": 20, "comp_m": 0.56, "ini_m": 80.84, "fim_m": 81.4, "faixa_id": 2, "classe": "0.50–1.50 m", "_coa_length_m": 0.56, "_coa_class": "0,50–1,50 m" }, "geometry": { "type": "MultiLineString", "coordinates": [ [ [ -49.5712131, -20.4015025 ], [ -49.5712184, -20.401503 ] ] ] } },
{ "type": "Feature", "properties": { "linha_id": 20, "comp_m": 0.56, "ini_m": 83.8, "fim_m": 84.36, "faixa_id": 2, "classe": "0.50–1.50 m", "_coa_length_m": 0.56, "_coa_class": "0,50–1,50 m" }, "geometry": { "type": "MultiLineString", "coordinates": [ [ [ -49.5712413, -20.4015049 ], [ -49.5712466, -20.4015054 ] ] ] } },
{ "type": "Feature", "properties": { "linha_id": 20, "comp_m": 0.96, "ini_m": 85.0, "fim_m": 85.96, "faixa_id": 2, "classe": "0.50–1.50 m", "_coa_length_m": 0.96, "_coa_class": "0,50–1,50 m" }, "geometry": { "type": "MultiLineString", "coordinates": [ [ [ -49.5712528, -20.4015059 ], [ -49.5712597, -20.4015066 ], [ -49.5712619, -20.4015068 ] ] ] } },
{ "type": "Feature", "properties": { "linha_id": 20, "comp_m": 0.72, "ini_m": 95.4, "fim_m": 96.12, "faixa_id": 2, "classe": "0.50–1.50 m", "_coa_length_m": 0.72, "_coa_class": "0,50–1,50 m" }, "geometry": { "type": "MultiLineString", "coordinates": [ [ [ -49.5713517, -20.4015169 ], [ -49.5713585, -20.4015178 ] ] ] } },
{ "type": "Feature", "properties": { "linha_id": 20, "comp_m": 0.64, "ini_m": 98.36, "fim_m": 99.0, "faixa_id": 2, "classe": "0.50–1.50 m", "_coa_length_m": 0.64, "_coa_class": "0,50–1,50 m" }, "geometry": { "type": "MultiLineString", "coordinates": [ [ [ -49.5713799, -20.4015199 ], [ -49.5713819, -20.40152 ], [ -49.571386, -20.4015204 ] ] ] } },
{ "type": "Feature", "properties": { "linha_id": 20, "comp_m": 0.56, "ini_m": 110.52, "fim_m": 111.08, "faixa_id": 2, "classe": "0.50–1.50 m", "_coa_length_m": 0.56, "_coa_class": "0,50–1,50 m" }, "geometry": { "type": "MultiLineString", "coordinates": [ [ [ -49.5714957, -20.4015313 ], [ -49.5715011, -20.4015317 ] ] ] } },
{ "type": "Feature", "properties": { "linha_id": 20, "comp_m": 0.88, "ini_m": 148.68, "fim_m": 149.56, "faixa_id": 2, "classe": "0.50–1.50 m", "_coa_length_m": 0.88, "_coa_class": "0,50–1,50 m" }, "geometry": { "type": "MultiLineString", "coordinates": [ [ [ -49.5718593, -20.4015681 ], [ -49.5718676, -20.4015688 ] ] ] } },
{ "type": "Feature", "properties": { "linha_id": 20, "comp_m": 1.04, "ini_m": 200.76, "fim_m": 201.8, "faixa_id": 2, "classe": "0.50–1.50 m", "_coa_length_m": 1.04, "_coa_class": "0,50–1,50 m" }, "geometry": { "type": "MultiLineString", "coordinates": [ [ [ -49.5723554, -20.4016181 ], [ -49.5723641, -20.401619 ], [ -49.5723653, -20.4016191 ] ] ] } },
{ "type": "Feature", "properties": { "linha_id": 20, "comp_m": 0.64, "ini_m": 235.8, "fim_m": 236.44, "faixa_id": 2, "classe": "0.50–1.50 m", "_coa_length_m": 0.64, "_coa_class": "0,50–1,50 m" }, "geometry": { "type": "MultiLineString", "coordinates": [ [ [ -49.5726888, -20.401652 ], [ -49.5726949, -20.4016528 ] ] ] } },
{ "type": "Feature", "properties": { "linha_id": 20, "comp_m": 0.56, "ini_m": 240.76, "fim_m": 241.32, "faixa_id": 2, "classe": "0.50–1.50 m", "_coa_length_m": 0.56, "_coa_class": "0,50–1,50 m" }, "geometry": { "type": "MultiLineString", "coordinates": [ [ [ -49.5727361, -20.4016567 ], [ -49.5727414, -20.4016572 ] ] ] } },
{ "type": "Feature", "properties": { "linha_id": 20, "comp_m": 0.72, "ini_m": 308.84, "fim_m": 309.56, "faixa_id": 2, "classe": "0.50–1.50 m", "_coa_length_m": 0.72, "_coa_class": "0,50–1,50 m" }, "geometry": { "type": "MultiLineString", "coordinates": [ [ [ -49.5733847, -20.4017218 ], [ -49.57339, -20.4017222 ], [ -49.5733915, -20.4017224 ] ] ] } },
{ "type": "Feature", "properties": { "linha_id": 20, "comp_m": 0.56, "ini_m": 313.56, "fim_m": 314.12, "faixa_id": 2, "classe": "0.50–1.50 m", "_coa_length_m": 0.56, "_coa_class": "0,50–1,50 m" }, "geometry": { "type": "MultiLineString", "coordinates": [ [ [ -49.5734296, -20.4017262 ], [ -49.573435, -20.4017268 ] ] ] } },
{ "type": "Feature", "properties": { "linha_id": 20, "comp_m": 0.72, "ini_m": 318.84, "fim_m": 319.56, "faixa_id": 2, "classe": "0.50–1.50 m", "_coa_length_m": 0.72, "_coa_class": "0,50–1,50 m" }, "geometry": { "type": "MultiLineString", "coordinates": [ [ [ -49.5734798, -20.401732 ], [ -49.5734809, -20.4017322 ], [ -49.5734867, -20.4017327 ] ] ] } },
{ "type": "Feature", "properties": { "linha_id": 20, "comp_m": 1.28, "ini_m": 320.12, "fim_m": 321.4, "faixa_id": 2, "classe": "0.50–1.50 m", "_coa_length_m": 1.28, "_coa_class": "0,50–1,50 m" }, "geometry": { "type": "MultiLineString", "coordinates": [ [ [ -49.5734921, -20.4017331 ], [ -49.5735038, -20.4017341 ], [ -49.5735043, -20.4017342 ] ] ] } },
{ "type": "Feature", "properties": { "linha_id": 20, "comp_m": 1.04, "ini_m": 326.92, "fim_m": 327.96, "faixa_id": 2, "classe": "0.50–1.50 m", "_coa_length_m": 1.04, "_coa_class": "0,50–1,50 m" }, "geometry": { "type": "MultiLineString", "coordinates": [ [ [ -49.5735569, -20.4017386 ], [ -49.5735668, -20.4017399 ] ] ] } },
{ "type": "Feature", "properties": { "linha_id": 20, "comp_m": 0.88, "ini_m": 346.04, "fim_m": 346.92, "faixa_id": 2, "classe": "0.50–1.50 m", "_coa_length_m": 0.88, "_coa_class": "0,50–1,50 m" }, "geometry": { "type": "MultiLineString", "coordinates": [ [ [ -49.5737391, -20.4017568 ], [ -49.5737475, -20.4017578 ] ] ] } },
{ "type": "Feature", "properties": { "linha_id": 20, "comp_m": 0.96, "ini_m": 370.68, "fim_m": 371.64, "faixa_id": 2, "classe": "0.50–1.50 m", "_coa_length_m": 0.96, "_coa_class": "0,50–1,50 m" }, "geometry": { "type": "MultiLineString", "coordinates": [ [ [ -49.5739738, -20.4017809 ], [ -49.5739828, -20.4017821 ], [ -49.5739829, -20.4017821 ] ] ] } },
{ "type": "Feature", "properties": { "linha_id": 20, "comp_m": 0.72, "ini_m": 412.6, "fim_m": 413.32, "faixa_id": 2, "classe": "0.50–1.50 m", "_coa_length_m": 0.72, "_coa_class": "0,50–1,50 m" }, "geometry": { "type": "MultiLineString", "coordinates": [ [ [ -49.5743731, -20.4018211 ], [ -49.57438, -20.4018216 ] ] ] } },
{ "type": "Feature", "properties": { "linha_id": 20, "comp_m": 1.28, "ini_m": 436.84, "fim_m": 438.12, "faixa_id": 2, "classe": "0.50–1.50 m", "_coa_length_m": 1.28, "_coa_class": "0,50–1,50 m" }, "geometry": { "type": "MultiLineString", "coordinates": [ [ [ -49.574604, -20.4018441 ], [ -49.5746162, -20.4018455 ] ] ] } },
{ "type": "Feature", "properties": { "linha_id": 20, "comp_m": 1.12, "ini_m": 451.64, "fim_m": 452.76, "faixa_id": 2, "classe": "0.50–1.50 m", "_coa_length_m": 1.12, "_coa_class": "0,50–1,50 m" }, "geometry": { "type": "MultiLineString", "coordinates": [ [ [ -49.5747451, -20.4018573 ], [ -49.5747558, -20.4018586 ] ] ] } },
{ "type": "Feature", "properties": { "linha_id": 20, "comp_m": 1.52, "ini_m": 458.12, "fim_m": 459.64, "faixa_id": 3, "classe": "1.50–3.00 m", "_coa_length_m": 1.52, "_coa_class": "1,50–3,00 m" }, "geometry": { "type": "MultiLineString", "coordinates": [ [ [ -49.5748068, -20.4018638 ], [ -49.5748214, -20.4018647 ] ] ] } },
{ "type": "Feature", "properties": { "linha_id": 21, "comp_m": 0.8, "ini_m": 0.6, "fim_m": 1.4, "faixa_id": 2, "classe": "0.50–1.50 m", "_coa_length_m": 0.8, "_coa_class": "0,50–1,50 m" }, "geometry": { "type": "MultiLineString", "coordinates": [ [ [ -49.5704327, -20.4010956 ], [ -49.570434, -20.4010958 ], [ -49.5704358, -20.4010961 ], [ -49.5704375, -20.4010963 ], [ -49.5704393, -20.4010966 ], [ -49.5704403, -20.4010967 ] ] ] } },
{ "type": "Feature", "properties": { "linha_id": 21, "comp_m": 0.88, "ini_m": 2.04, "fim_m": 2.92, "faixa_id": 2, "classe": "0.50–1.50 m", "_coa_length_m": 0.88, "_coa_class": "0,50–1,50 m" }, "geometry": { "type": "MultiLineString", "coordinates": [ [ [ -49.5704463, -20.4010975 ], [ -49.5704481, -20.4010978 ], [ -49.5704499, -20.401098 ], [ -49.5704517, -20.4010982 ], [ -49.5704534, -20.4010984 ], [ -49.5704547, -20.4010986 ] ] ] } },
{ "type": "Feature", "properties": { "linha_id": 21, "comp_m": 1.12, "ini_m": 7.56, "fim_m": 8.68, "faixa_id": 2, "classe": "0.50–1.50 m", "_coa_length_m": 1.12, "_coa_class": "0,50–1,50 m" }, "geometry": { "type": "MultiLineString", "coordinates": [ [ [ -49.5704989, -20.4011028 ], [ -49.5705004, -20.4011029 ], [ -49.5705022, -20.4011031 ], [ -49.570504, -20.4011032 ], [ -49.5705059, -20.4011034 ], [ -49.5705077, -20.4011035 ], [ -49.5705095, -20.4011036 ], [ -49.5705096, -20.4011036 ] ] ] } },
{ "type": "Feature", "properties": { "linha_id": 21, "comp_m": 1.36, "ini_m": 9.08, "fim_m": 10.44, "faixa_id": 2, "classe": "0.50–1.50 m", "_coa_length_m": 1.36, "_coa_class": "0,50–1,50 m" }, "geometry": { "type": "MultiLineString", "coordinates": [ [ [ -49.5705134, -20.4011039 ], [ -49.570515, -20.401104 ], [ -49.5705168, -20.4011042 ], [ -49.5705186, -20.4011043 ], [ -49.5705205, -20.4011045 ], [ -49.5705223, -20.4011046 ], [ -49.5705241, -20.4011047 ], [ -49.570526, -20.4011049 ], [ -49.5705264, -20.4011049 ] ] ] } },
{ "type": "Feature", "properties": { "linha_id": 21, "comp_m": 1.2, "ini_m": 16.04, "fim_m": 17.24, "faixa_id": 2, "classe": "0.50–1.50 m", "_coa_length_m": 1.2, "_coa_class": "0,50–1,50 m" }, "geometry": { "type": "MultiLineString", "coordinates": [ [ [ -49.5705799, -20.4011094 ], [ -49.5705807, -20.4011094 ], [ -49.5705825, -20.4011096 ], [ -49.5705843, -20.4011098 ], [ -49.5705861, -20.40111 ], [ -49.5705879, -20.4011102 ], [ -49.5705897, -20.4011104 ], [ -49.5705913, -20.4011106 ] ] ] } },
{ "type": "Feature", "properties": { "linha_id": 21, "comp_m": 0.88, "ini_m": 21.0, "fim_m": 21.88, "faixa_id": 2, "classe": "0.50–1.50 m", "_coa_length_m": 0.88, "_coa_class": "0,50–1,50 m" }, "geometry": { "type": "MultiLineString", "coordinates": [ [ [ -49.570626, -20.401113 ], [ -49.5706298, -20.4011134 ], [ -49.5706343, -20.401114 ] ] ] } },
{ "type": "Feature", "properties": { "linha_id": 21, "comp_m": 0.56, "ini_m": 40.76, "fim_m": 41.32, "faixa_id": 2, "classe": "0.50–1.50 m", "_coa_length_m": 0.56, "_coa_class": "0,50–1,50 m" }, "geometry": { "type": "MultiLineString", "coordinates": [ [ [ -49.570814, -20.4011342 ], [ -49.570819, -20.4011346 ], [ -49.5708193, -20.4011346 ] ] ] } },
{ "type": "Feature", "properties": { "linha_id": 21, "comp_m": 0.64, "ini_m": 57.56, "fim_m": 58.2, "faixa_id": 2, "classe": "0.50–1.50 m", "_coa_length_m": 0.64, "_coa_class": "0,50–1,50 m" }, "geometry": { "type": "MultiLineString", "coordinates": [ [ [ -49.570974, -20.4011501 ], [ -49.5709794, -20.4011507 ], [ -49.5709801, -20.4011508 ] ] ] } },
{ "type": "Feature", "properties": { "linha_id": 21, "comp_m": 2.4, "ini_m": 459.56, "fim_m": 461.96, "faixa_id": 3, "classe": "1.50–3.00 m", "_coa_length_m": 2.4, "_coa_class": "1,50–3,00 m" }, "geometry": { "type": "MultiLineString", "coordinates": [ [ [ -49.5748022, -20.4015357 ], [ -49.5748035, -20.4015359 ], [ -49.5748056, -20.4015361 ], [ -49.5748077, -20.4015363 ], [ -49.5748098, -20.4015365 ], [ -49.5748119, -20.4015368 ], [ -49.574814, -20.401537 ], [ -49.574816, -20.4015372 ], [ -49.5748181, -20.4015374 ], [ -49.5748202, -20.4015376 ], [ -49.5748223, -20.4015378 ], [ -49.5748244, -20.401538 ], [ -49.574825, -20.4015381 ] ] ] } },
{ "type": "Feature", "properties": { "linha_id": 22, "comp_m": 1.92, "ini_m": 0.28, "fim_m": 2.2, "faixa_id": 3, "classe": "1.50–3.00 m", "_coa_length_m": 1.92, "_coa_class": "1,50–3,00 m" }, "geometry": { "type": "MultiLineString", "coordinates": [ [ [ -49.570458, -20.4013164 ], [ -49.5704587, -20.4013163 ], [ -49.5704596, -20.4013163 ], [ -49.5704604, -20.4013163 ], [ -49.5704613, -20.4013163 ], [ -49.5704621, -20.4013163 ], [ -49.570463, -20.4013163 ], [ -49.5704639, -20.4013163 ], [ -49.5704647, -20.4013163 ], [ -49.5704656, -20.4013163 ], [ -49.5704664, -20.4013162 ], [ -49.5704673, -20.4013162 ], [ -49.5704681, -20.4013163 ], [ -49.570469, -20.4013163 ], [ -49.5704698, -20.4013163 ], [ -49.5704707, -20.4013163 ], [ -49.5704715, -20.4013163 ], [ -49.5704724, -20.4013163 ], [ -49.5704732, -20.4013163 ], [ -49.5704741, -20.4013163 ], [ -49.5704749, -20.4013163 ], [ -49.5704758, -20.4013164 ], [ -49.5704764, -20.4013164 ] ] ] } },
{ "type": "Feature", "properties": { "linha_id": 22, "comp_m": 0.88, "ini_m": 2.76, "fim_m": 3.64, "faixa_id": 2, "classe": "0.50–1.50 m", "_coa_length_m": 0.88, "_coa_class": "0,50–1,50 m" }, "geometry": { "type": "MultiLineString", "coordinates": [ [ [ -49.5704817, -20.4013166 ], [ -49.5704825, -20.4013166 ], [ -49.5704834, -20.4013167 ], [ -49.5704842, -20.4013167 ], [ -49.570485, -20.4013168 ], [ -49.5704859, -20.4013168 ], [ -49.5704867, -20.4013168 ], [ -49.5704876, -20.4013169 ], [ -49.5704884, -20.401317 ], [ -49.5704892, -20.401317 ], [ -49.5704901, -20.4013171 ], [ -49.5704902, -20.4013171 ] ] ] } },
{ "type": "Feature", "properties": { "linha_id": 22, "comp_m": 0.56, "ini_m": 16.68, "fim_m": 17.24, "faixa_id": 2, "classe": "0.50–1.50 m", "_coa_length_m": 0.56, "_coa_class": "0,50–1,50 m" }, "geometry": { "type": "MultiLineString", "coordinates": [ [ [ -49.5706138, -20.4013319 ], [ -49.5706191, -20.4013324 ] ] ] } },
{ "type": "Feature", "properties": { "linha_id": 22, "comp_m": 0.56, "ini_m": 22.28, "fim_m": 22.84, "faixa_id": 2, "classe": "0.50–1.50 m", "_coa_length_m": 0.56, "_coa_class": "0,50–1,50 m" }, "geometry": { "type": "MultiLineString", "coordinates": [ [ [ -49.5706671, -20.401338 ], [ -49.5706688, -20.4013382 ], [ -49.5706724, -20.4013386 ] ] ] } },
{ "type": "Feature", "properties": { "linha_id": 22, "comp_m": 0.56, "ini_m": 453.88, "fim_m": 454.44, "faixa_id": 2, "classe": "0.50–1.50 m", "_coa_length_m": 0.56, "_coa_class": "0,50–1,50 m" }, "geometry": { "type": "MultiLineString", "coordinates": [ [ [ -49.5747768, -20.4017533 ], [ -49.5747783, -20.4017535 ], [ -49.5747822, -20.401754 ] ] ] } },
{ "type": "Feature", "properties": { "linha_id": 22, "comp_m": 0.8, "ini_m": 455.48, "fim_m": 456.28, "faixa_id": 2, "classe": "0.50–1.50 m", "_coa_length_m": 0.8, "_coa_class": "0,50–1,50 m" }, "geometry": { "type": "MultiLineString", "coordinates": [ [ [ -49.5747917, -20.4017561 ], [ -49.5747917, -20.4017561 ], [ -49.5747922, -20.4017561 ], [ -49.5747926, -20.4017562 ], [ -49.5747931, -20.4017562 ], [ -49.5747936, -20.4017563 ], [ -49.574794, -20.4017563 ], [ -49.5747945, -20.4017564 ], [ -49.574795, -20.4017564 ], [ -49.5747954, -20.4017565 ], [ -49.5747959, -20.4017565 ], [ -49.5747964, -20.4017566 ], [ -49.5747969, -20.4017566 ], [ -49.5747973, -20.4017566 ], [ -49.5747978, -20.4017567 ], [ -49.5747983, -20.4017567 ], [ -49.5747988, -20.4017567 ], [ -49.5747992, -20.4017568 ], [ -49.5747993, -20.4017568 ] ] ] } },
{ "type": "Feature", "properties": { "linha_id": 23, "comp_m": 3.72, "ini_m": 0.0, "fim_m": 3.72, "faixa_id": 4, "classe": "3.00–5.00 m", "_coa_length_m": 3.72, "_coa_class": "3,00–5,00 m" }, "geometry": { "type": "MultiLineString", "coordinates": [ [ [ -49.5704566, -20.4016821 ], [ -49.5704818, -20.4016852 ], [ -49.570492, -20.401686 ] ] ] } },
{ "type": "Feature", "properties": { "linha_id": 23, "comp_m": 2.96, "ini_m": 5.0, "fim_m": 7.96, "faixa_id": 3, "classe": "1.50–3.00 m", "_coa_length_m": 2.96, "_coa_class": "1,50–3,00 m" }, "geometry": { "type": "MultiLineString", "coordinates": [ [ [ -49.5705042, -20.4016871 ], [ -49.5705075, -20.4016874 ], [ -49.5705323, -20.401691 ] ] ] } },
{ "type": "Feature", "properties": { "linha_id": 23, "comp_m": 0.56, "ini_m": 8.68, "fim_m": 9.24, "faixa_id": 2, "classe": "0.50–1.50 m", "_coa_length_m": 0.56, "_coa_class": "0,50–1,50 m" }, "geometry": { "type": "MultiLineString", "coordinates": [ [ [ -49.5705391, -20.4016916 ], [ -49.5705445, -20.4016921 ] ] ] } },
{ "type": "Feature", "properties": { "linha_id": 23, "comp_m": 0.88, "ini_m": 24.44, "fim_m": 25.32, "faixa_id": 2, "classe": "0.50–1.50 m", "_coa_length_m": 0.88, "_coa_class": "0,50–1,50 m" }, "geometry": { "type": "MultiLineString", "coordinates": [ [ [ -49.5706893, -20.4017064 ], [ -49.5706977, -20.4017075 ] ] ] } },
{ "type": "Feature", "properties": { "linha_id": 23, "comp_m": 0.64, "ini_m": 69.72, "fim_m": 70.36, "faixa_id": 2, "classe": "0.50–1.50 m", "_coa_length_m": 0.64, "_coa_class": "0,50–1,50 m" }, "geometry": { "type": "MultiLineString", "coordinates": [ [ [ -49.5711205, -20.4017512 ], [ -49.5711266, -20.4017518 ] ] ] } },
{ "type": "Feature", "properties": { "linha_id": 23, "comp_m": 0.96, "ini_m": 93.32, "fim_m": 94.28, "faixa_id": 2, "classe": "0.50–1.50 m", "_coa_length_m": 0.96, "_coa_class": "0,50–1,50 m" }, "geometry": { "type": "MultiLineString", "coordinates": [ [ [ -49.5713454, -20.4017735 ], [ -49.571347, -20.4017736 ], [ -49.5713545, -20.4017743 ] ] ] } },
{ "type": "Feature", "properties": { "linha_id": 23, "comp_m": 0.56, "ini_m": 153.24, "fim_m": 153.8, "faixa_id": 2, "classe": "0.50–1.50 m", "_coa_length_m": 0.56, "_coa_class": "0,50–1,50 m" }, "geometry": { "type": "MultiLineString", "coordinates": [ [ [ -49.5719162, -20.4018315 ], [ -49.5719215, -20.4018319 ] ] ] } },
{ "type": "Feature", "properties": { "linha_id": 23, "comp_m": 0.72, "ini_m": 245.32, "fim_m": 246.04, "faixa_id": 2, "classe": "0.50–1.50 m", "_coa_length_m": 0.72, "_coa_class": "0,50–1,50 m" }, "geometry": { "type": "MultiLineString", "coordinates": [ [ [ -49.5727932, -20.4019207 ], [ -49.5727975, -20.4019213 ], [ -49.5728001, -20.4019215 ] ] ] } },
{ "type": "Feature", "properties": { "linha_id": 23, "comp_m": 1.84, "ini_m": 255.0, "fim_m": 256.84, "faixa_id": 3, "classe": "1.50–3.00 m", "_coa_length_m": 1.84, "_coa_class": "1,50–3,00 m" }, "geometry": { "type": "MultiLineString", "coordinates": [ [ [ -49.5728854, -20.4019303 ], [ -49.5728991, -20.4019319 ], [ -49.5729029, -20.4019322 ] ] ] } },
{ "type": "Feature", "properties": { "linha_id": 23, "comp_m": 0.72, "ini_m": 354.52, "fim_m": 355.24, "faixa_id": 2, "classe": "0.50–1.50 m", "_coa_length_m": 0.72, "_coa_class": "0,50–1,50 m" }, "geometry": { "type": "MultiLineString", "coordinates": [ [ [ -49.5738333, -20.4020246 ], [ -49.5738338, -20.4020246 ], [ -49.5738402, -20.4020253 ] ] ] } },
{ "type": "Feature", "properties": { "linha_id": 23, "comp_m": 0.88, "ini_m": 358.28, "fim_m": 359.16, "faixa_id": 2, "classe": "0.50–1.50 m", "_coa_length_m": 0.88, "_coa_class": "0,50–1,50 m" }, "geometry": { "type": "MultiLineString", "coordinates": [ [ [ -49.5738691, -20.4020282 ], [ -49.5738745, -20.4020287 ], [ -49.5738775, -20.402029 ] ] ] } },
{ "type": "Feature", "properties": { "linha_id": 23, "comp_m": 0.56, "ini_m": 399.8, "fim_m": 400.36, "faixa_id": 2, "classe": "0.50–1.50 m", "_coa_length_m": 0.56, "_coa_class": "0,50–1,50 m" }, "geometry": { "type": "MultiLineString", "coordinates": [ [ [ -49.5742646, -20.4020687 ], [ -49.5742674, -20.402069 ], [ -49.5742699, -20.4020692 ] ] ] } },
{ "type": "Feature", "properties": { "linha_id": 23, "comp_m": 1.12, "ini_m": 437.16, "fim_m": 438.28, "faixa_id": 2, "classe": "0.50–1.50 m", "_coa_length_m": 1.12, "_coa_class": "0,50–1,50 m" }, "geometry": { "type": "MultiLineString", "coordinates": [ [ [ -49.5746206, -20.4021036 ], [ -49.5746313, -20.4021046 ] ] ] } },
{ "type": "Feature", "properties": { "linha_id": 23, "comp_m": 1.76, "ini_m": 449.64, "fim_m": 451.4, "faixa_id": 3, "classe": "1.50–3.00 m", "_coa_length_m": 1.76, "_coa_class": "1,50–3,00 m" }, "geometry": { "type": "MultiLineString", "coordinates": [ [ [ -49.5747395, -20.402116 ], [ -49.5747422, -20.4021163 ], [ -49.5747557, -20.4021179 ], [ -49.5747562, -20.4021179 ] ] ] } },
{ "type": "Feature", "properties": { "linha_id": 23, "comp_m": 0.64, "ini_m": 456.2, "fim_m": 456.84, "faixa_id": 2, "classe": "0.50–1.50 m", "_coa_length_m": 0.64, "_coa_class": "0,50–1,50 m" }, "geometry": { "type": "MultiLineString", "coordinates": [ [ [ -49.574802, -20.4021223 ], [ -49.5748081, -20.4021228 ] ] ] } },
{ "type": "Feature", "properties": { "linha_id": 23, "comp_m": 0.959, "ini_m": 457.72, "fim_m": 458.679, "faixa_id": 2, "classe": "0.50–1.50 m", "_coa_length_m": 0.959, "_coa_class": "0,50–1,50 m" }, "geometry": { "type": "MultiLineString", "coordinates": [ [ [ -49.5748157, -20.4021252 ], [ -49.5748157, -20.4021252 ], [ -49.5748159, -20.4021252 ], [ -49.5748161, -20.4021253 ], [ -49.5748163, -20.4021253 ], [ -49.5748165, -20.4021253 ], [ -49.5748167, -20.4021253 ], [ -49.5748169, -20.4021253 ], [ -49.5748171, -20.4021254 ], [ -49.5748173, -20.4021254 ], [ -49.5748175, -20.4021254 ], [ -49.5748177, -20.4021254 ], [ -49.5748179, -20.4021254 ], [ -49.5748181, -20.4021254 ], [ -49.5748183, -20.4021255 ], [ -49.5748184, -20.4021255 ], [ -49.5748186, -20.4021255 ], [ -49.5748188, -20.4021255 ], [ -49.574819, -20.4021255 ], [ -49.5748192, -20.4021255 ], [ -49.5748194, -20.4021255 ], [ -49.5748196, -20.4021255 ], [ -49.5748198, -20.4021255 ], [ -49.57482, -20.4021255 ], [ -49.5748202, -20.4021255 ], [ -49.5748204, -20.4021255 ], [ -49.5748206, -20.4021256 ], [ -49.5748208, -20.4021256 ], [ -49.574821, -20.4021256 ], [ -49.5748212, -20.4021256 ], [ -49.5748214, -20.4021256 ], [ -49.5748216, -20.4021256 ], [ -49.5748218, -20.4021256 ], [ -49.574822, -20.4021256 ], [ -49.5748222, -20.4021256 ], [ -49.5748224, -20.4021256 ], [ -49.5748226, -20.4021256 ], [ -49.5748228, -20.4021256 ], [ -49.574823, -20.4021256 ], [ -49.5748232, -20.4021256 ], [ -49.5748234, -20.4021256 ], [ -49.5748236, -20.4021257 ], [ -49.5748237, -20.4021257 ], [ -49.5748239, -20.4021257 ], [ -49.5748241, -20.4021257 ], [ -49.5748243, -20.4021257 ], [ -49.5748245, -20.4021257 ], [ -49.5748247, -20.4021257 ], [ -49.5748249, -20.4021257 ] ] ] } },
{ "type": "Feature", "properties": { "linha_id": 24, "comp_m": 1.2, "ini_m": 1.16, "fim_m": 2.36, "faixa_id": 2, "classe": "0.50–1.50 m", "_coa_length_m": 1.2, "_coa_class": "0,50–1,50 m" }, "geometry": { "type": "MultiLineString", "coordinates": [ [ [ -49.5704625, -20.4013331 ], [ -49.5704639, -20.401333 ], [ -49.570474, -20.4013328 ] ] ] } },
{ "type": "Feature", "properties": { "linha_id": 24, "comp_m": 0.88, "ini_m": 23.0, "fim_m": 23.88, "faixa_id": 2, "classe": "0.50–1.50 m", "_coa_length_m": 0.88, "_coa_class": "0,50–1,50 m" }, "geometry": { "type": "MultiLineString", "coordinates": [ [ [ -49.5706705, -20.4013523 ], [ -49.5706726, -20.4013526 ], [ -49.5706789, -20.4013532 ] ] ] } },
{ "type": "Feature", "properties": { "linha_id": 24, "comp_m": 0.72, "ini_m": 76.04, "fim_m": 76.76, "faixa_id": 2, "classe": "0.50–1.50 m", "_coa_length_m": 0.72, "_coa_class": "0,50–1,50 m" }, "geometry": { "type": "MultiLineString", "coordinates": [ [ [ -49.571176, -20.4014017 ], [ -49.571177, -20.4014018 ], [ -49.5711828, -20.4014024 ] ] ] } },
{ "type": "Feature", "properties": { "linha_id": 24, "comp_m": 2.8, "ini_m": 454.12, "fim_m": 456.92, "faixa_id": 3, "classe": "1.50–3.00 m", "_coa_length_m": 2.8, "_coa_class": "1,50–3,00 m" }, "geometry": { "type": "MultiLineString", "coordinates": [ [ [ -49.5747765, -20.4017652 ], [ -49.5747774, -20.4017653 ], [ -49.574782, -20.4017658 ], [ -49.5747866, -20.4017662 ], [ -49.5747911, -20.4017667 ], [ -49.5747957, -20.4017672 ], [ -49.5748003, -20.4017677 ], [ -49.5748032, -20.401768 ] ] ] } },
{ "type": "Feature", "properties": { "linha_id": 24, "comp_m": 0.96, "ini_m": 457.32, "fim_m": 458.28, "faixa_id": 2, "classe": "0.50–1.50 m", "_coa_length_m": 0.96, "_coa_class": "0,50–1,50 m" }, "geometry": { "type": "MultiLineString", "coordinates": [ [ [ -49.574807, -20.4017684 ], [ -49.5748095, -20.4017686 ], [ -49.574814, -20.4017691 ], [ -49.5748161, -20.4017693 ] ] ] } },
{ "type": "Feature", "properties": { "linha_id": 25, "comp_m": 1.0, "ini_m": 0.0, "fim_m": 1.0, "faixa_id": 2, "classe": "0.50–1.50 m", "_coa_length_m": 1.0, "_coa_class": "0,50–1,50 m" }, "geometry": { "type": "MultiLineString", "coordinates": [ [ [ -49.5704649, -20.4013433 ], [ -49.5704688, -20.4013436 ], [ -49.5704726, -20.4013439 ], [ -49.5704745, -20.401344 ] ] ] } },
{ "type": "Feature", "properties": { "linha_id": 25, "comp_m": 0.72, "ini_m": 1.96, "fim_m": 2.68, "faixa_id": 2, "classe": "0.50–1.50 m", "_coa_length_m": 0.72, "_coa_class": "0,50–1,50 m" }, "geometry": { "type": "MultiLineString", "coordinates": [ [ [ -49.5704836, -20.4013449 ], [ -49.5704842, -20.4013449 ], [ -49.570488, -20.4013453 ], [ -49.5704905, -20.4013456 ] ] ] } },
{ "type": "Feature", "properties": { "linha_id": 25, "comp_m": 0.88, "ini_m": 6.28, "fim_m": 7.16, "faixa_id": 2, "classe": "0.50–1.50 m", "_coa_length_m": 0.88, "_coa_class": "0,50–1,50 m" }, "geometry": { "type": "MultiLineString", "coordinates": [ [ [ -49.5705247, -20.4013498 ], [ -49.5705263, -20.40135 ], [ -49.5705302, -20.4013505 ], [ -49.570533, -20.4013509 ] ] ] } },
{ "type": "Feature", "properties": { "linha_id": 25, "comp_m": 1.36, "ini_m": 14.6, "fim_m": 15.96, "faixa_id": 2, "classe": "0.50–1.50 m", "_coa_length_m": 1.36, "_coa_class": "0,50–1,50 m" }, "geometry": { "type": "MultiLineString", "coordinates": [ [ [ -49.5706038, -20.401359 ], [ -49.5706073, -20.4013594 ], [ -49.5706112, -20.4013597 ], [ -49.5706151, -20.4013601 ], [ -49.5706167, -20.4013602 ] ] ] } },
{ "type": "Feature", "properties": { "linha_id": 25, "comp_m": 0.96, "ini_m": 409.96, "fim_m": 410.92, "faixa_id": 2, "classe": "0.50–1.50 m", "_coa_length_m": 0.96, "_coa_class": "0,50–1,50 m" }, "geometry": { "type": "MultiLineString", "coordinates": [ [ [ -49.5743698, -20.4017385 ], [ -49.574379, -20.4017394 ] ] ] } },
{ "type": "Feature", "properties": { "linha_id": 25, "comp_m": 0.64, "ini_m": 450.84, "fim_m": 451.48, "faixa_id": 2, "classe": "0.50–1.50 m", "_coa_length_m": 0.64, "_coa_class": "0,50–1,50 m" }, "geometry": { "type": "MultiLineString", "coordinates": [ [ [ -49.5747593, -20.4017775 ], [ -49.5747654, -20.4017783 ] ] ] } },
{ "type": "Feature", "properties": { "linha_id": 25, "comp_m": 1.6, "ini_m": 453.56, "fim_m": 455.16, "faixa_id": 3, "classe": "1.50–3.00 m", "_coa_length_m": 1.6, "_coa_class": "1,50–3,00 m" }, "geometry": { "type": "MultiLineString", "coordinates": [ [ [ -49.5747852, -20.4017803 ], [ -49.5747973, -20.4017814 ], [ -49.5748004, -20.4017816 ] ] ] } },
{ "type": "Feature", "properties": { "linha_id": 26, "comp_m": 1.32, "ini_m": 0.0, "fim_m": 1.32, "faixa_id": 2, "classe": "0.50–1.50 m", "_coa_length_m": 1.32, "_coa_class": "0,50–1,50 m" }, "geometry": { "type": "MultiLineString", "coordinates": [ [ [ -49.5704696, -20.4015371 ], [ -49.57047, -20.4015371 ], [ -49.5704705, -20.4015371 ], [ -49.570471, -20.4015371 ], [ -49.5704715, -20.4015371 ], [ -49.570472, -20.4015372 ], [ -49.5704725, -20.4015372 ], [ -49.570473, -20.4015372 ], [ -49.5704735, -20.4015372 ], [ -49.570474, -20.4015373 ], [ -49.5704745, -20.4015373 ], [ -49.570475, -20.4015373 ], [ -49.5704755, -20.4015373 ], [ -49.570476, -20.4015374 ], [ -49.5704765, -20.4015374 ], [ -49.570477, -20.4015374 ], [ -49.5704775, -20.4015374 ], [ -49.5704779, -20.4015375 ], [ -49.5704784, -20.4015375 ], [ -49.5704789, -20.4015375 ], [ -49.5704794, -20.4015375 ], [ -49.5704799, -20.4015376 ], [ -49.5704804, -20.4015376 ], [ -49.5704809, -20.4015376 ], [ -49.5704814, -20.4015377 ], [ -49.5704819, -20.4015377 ], [ -49.5704822, -20.4015377 ] ] ] } },
{ "type": "Feature", "properties": { "linha_id": 26, "comp_m": 0.72, "ini_m": 27.56, "fim_m": 28.28, "faixa_id": 2, "classe": "0.50–1.50 m", "_coa_length_m": 0.72, "_coa_class": "0,50–1,50 m" }, "geometry": { "type": "MultiLineString", "coordinates": [ [ [ -49.5707321, -20.4015611 ], [ -49.570739, -20.4015619 ] ] ] } },
{ "type": "Feature", "properties": { "linha_id": 26, "comp_m": 0.64, "ini_m": 35.48, "fim_m": 36.12, "faixa_id": 2, "classe": "0.50–1.50 m", "_coa_length_m": 0.64, "_coa_class": "0,50–1,50 m" }, "geometry": { "type": "MultiLineString", "coordinates": [ [ [ -49.5708074, -20.4015698 ], [ -49.57081, -20.4015701 ], [ -49.5708135, -20.4015705 ] ] ] } },
{ "type": "Feature", "properties": { "linha_id": 26, "comp_m": 0.56, "ini_m": 277.08, "fim_m": 277.64, "faixa_id": 2, "classe": "0.50–1.50 m", "_coa_length_m": 0.56, "_coa_class": "0,50–1,50 m" }, "geometry": { "type": "MultiLineString", "coordinates": [ [ [ -49.5731074, -20.4018019 ], [ -49.5731089, -20.4018021 ], [ -49.5731114, -20.4018023 ], [ -49.5731127, -20.4018025 ] ] ] } },
{ "type": "Feature", "properties": { "linha_id": 27, "comp_m": 1.08, "ini_m": 0.0, "fim_m": 1.08, "faixa_id": 2, "classe": "0.50–1.50 m", "_coa_length_m": 1.08, "_coa_class": "0,50–1,50 m" }, "geometry": { "type": "MultiLineString", "coordinates": [ [ [ -49.5725423, -20.401202 ], [ -49.572546, -20.4012021 ], [ -49.5725497, -20.4012023 ], [ -49.5725526, -20.4012024 ] ] ] } },
{ "type": "Feature", "properties": { "linha_id": 27, "comp_m": 0.8, "ini_m": 3.16, "fim_m": 3.96, "faixa_id": 2, "classe": "0.50–1.50 m", "_coa_length_m": 0.8, "_coa_class": "0,50–1,50 m" }, "geometry": { "type": "MultiLineString", "coordinates": [ [ [ -49.5725725, -20.401204 ], [ -49.572575, -20.4012043 ], [ -49.5725786, -20.4012046 ], [ -49.5725801, -20.4012048 ] ] ] } },
{ "type": "Feature", "properties": { "linha_id": 27, "comp_m": 0.64, "ini_m": 8.2, "fim_m": 8.84, "faixa_id": 2, "classe": "0.50–1.50 m", "_coa_length_m": 0.64, "_coa_class": "0,50–1,50 m" }, "geometry": { "type": "MultiLineString", "coordinates": [ [ [ -49.5726205, -20.4012089 ], [ -49.572622, -20.401209 ], [ -49.5726256, -20.4012094 ], [ -49.5726266, -20.4012095 ] ] ] } },
{ "type": "Feature", "properties": { "linha_id": 27, "comp_m": 2.16, "ini_m": 21.56, "fim_m": 23.72, "faixa_id": 3, "classe": "1.50–3.00 m", "_coa_length_m": 2.16, "_coa_class": "1,50–3,00 m" }, "geometry": { "type": "MultiLineString", "coordinates": [ [ [ -49.5727478, -20.401222 ], [ -49.5727482, -20.401222 ], [ -49.5727518, -20.4012224 ], [ -49.5727554, -20.4012228 ], [ -49.572759, -20.4012231 ], [ -49.5727626, -20.4012234 ], [ -49.5727663, -20.4012238 ], [ -49.5727684, -20.401224 ] ] ] } },
{ "type": "Feature", "properties": { "linha_id": 27, "comp_m": 1.84, "ini_m": 28.52, "fim_m": 30.36, "faixa_id": 3, "classe": "1.50–3.00 m", "_coa_length_m": 1.84, "_coa_class": "1,50–3,00 m" }, "geometry": { "type": "MultiLineString", "coordinates": [ [ [ -49.5728141, -20.4012282 ], [ -49.572817, -20.4012285 ], [ -49.5728206, -20.4012288 ], [ -49.5728242, -20.4012291 ], [ -49.5728279, -20.4012295 ], [ -49.5728315, -20.4012298 ], [ -49.5728317, -20.4012298 ] ] ] } },
{ "type": "Feature", "properties": { "linha_id": 27, "comp_m": 1.04, "ini_m": 53.32, "fim_m": 54.36, "faixa_id": 2, "classe": "0.50–1.50 m", "_coa_length_m": 1.04, "_coa_class": "0,50–1,50 m" }, "geometry": { "type": "MultiLineString", "coordinates": [ [ [ -49.5730502, -20.4012518 ], [ -49.5730541, -20.4012522 ], [ -49.573059, -20.4012527 ], [ -49.5730601, -20.4012529 ] ] ] } },
{ "type": "Feature", "properties": { "linha_id": 27, "comp_m": 1.04, "ini_m": 55.16, "fim_m": 56.2, "faixa_id": 2, "classe": "0.50–1.50 m", "_coa_length_m": 1.04, "_coa_class": "0,50–1,50 m" }, "geometry": { "type": "MultiLineString", "coordinates": [ [ [ -49.5730677, -20.4012536 ], [ -49.573069, -20.4012538 ], [ -49.5730739, -20.4012543 ], [ -49.5730776, -20.4012547 ] ] ] } },
{ "type": "Feature", "properties": { "linha_id": 27, "comp_m": 0.56, "ini_m": 78.92, "fim_m": 79.48, "faixa_id": 2, "classe": "0.50–1.50 m", "_coa_length_m": 0.56, "_coa_class": "0,50–1,50 m" }, "geometry": { "type": "MultiLineString", "coordinates": [ [ [ -49.5732941, -20.4012765 ], [ -49.5732975, -20.4012768 ], [ -49.5732994, -20.401277 ] ] ] } },
{ "type": "Feature", "properties": { "linha_id": 27, "comp_m": 0.56, "ini_m": 81.72, "fim_m": 82.28, "faixa_id": 2, "classe": "0.50–1.50 m", "_coa_length_m": 0.56, "_coa_class": "0,50–1,50 m" }, "geometry": { "type": "MultiLineString", "coordinates": [ [ [ -49.5733208, -20.4012791 ], [ -49.5733224, -20.4012792 ], [ -49.5733261, -20.4012796 ] ] ] } },
{ "type": "Feature", "properties": { "linha_id": 27, "comp_m": 0.72, "ini_m": 88.12, "fim_m": 88.84, "faixa_id": 2, "classe": "0.50–1.50 m", "_coa_length_m": 0.72, "_coa_class": "0,50–1,50 m" }, "geometry": { "type": "MultiLineString", "coordinates": [ [ [ -49.5733818, -20.4012845 ], [ -49.5733823, -20.4012846 ], [ -49.5733873, -20.401285 ], [ -49.5733887, -20.4012851 ] ] ] } },
{ "type": "Feature", "properties": { "linha_id": 27, "comp_m": 0.72, "ini_m": 97.16, "fim_m": 97.88, "faixa_id": 2, "classe": "0.50–1.50 m", "_coa_length_m": 0.72, "_coa_class": "0,50–1,50 m" }, "geometry": { "type": "MultiLineString", "coordinates": [ [ [ -49.573467, -20.4012942 ], [ -49.5734675, -20.4012942 ], [ -49.5734683, -20.4012943 ], [ -49.5734692, -20.4012943 ], [ -49.57347, -20.4012944 ], [ -49.5734708, -20.4012945 ], [ -49.5734717, -20.4012945 ], [ -49.5734725, -20.4012946 ], [ -49.5734734, -20.4012947 ], [ -49.5734739, -20.4012947 ] ] ] } },
{ "type": "Feature", "properties": { "linha_id": 27, "comp_m": 0.88, "ini_m": 102.04, "fim_m": 102.92, "faixa_id": 2, "classe": "0.50–1.50 m", "_coa_length_m": 0.88, "_coa_class": "0,50–1,50 m" }, "geometry": { "type": "MultiLineString", "coordinates": [ [ [ -49.5735129, -20.4012992 ], [ -49.5735137, -20.4012992 ], [ -49.5735153, -20.4012994 ], [ -49.573517, -20.4012996 ], [ -49.5735186, -20.4012997 ], [ -49.5735203, -20.4012999 ], [ -49.5735213, -20.4013 ] ] ] } },
{ "type": "Feature", "properties": { "linha_id": 27, "comp_m": 0.56, "ini_m": 125.32, "fim_m": 125.88, "faixa_id": 2, "classe": "0.50–1.50 m", "_coa_length_m": 0.56, "_coa_class": "0,50–1,50 m" }, "geometry": { "type": "MultiLineString", "coordinates": [ [ [ -49.5737347, -20.4013208 ], [ -49.5737373, -20.4013211 ], [ -49.5737401, -20.4013213 ] ] ] } },
{ "type": "Feature", "properties": { "linha_id": 27, "comp_m": 1.04, "ini_m": 151.24, "fim_m": 152.28, "faixa_id": 2, "classe": "0.50–1.50 m", "_coa_length_m": 1.04, "_coa_class": "0,50–1,50 m" }, "geometry": { "type": "MultiLineString", "coordinates": [ [ [ -49.5739817, -20.401345 ], [ -49.5739857, -20.4013454 ], [ -49.5739907, -20.4013459 ], [ -49.5739917, -20.401346 ] ] ] } },
{ "type": "Feature", "properties": { "linha_id": 27, "comp_m": 0.72, "ini_m": 173.88, "fim_m": 174.6, "faixa_id": 2, "classe": "0.50–1.50 m", "_coa_length_m": 0.72, "_coa_class": "0,50–1,50 m" }, "geometry": { "type": "MultiLineString", "coordinates": [ [ [ -49.574197, -20.4013664 ], [ -49.5741992, -20.4013666 ], [ -49.5742017, -20.4013669 ], [ -49.5742038, -20.4013671 ] ] ] } },
{ "type": "Feature", "properties": { "linha_id": 27, "comp_m": 0.64, "ini_m": 234.84, "fim_m": 235.48, "faixa_id": 2, "classe": "0.50–1.50 m", "_coa_length_m": 0.64, "_coa_class": "0,50–1,50 m" }, "geometry": { "type": "MultiLineString", "coordinates": [ [ [ -49.5747773, -20.4014246 ], [ -49.574779, -20.4014248 ], [ -49.5747834, -20.4014253 ] ] ] } },
{ "type": "Feature", "properties": { "linha_id": 27, "comp_m": 3.371, "ini_m": 236.92, "fim_m": 240.291, "faixa_id": 4, "classe": "3.00–5.00 m", "_coa_length_m": 3.371, "_coa_class": "3,00–5,00 m" }, "geometry": { "type": "MultiLineString", "coordinates": [ [ [ -49.5747971, -20.4014269 ], [ -49.5747972, -20.4014269 ], [ -49.5748018, -20.4014274 ], [ -49.5748063, -20.4014279 ], [ -49.5748109, -20.4014284 ], [ -49.5748155, -20.401429 ], [ -49.57482, -20.4014295 ], [ -49.5748246, -20.40143 ], [ -49.5748292, -20.4014305 ] ] ] } },
{ "type": "Feature", "properties": { "linha_id": 28, "comp_m": 1.6, "ini_m": 0.04, "fim_m": 1.64, "faixa_id": 3, "classe": "1.50–3.00 m", "_coa_length_m": 1.6, "_coa_class": "1,50–3,00 m" }, "geometry": { "type": "MultiLineString", "coordinates": [ [ [ -49.5704537, -20.4018054 ], [ -49.5704679, -20.4018065 ], [ -49.570469, -20.4018067 ] ] ] } },
{ "type": "Feature", "properties": { "linha_id": 28, "comp_m": 1.12, "ini_m": 3.48, "fim_m": 4.6, "faixa_id": 2, "classe": "0.50–1.50 m", "_coa_length_m": 1.12, "_coa_class": "0,50–1,50 m" }, "geometry": { "type": "MultiLineString", "coordinates": [ [ [ -49.5704864, -20.4018092 ], [ -49.5704968, -20.401811 ], [ -49.5704969, -20.401811 ] ] ] } },
{ "type": "Feature", "properties": { "linha_id": 28, "comp_m": 0.72, "ini_m": 8.28, "fim_m": 9.0, "faixa_id": 2, "classe": "0.50–1.50 m", "_coa_length_m": 0.72, "_coa_class": "0,50–1,50 m" }, "geometry": { "type": "MultiLineString", "coordinates": [ [ [ -49.570532, -20.4018146 ], [ -49.5705388, -20.4018151 ] ] ] } },
{ "type": "Feature", "properties": { "linha_id": 28, "comp_m": 0.88, "ini_m": 19.72, "fim_m": 20.6, "faixa_id": 2, "classe": "0.50–1.50 m", "_coa_length_m": 0.88, "_coa_class": "0,50–1,50 m" }, "geometry": { "type": "MultiLineString", "coordinates": [ [ [ -49.5706409, -20.4018259 ], [ -49.5706439, -20.4018262 ], [ -49.5706493, -20.4018268 ] ] ] } },
{ "type": "Feature", "properties": { "linha_id": 28, "comp_m": 0.72, "ini_m": 43.96, "fim_m": 44.68, "faixa_id": 2, "classe": "0.50–1.50 m", "_coa_length_m": 0.72, "_coa_class": "0,50–1,50 m" }, "geometry": { "type": "MultiLineString", "coordinates": [ [ [ -49.5708719, -20.401848 ], [ -49.5708788, -20.4018489 ] ] ] } },
{ "type": "Feature", "properties": { "linha_id": 28, "comp_m": 0.72, "ini_m": 46.6, "fim_m": 47.32, "faixa_id": 2, "classe": "0.50–1.50 m", "_coa_length_m": 0.72, "_coa_class": "0,50–1,50 m" }, "geometry": { "type": "MultiLineString", "coordinates": [ [ [ -49.570897, -20.4018508 ], [ -49.5709039, -20.4018514 ] ] ] } },
{ "type": "Feature", "properties": { "linha_id": 28, "comp_m": 1.28, "ini_m": 64.84, "fim_m": 66.12, "faixa_id": 2, "classe": "0.50–1.50 m", "_coa_length_m": 1.28, "_coa_class": "0,50–1,50 m" }, "geometry": { "type": "MultiLineString", "coordinates": [ [ [ -49.5710707, -20.4018696 ], [ -49.5710709, -20.4018696 ], [ -49.5710828, -20.401871 ] ] ] } },
{ "type": "Feature", "properties": { "linha_id": 28, "comp_m": 1.28, "ini_m": 67.88, "fim_m": 69.16, "faixa_id": 2, "classe": "0.50–1.50 m", "_coa_length_m": 1.28, "_coa_class": "0,50–1,50 m" }, "geometry": { "type": "MultiLineString", "coordinates": [ [ [ -49.5710996, -20.4018727 ], [ -49.5711003, -20.4018728 ], [ -49.5711117, -20.4018743 ] ] ] } },
{ "type": "Feature", "properties": { "linha_id": 28, "comp_m": 0.56, "ini_m": 124.04, "fim_m": 124.6, "faixa_id": 2, "classe": "0.50–1.50 m", "_coa_length_m": 0.56, "_coa_class": "0,50–1,50 m" }, "geometry": { "type": "MultiLineString", "coordinates": [ [ [ -49.5716347, -20.4019257 ], [ -49.57164, -20.4019263 ] ] ] } },
{ "type": "Feature", "properties": { "linha_id": 28, "comp_m": 0.88, "ini_m": 169.48, "fim_m": 170.36, "faixa_id": 2, "classe": "0.50–1.50 m", "_coa_length_m": 0.88, "_coa_class": "0,50–1,50 m" }, "geometry": { "type": "MultiLineString", "coordinates": [ [ [ -49.5720668, -20.4019694 ], [ -49.5720744, -20.4019702 ], [ -49.5720752, -20.4019703 ] ] ] } },
{ "type": "Feature", "properties": { "linha_id": 28, "comp_m": 0.64, "ini_m": 212.76, "fim_m": 213.4, "faixa_id": 2, "classe": "0.50–1.50 m", "_coa_length_m": 0.64, "_coa_class": "0,50–1,50 m" }, "geometry": { "type": "MultiLineString", "coordinates": [ [ [ -49.5724791, -20.4020118 ], [ -49.5724834, -20.4020123 ], [ -49.5724852, -20.4020125 ] ] ] } },
{ "type": "Feature", "properties": { "linha_id": 28, "comp_m": 1.12, "ini_m": 249.24, "fim_m": 250.36, "faixa_id": 2, "classe": "0.50–1.50 m", "_coa_length_m": 1.12, "_coa_class": "0,50–1,50 m" }, "geometry": { "type": "MultiLineString", "coordinates": [ [ [ -49.5728261, -20.4020465 ], [ -49.5728275, -20.4020466 ], [ -49.5728359, -20.4020473 ], [ -49.5728368, -20.4020474 ] ] ] } },
{ "type": "Feature", "properties": { "linha_id": 28, "comp_m": 0.64, "ini_m": 307.0, "fim_m": 307.64, "faixa_id": 2, "classe": "0.50–1.50 m", "_coa_length_m": 0.64, "_coa_class": "0,50–1,50 m" }, "geometry": { "type": "MultiLineString", "coordinates": [ [ [ -49.5733763, -20.4021024 ], [ -49.5733819, -20.402103 ], [ -49.5733824, -20.402103 ] ] ] } },
{ "type": "Feature", "properties": { "linha_id": 28, "comp_m": 1.76, "ini_m": 315.96, "fim_m": 317.72, "faixa_id": 3, "classe": "1.50–3.00 m", "_coa_length_m": 1.76, "_coa_class": "1,50–3,00 m" }, "geometry": { "type": "MultiLineString", "coordinates": [ [ [ -49.5734617, -20.402111 ], [ -49.5734647, -20.4021114 ], [ -49.5734729, -20.4021123 ], [ -49.5734785, -20.4021128 ] ] ] } },
{ "type": "Feature", "properties": { "linha_id": 28, "comp_m": 0.96, "ini_m": 326.44, "fim_m": 327.4, "faixa_id": 2, "classe": "0.50–1.50 m", "_coa_length_m": 0.96, "_coa_class": "0,50–1,50 m" }, "geometry": { "type": "MultiLineString", "coordinates": [ [ [ -49.5735616, -20.4021201 ], [ -49.5735644, -20.4021204 ], [ -49.5735708, -20.4021211 ] ] ] } },
{ "type": "Feature", "properties": { "linha_id": 28, "comp_m": 0.96, "ini_m": 332.92, "fim_m": 333.88, "faixa_id": 2, "classe": "0.50–1.50 m", "_coa_length_m": 0.96, "_coa_class": "0,50–1,50 m" }, "geometry": { "type": "MultiLineString", "coordinates": [ [ [ -49.5736234, -20.4021264 ], [ -49.5736307, -20.4021269 ], [ -49.5736305, -20.4021273 ], [ -49.5736319, -20.4021274 ] ] ] } },
{ "type": "Feature", "properties": { "linha_id": 28, "comp_m": 1.52, "ini_m": 341.72, "fim_m": 343.24, "faixa_id": 3, "classe": "1.50–3.00 m", "_coa_length_m": 1.52, "_coa_class": "1,50–3,00 m" }, "geometry": { "type": "MultiLineString", "coordinates": [ [ [ -49.5737067, -20.4021347 ], [ -49.5737076, -20.4021348 ], [ -49.5737101, -20.402135 ], [ -49.5737126, -20.4021353 ], [ -49.5737151, -20.4021355 ], [ -49.5737176, -20.4021358 ], [ -49.57372, -20.4021361 ], [ -49.5737211, -20.4021362 ] ] ] } },
{ "type": "Feature", "properties": { "linha_id": 28, "comp_m": 0.56, "ini_m": 344.44, "fim_m": 345.0, "faixa_id": 2, "classe": "0.50–1.50 m", "_coa_length_m": 0.56, "_coa_class": "0,50–1,50 m" }, "geometry": { "type": "MultiLineString", "coordinates": [ [ [ -49.5737326, -20.4021374 ], [ -49.5737349, -20.4021376 ], [ -49.5737374, -20.4021379 ], [ -49.5737379, -20.4021379 ] ] ] } },
{ "type": "Feature", "properties": { "linha_id": 28, "comp_m": 0.64, "ini_m": 349.08, "fim_m": 349.72, "faixa_id": 2, "classe": "0.50–1.50 m", "_coa_length_m": 0.64, "_coa_class": "0,50–1,50 m" }, "geometry": { "type": "MultiLineString", "coordinates": [ [ [ -49.5737767, -20.402142 ], [ -49.573777, -20.4021421 ], [ -49.5737795, -20.4021423 ], [ -49.573782, -20.4021426 ], [ -49.5737828, -20.4021427 ] ] ] } },
{ "type": "Feature", "properties": { "linha_id": 28, "comp_m": 1.84, "ini_m": 351.16, "fim_m": 353.0, "faixa_id": 3, "classe": "1.50–3.00 m", "_coa_length_m": 1.84, "_coa_class": "1,50–3,00 m" }, "geometry": { "type": "MultiLineString", "coordinates": [ [ [ -49.5737965, -20.4021441 ], [ -49.5737968, -20.4021441 ], [ -49.5737993, -20.4021444 ], [ -49.5738018, -20.4021446 ], [ -49.5738043, -20.4021449 ], [ -49.5738068, -20.4021452 ], [ -49.5738092, -20.4021454 ], [ -49.5738117, -20.4021457 ], [ -49.5738141, -20.4021459 ] ] ] } },
{ "type": "Feature", "properties": { "linha_id": 28, "comp_m": 0.56, "ini_m": 353.4, "fim_m": 353.96, "faixa_id": 2, "classe": "0.50–1.50 m", "_coa_length_m": 0.56, "_coa_class": "0,50–1,50 m" }, "geometry": { "type": "MultiLineString", "coordinates": [ [ [ -49.5738179, -20.4021463 ], [ -49.5738192, -20.4021464 ], [ -49.5738217, -20.4021467 ], [ -49.5738232, -20.4021468 ] ] ] } },
{ "type": "Feature", "properties": { "linha_id": 28, "comp_m": 0.72, "ini_m": 354.44, "fim_m": 355.16, "faixa_id": 2, "classe": "0.50–1.50 m", "_coa_length_m": 0.72, "_coa_class": "0,50–1,50 m" }, "geometry": { "type": "MultiLineString", "coordinates": [ [ [ -49.5738278, -20.4021473 ], [ -49.5738291, -20.4021474 ], [ -49.5738316, -20.4021477 ], [ -49.5738341, -20.4021479 ], [ -49.5738347, -20.402148 ] ] ] } },
{ "type": "Feature", "properties": { "linha_id": 28, "comp_m": 0.56, "ini_m": 361.0, "fim_m": 361.56, "faixa_id": 2, "classe": "0.50–1.50 m", "_coa_length_m": 0.56, "_coa_class": "0,50–1,50 m" }, "geometry": { "type": "MultiLineString", "coordinates": [ [ [ -49.5738902, -20.4021533 ], [ -49.5738931, -20.4021536 ], [ -49.5738955, -20.4021539 ] ] ] } },
{ "type": "Feature", "properties": { "linha_id": 28, "comp_m": 0.56, "ini_m": 362.68, "fim_m": 363.24, "faixa_id": 2, "classe": "0.50–1.50 m", "_coa_length_m": 0.56, "_coa_class": "0,50–1,50 m" }, "geometry": { "type": "MultiLineString", "coordinates": [ [ [ -49.5739061, -20.4021551 ], [ -49.5739064, -20.4021552 ], [ -49.5739097, -20.4021555 ], [ -49.5739115, -20.4021557 ] ] ] } },
{ "type": "Feature", "properties": { "linha_id": 28, "comp_m": 0.8, "ini_m": 375.56, "fim_m": 376.36, "faixa_id": 2, "classe": "0.50–1.50 m", "_coa_length_m": 0.8, "_coa_class": "0,50–1,50 m" }, "geometry": { "type": "MultiLineString", "coordinates": [ [ [ -49.5740289, -20.4021673 ], [ -49.5740303, -20.4021674 ], [ -49.5740337, -20.4021678 ], [ -49.5740365, -20.4021681 ] ] ] } },
{ "type": "Feature", "properties": { "linha_id": 28, "comp_m": 1.6, "ini_m": 377.08, "fim_m": 378.68, "faixa_id": 3, "classe": "1.50–3.00 m", "_coa_length_m": 1.6, "_coa_class": "1,50–3,00 m" }, "geometry": { "type": "MultiLineString", "coordinates": [ [ [ -49.5740433, -20.4021689 ], [ -49.5740437, -20.4021689 ], [ -49.574047, -20.4021693 ], [ -49.5740503, -20.4021697 ], [ -49.5740537, -20.40217 ], [ -49.574057, -20.4021704 ], [ -49.5740586, -20.4021706 ] ] ] } },
{ "type": "Feature", "properties": { "linha_id": 28, "comp_m": 0.8, "ini_m": 379.24, "fim_m": 380.04, "faixa_id": 2, "classe": "0.50–1.50 m", "_coa_length_m": 0.8, "_coa_class": "0,50–1,50 m" }, "geometry": { "type": "MultiLineString", "coordinates": [ [ [ -49.5740639, -20.4021711 ], [ -49.574067, -20.4021715 ], [ -49.5740703, -20.4021718 ], [ -49.5740715, -20.4021719 ] ] ] } },
{ "type": "Feature", "properties": { "linha_id": 28, "comp_m": 0.64, "ini_m": 384.04, "fim_m": 384.68, "faixa_id": 2, "classe": "0.50–1.50 m", "_coa_length_m": 0.64, "_coa_class": "0,50–1,50 m" }, "geometry": { "type": "MultiLineString", "coordinates": [ [ [ -49.5741097, -20.4021754 ], [ -49.5741107, -20.4021755 ], [ -49.574114, -20.4021758 ], [ -49.5741158, -20.4021759 ] ] ] } },
{ "type": "Feature", "properties": { "linha_id": 28, "comp_m": 1.36, "ini_m": 416.28, "fim_m": 417.64, "faixa_id": 2, "classe": "0.50–1.50 m", "_coa_length_m": 1.36, "_coa_class": "0,50–1,50 m" }, "geometry": { "type": "MultiLineString", "coordinates": [ [ [ -49.5744159, -20.4022065 ], [ -49.5744184, -20.4022068 ], [ -49.5744246, -20.4022073 ], [ -49.5744289, -20.4022077 ] ] ] } },
{ "type": "Feature", "properties": { "linha_id": 28, "comp_m": 0.96, "ini_m": 435.0, "fim_m": 435.96, "faixa_id": 2, "classe": "0.50–1.50 m", "_coa_length_m": 0.96, "_coa_class": "0,50–1,50 m" }, "geometry": { "type": "MultiLineString", "coordinates": [ [ [ -49.5745942, -20.4022248 ], [ -49.574598, -20.4022253 ], [ -49.5746034, -20.4022258 ] ] ] } },
{ "type": "Feature", "properties": { "linha_id": 28, "comp_m": 1.04, "ini_m": 446.52, "fim_m": 447.56, "faixa_id": 2, "classe": "0.50–1.50 m", "_coa_length_m": 1.04, "_coa_class": "0,50–1,50 m" }, "geometry": { "type": "MultiLineString", "coordinates": [ [ [ -49.5747041, -20.4022347 ], [ -49.5747101, -20.4022353 ], [ -49.574714, -20.4022357 ] ] ] } },
{ "type": "Feature", "properties": { "linha_id": 28, "comp_m": 1.12, "ini_m": 454.04, "fim_m": 455.16, "faixa_id": 2, "classe": "0.50–1.50 m", "_coa_length_m": 1.12, "_coa_class": "0,50–1,50 m" }, "geometry": { "type": "MultiLineString", "coordinates": [ [ [ -49.5747757, -20.4022424 ], [ -49.5747781, -20.4022427 ], [ -49.5747842, -20.4022433 ], [ -49.5747864, -20.4022435 ] ] ] } },
{ "type": "Feature", "properties": { "linha_id": 28, "comp_m": 1.266, "ini_m": 457.56, "fim_m": 458.826, "faixa_id": 2, "classe": "0.50–1.50 m", "_coa_length_m": 1.266, "_coa_class": "0,50–1,50 m" }, "geometry": { "type": "MultiLineString", "coordinates": [ [ [ -49.5748093, -20.4022446 ], [ -49.5748152, -20.4022445 ], [ -49.5748214, -20.4022441 ] ] ] } },
{ "type": "Feature", "properties": { "linha_id": 29, "comp_m": 4.08, "ini_m": 0.2, "fim_m": 4.28, "faixa_id": 4, "classe": "3.00–5.00 m", "_coa_length_m": 4.081, "_coa_class": "3,00–5,00 m" }, "geometry": { "type": "MultiLineString", "coordinates": [ [ [ -49.5704634, -20.4014696 ], [ -49.5705004, -20.4014709 ], [ -49.5705025, -20.401471 ] ] ] } },
{ "type": "Feature", "properties": { "linha_id": 29, "comp_m": 0.88, "ini_m": 5.72, "fim_m": 6.6, "faixa_id": 2, "classe": "0.50–1.50 m", "_coa_length_m": 0.88, "_coa_class": "0,50–1,50 m" }, "geometry": { "type": "MultiLineString", "coordinates": [ [ [ -49.5705163, -20.4014718 ], [ -49.5705246, -20.4014725 ], [ -49.5705247, -20.4014725 ] ] ] } },
{ "type": "Feature", "properties": { "linha_id": 29, "comp_m": 0.8, "ini_m": 26.92, "fim_m": 27.72, "faixa_id": 2, "classe": "0.50–1.50 m", "_coa_length_m": 0.8, "_coa_class": "0,50–1,50 m" }, "geometry": { "type": "MultiLineString", "coordinates": [ [ [ -49.5707183, -20.4014919 ], [ -49.5707259, -20.4014925 ] ] ] } },
{ "type": "Feature", "properties": { "linha_id": 29, "comp_m": 0.56, "ini_m": 29.0, "fim_m": 29.56, "faixa_id": 2, "classe": "0.50–1.50 m", "_coa_length_m": 0.56, "_coa_class": "0,50–1,50 m" }, "geometry": { "type": "MultiLineString", "coordinates": [ [ [ -49.5707381, -20.4014938 ], [ -49.5707396, -20.401494 ], [ -49.5707434, -20.4014943 ] ] ] } },
{ "type": "Feature", "properties": { "linha_id": 29, "comp_m": 0.56, "ini_m": 31.24, "fim_m": 31.8, "faixa_id": 2, "classe": "0.50–1.50 m", "_coa_length_m": 0.56, "_coa_class": "0,50–1,50 m" }, "geometry": { "type": "MultiLineString", "coordinates": [ [ [ -49.5707595, -20.4014957 ], [ -49.5707635, -20.4014961 ], [ -49.5707648, -20.4014962 ] ] ] } },
{ "type": "Feature", "properties": { "linha_id": 29, "comp_m": 0.88, "ini_m": 112.12, "fim_m": 113.0, "faixa_id": 2, "classe": "0.50–1.50 m", "_coa_length_m": 0.88, "_coa_class": "0,50–1,50 m" }, "geometry": { "type": "MultiLineString", "coordinates": [ [ [ -49.5715298, -20.4015742 ], [ -49.5715382, -20.4015752 ] ] ] } },
{ "type": "Feature", "properties": { "linha_id": 29, "comp_m": 1.12, "ini_m": 121.64, "fim_m": 122.76, "faixa_id": 2, "classe": "0.50–1.50 m", "_coa_length_m": 1.12, "_coa_class": "0,50–1,50 m" }, "geometry": { "type": "MultiLineString", "coordinates": [ [ [ -49.5716204, -20.4015841 ], [ -49.5716225, -20.4015843 ], [ -49.5716311, -20.4015851 ] ] ] } },
{ "type": "Feature", "properties": { "linha_id": 30, "comp_m": 0.56, "ini_m": 3.4, "fim_m": 3.96, "faixa_id": 2, "classe": "0.50–1.50 m", "_coa_length_m": 0.56, "_coa_class": "0,50–1,50 m" }, "geometry": { "type": "MultiLineString", "coordinates": [ [ [ -49.5705184, -20.4015948 ], [ -49.5705237, -20.4015953 ] ] ] } },
{ "type": "Feature", "properties": { "linha_id": 30, "comp_m": 0.88, "ini_m": 22.36, "fim_m": 23.24, "faixa_id": 2, "classe": "0.50–1.50 m", "_coa_length_m": 0.88, "_coa_class": "0,50–1,50 m" }, "geometry": { "type": "MultiLineString", "coordinates": [ [ [ -49.5706989, -20.401614 ], [ -49.5707013, -20.4016143 ], [ -49.5707073, -20.4016149 ] ] ] } },
{ "type": "Feature", "properties": { "linha_id": 30, "comp_m": 0.72, "ini_m": 44.04, "fim_m": 44.76, "faixa_id": 2, "classe": "0.50–1.50 m", "_coa_length_m": 0.72, "_coa_class": "0,50–1,50 m" }, "geometry": { "type": "MultiLineString", "coordinates": [ [ [ -49.5709055, -20.4016343 ], [ -49.5709068, -20.4016345 ], [ -49.5709123, -20.401635 ] ] ] } },
{ "type": "Feature", "properties": { "linha_id": 30, "comp_m": 0.64, "ini_m": 91.0, "fim_m": 91.64, "faixa_id": 2, "classe": "0.50–1.50 m", "_coa_length_m": 0.64, "_coa_class": "0,50–1,50 m" }, "geometry": { "type": "MultiLineString", "coordinates": [ [ [ -49.5713528, -20.4016797 ], [ -49.5713582, -20.4016803 ], [ -49.5713589, -20.4016803 ] ] ] } },
{ "type": "Feature", "properties": { "linha_id": 30, "comp_m": 0.64, "ini_m": 100.04, "fim_m": 100.68, "faixa_id": 2, "classe": "0.50–1.50 m", "_coa_length_m": 0.64, "_coa_class": "0,50–1,50 m" }, "geometry": { "type": "MultiLineString", "coordinates": [ [ [ -49.5714389, -20.4016881 ], [ -49.5714404, -20.4016883 ], [ -49.571445, -20.4016888 ] ] ] } },
{ "type": "Feature", "properties": { "linha_id": 30, "comp_m": 0.56, "ini_m": 134.52, "fim_m": 135.08, "faixa_id": 2, "classe": "0.50–1.50 m", "_coa_length_m": 0.56, "_coa_class": "0,50–1,50 m" }, "geometry": { "type": "MultiLineString", "coordinates": [ [ [ -49.571765, -20.4017222 ], [ -49.5717704, -20.4017225 ] ] ] } },
{ "type": "Feature", "properties": { "linha_id": 30, "comp_m": 0.72, "ini_m": 278.12, "fim_m": 278.84, "faixa_id": 2, "classe": "0.50–1.50 m", "_coa_length_m": 0.72, "_coa_class": "0,50–1,50 m" }, "geometry": { "type": "MultiLineString", "coordinates": [ [ [ -49.5731331, -20.4018591 ], [ -49.57314, -20.4018599 ] ] ] } },
{ "type": "Feature", "properties": { "linha_id": 30, "comp_m": 0.8, "ini_m": 366.44, "fim_m": 367.24, "faixa_id": 2, "classe": "0.50–1.50 m", "_coa_length_m": 0.8, "_coa_class": "0,50–1,50 m" }, "geometry": { "type": "MultiLineString", "coordinates": [ [ [ -49.5739745, -20.401944 ], [ -49.5739821, -20.4019449 ] ] ] } },
{ "type": "Feature", "properties": { "linha_id": 30, "comp_m": 0.64, "ini_m": 402.12, "fim_m": 402.76, "faixa_id": 2, "classe": "0.50–1.50 m", "_coa_length_m": 0.64, "_coa_class": "0,50–1,50 m" }, "geometry": { "type": "MultiLineString", "coordinates": [ [ [ -49.5743142, -20.4019777 ], [ -49.5743172, -20.401978 ], [ -49.5743203, -20.4019783 ] ] ] } },
{ "type": "Feature", "properties": { "linha_id": 30, "comp_m": 0.88, "ini_m": 444.68, "fim_m": 445.56, "faixa_id": 2, "classe": "0.50–1.50 m", "_coa_length_m": 0.88, "_coa_class": "0,50–1,50 m" }, "geometry": { "type": "MultiLineString", "coordinates": [ [ [ -49.5747195, -20.4020193 ], [ -49.5747204, -20.4020194 ], [ -49.574726, -20.4020201 ], [ -49.5747279, -20.4020204 ] ] ] } },
{ "type": "Feature", "properties": { "linha_id": 30, "comp_m": 1.28, "ini_m": 449.96, "fim_m": 451.24, "faixa_id": 2, "classe": "0.50–1.50 m", "_coa_length_m": 1.28, "_coa_class": "0,50–1,50 m" }, "geometry": { "type": "MultiLineString", "coordinates": [ [ [ -49.5747697, -20.4020257 ], [ -49.5747709, -20.4020259 ], [ -49.5747766, -20.4020265 ], [ -49.5747819, -20.402027 ] ] ] } },
{ "type": "Feature", "properties": { "linha_id": 31, "comp_m": 1.12, "ini_m": 1.4, "fim_m": 2.52, "faixa_id": 2, "classe": "0.50–1.50 m", "_coa_length_m": 1.12, "_coa_class": "0,50–1,50 m" }, "geometry": { "type": "MultiLineString", "coordinates": [ [ [ -49.570475, -20.4014953 ], [ -49.5704857, -20.4014958 ] ] ] } },
{ "type": "Feature", "properties": { "linha_id": 31, "comp_m": 1.68, "ini_m": 16.28, "fim_m": 17.96, "faixa_id": 3, "classe": "1.50–3.00 m", "_coa_length_m": 1.68, "_coa_class": "1,50–3,00 m" }, "geometry": { "type": "MultiLineString", "coordinates": [ [ [ -49.5706169, -20.4015084 ], [ -49.5706329, -20.4015098 ] ] ] } },
{ "type": "Feature", "properties": { "linha_id": 31, "comp_m": 0.56, "ini_m": 31.72, "fim_m": 32.28, "faixa_id": 2, "classe": "0.50–1.50 m", "_coa_length_m": 0.56, "_coa_class": "0,50–1,50 m" }, "geometry": { "type": "MultiLineString", "coordinates": [ [ [ -49.570764, -20.4015223 ], [ -49.5707657, -20.4015225 ], [ -49.5707694, -20.4015229 ] ] ] } },
{ "type": "Feature", "properties": { "linha_id": 31, "comp_m": 0.96, "ini_m": 38.92, "fim_m": 39.88, "faixa_id": 2, "classe": "0.50–1.50 m", "_coa_length_m": 0.96, "_coa_class": "0,50–1,50 m" }, "geometry": { "type": "MultiLineString", "coordinates": [ [ [ -49.5708325, -20.4015305 ], [ -49.5708416, -20.4015316 ] ] ] } },
{ "type": "Feature", "properties": { "linha_id": 31, "comp_m": 0.64, "ini_m": 61.4, "fim_m": 62.04, "faixa_id": 2, "classe": "0.50–1.50 m", "_coa_length_m": 0.64, "_coa_class": "0,50–1,50 m" }, "geometry": { "type": "MultiLineString", "coordinates": [ [ [ -49.5710465, -20.4015529 ], [ -49.5710526, -20.4015537 ] ] ] } },
{ "type": "Feature", "properties": { "linha_id": 31, "comp_m": 1.2, "ini_m": 63.4, "fim_m": 64.6, "faixa_id": 2, "classe": "0.50–1.50 m", "_coa_length_m": 1.2, "_coa_class": "0,50–1,50 m" }, "geometry": { "type": "MultiLineString", "coordinates": [ [ [ -49.5710655, -20.4015553 ], [ -49.5710684, -20.4015557 ], [ -49.571077, -20.4015564 ] ] ] } },
{ "type": "Feature", "properties": { "linha_id": 31, "comp_m": 0.72, "ini_m": 74.92, "fim_m": 75.64, "faixa_id": 2, "classe": "0.50–1.50 m", "_coa_length_m": 0.72, "_coa_class": "0,50–1,50 m" }, "geometry": { "type": "MultiLineString", "coordinates": [ [ [ -49.5711753, -20.4015658 ], [ -49.5711822, -20.4015664 ] ] ] } },
{ "type": "Feature", "properties": { "linha_id": 31, "comp_m": 0.88, "ini_m": 77.8, "fim_m": 78.68, "faixa_id": 2, "classe": "0.50–1.50 m", "_coa_length_m": 0.88, "_coa_class": "0,50–1,50 m" }, "geometry": { "type": "MultiLineString", "coordinates": [ [ [ -49.5712028, -20.4015685 ], [ -49.5712111, -20.4015695 ] ] ] } },
{ "type": "Feature", "properties": { "linha_id": 31, "comp_m": 0.56, "ini_m": 111.96, "fim_m": 112.52, "faixa_id": 2, "classe": "0.50–1.50 m", "_coa_length_m": 0.56, "_coa_class": "0,50–1,50 m" }, "geometry": { "type": "MultiLineString", "coordinates": [ [ [ -49.5715282, -20.4016016 ], [ -49.5715335, -20.4016023 ] ] ] } },
{ "type": "Feature", "properties": { "linha_id": 31, "comp_m": 0.56, "ini_m": 212.52, "fim_m": 213.08, "faixa_id": 2, "classe": "0.50–1.50 m", "_coa_length_m": 0.56, "_coa_class": "0,50–1,50 m" }, "geometry": { "type": "MultiLineString", "coordinates": [ [ [ -49.5724859, -20.4016994 ], [ -49.5724913, -20.4017001 ] ] ] } },
{ "type": "Feature", "properties": { "linha_id": 31, "comp_m": 0.72, "ini_m": 427.64, "fim_m": 428.36, "faixa_id": 2, "classe": "0.50–1.50 m", "_coa_length_m": 0.72, "_coa_class": "0,50–1,50 m" }, "geometry": { "type": "MultiLineString", "coordinates": [ [ [ -49.5745345, -20.4019039 ], [ -49.5745407, -20.4019044 ], [ -49.5745413, -20.4019045 ] ] ] } },
{ "type": "Feature", "properties": { "linha_id": 32, "comp_m": 1.0, "ini_m": 0.0, "fim_m": 1.0, "faixa_id": 2, "classe": "0.50–1.50 m", "_coa_length_m": 1.0, "_coa_class": "0,50–1,50 m" }, "geometry": { "type": "MultiLineString", "coordinates": [ [ [ -49.5704525, -20.4018351 ], [ -49.5704575, -20.4018352 ], [ -49.5704621, -20.4018354 ] ] ] } },
{ "type": "Feature", "properties": { "linha_id": 32, "comp_m": 1.52, "ini_m": 4.68, "fim_m": 6.2, "faixa_id": 3, "classe": "1.50–3.00 m", "_coa_length_m": 1.52, "_coa_class": "1,50–3,00 m" }, "geometry": { "type": "MultiLineString", "coordinates": [ [ [ -49.5704971, -20.4018392 ], [ -49.5705004, -20.4018396 ], [ -49.5705051, -20.4018401 ], [ -49.5705099, -20.4018406 ], [ -49.5705116, -20.4018407 ] ] ] } },
{ "type": "Feature", "properties": { "linha_id": 32, "comp_m": 0.72, "ini_m": 16.52, "fim_m": 17.24, "faixa_id": 2, "classe": "0.50–1.50 m", "_coa_length_m": 0.72, "_coa_class": "0,50–1,50 m" }, "geometry": { "type": "MultiLineString", "coordinates": [ [ [ -49.5706101, -20.4018492 ], [ -49.5706109, -20.4018493 ], [ -49.5706157, -20.4018498 ], [ -49.5706169, -20.4018499 ] ] ] } },
{ "type": "Feature", "properties": { "linha_id": 32, "comp_m": 0.56, "ini_m": 35.4, "fim_m": 35.96, "faixa_id": 2, "classe": "0.50–1.50 m", "_coa_length_m": 0.56, "_coa_class": "0,50–1,50 m" }, "geometry": { "type": "MultiLineString", "coordinates": [ [ [ -49.5707899, -20.4018678 ], [ -49.5707923, -20.4018681 ], [ -49.5707952, -20.4018683 ] ] ] } },
{ "type": "Feature", "properties": { "linha_id": 32, "comp_m": 0.64, "ini_m": 300.2, "fim_m": 300.84, "faixa_id": 2, "classe": "0.50–1.50 m", "_coa_length_m": 0.64, "_coa_class": "0,50–1,50 m" }, "geometry": { "type": "MultiLineString", "coordinates": [ [ [ -49.573312, -20.4021227 ], [ -49.5733181, -20.4021233 ] ] ] } },
{ "type": "Feature", "properties": { "linha_id": 32, "comp_m": 0.56, "ini_m": 301.48, "fim_m": 302.04, "faixa_id": 2, "classe": "0.50–1.50 m", "_coa_length_m": 0.56, "_coa_class": "0,50–1,50 m" }, "geometry": { "type": "MultiLineString", "coordinates": [ [ [ -49.5733242, -20.4021238 ], [ -49.5733295, -20.4021243 ] ] ] } },
{ "type": "Feature", "properties": { "linha_id": 32, "comp_m": 0.88, "ini_m": 320.84, "fim_m": 321.72, "faixa_id": 2, "classe": "0.50–1.50 m", "_coa_length_m": 0.88, "_coa_class": "0,50–1,50 m" }, "geometry": { "type": "MultiLineString", "coordinates": [ [ [ -49.5735086, -20.4021428 ], [ -49.573512, -20.4021431 ], [ -49.573517, -20.4021436 ] ] ] } },
{ "type": "Feature", "properties": { "linha_id": 32, "comp_m": 0.56, "ini_m": 322.6, "fim_m": 323.16, "faixa_id": 2, "classe": "0.50–1.50 m", "_coa_length_m": 0.56, "_coa_class": "0,50–1,50 m" }, "geometry": { "type": "MultiLineString", "coordinates": [ [ [ -49.5735254, -20.4021444 ], [ -49.5735302, -20.4021449 ], [ -49.5735307, -20.402145 ] ] ] } },
{ "type": "Feature", "properties": { "linha_id": 32, "comp_m": 0.56, "ini_m": 370.84, "fim_m": 371.4, "faixa_id": 2, "classe": "0.50–1.50 m", "_coa_length_m": 0.56, "_coa_class": "0,50–1,50 m" }, "geometry": { "type": "MultiLineString", "coordinates": [ [ [ -49.5739849, -20.4021911 ], [ -49.573985, -20.4021911 ], [ -49.5739902, -20.4021917 ] ] ] } },
{ "type": "Feature", "properties": { "linha_id": 32, "comp_m": 0.56, "ini_m": 372.6, "fim_m": 373.16, "faixa_id": 2, "classe": "0.50–1.50 m", "_coa_length_m": 0.56, "_coa_class": "0,50–1,50 m" }, "geometry": { "type": "MultiLineString", "coordinates": [ [ [ -49.5740017, -20.4021929 ], [ -49.5740032, -20.402193 ], [ -49.574007, -20.4021934 ] ] ] } },
{ "type": "Feature", "properties": { "linha_id": 32, "comp_m": 0.64, "ini_m": 385.48, "fim_m": 386.12, "faixa_id": 2, "classe": "0.50–1.50 m", "_coa_length_m": 0.64, "_coa_class": "0,50–1,50 m" }, "geometry": { "type": "MultiLineString", "coordinates": [ [ [ -49.5741245, -20.4022042 ], [ -49.5741306, -20.4022049 ] ] ] } },
{ "type": "Feature", "properties": { "linha_id": 32, "comp_m": 1.6, "ini_m": 387.4, "fim_m": 389.0, "faixa_id": 3, "classe": "1.50–3.00 m", "_coa_length_m": 1.6, "_coa_class": "1,50–3,00 m" }, "geometry": { "type": "MultiLineString", "coordinates": [ [ [ -49.5741428, -20.4022063 ], [ -49.5741489, -20.402207 ], [ -49.574158, -20.4022079 ] ] ] } },
{ "type": "Feature", "properties": { "linha_id": 32, "comp_m": 0.8, "ini_m": 401.16, "fim_m": 401.96, "faixa_id": 2, "classe": "0.50–1.50 m", "_coa_length_m": 0.8, "_coa_class": "0,50–1,50 m" }, "geometry": { "type": "MultiLineString", "coordinates": [ [ [ -49.5742733, -20.4022193 ], [ -49.5742783, -20.4022198 ], [ -49.5742809, -20.4022201 ] ] ] } },
{ "type": "Feature", "properties": { "linha_id": 32, "comp_m": 0.64, "ini_m": 412.6, "fim_m": 413.24, "faixa_id": 2, "classe": "0.50–1.50 m", "_coa_length_m": 0.64, "_coa_class": "0,50–1,50 m" }, "geometry": { "type": "MultiLineString", "coordinates": [ [ [ -49.5743822, -20.4022313 ], [ -49.5743835, -20.4022315 ], [ -49.5743883, -20.402232 ] ] ] } },
{ "type": "Feature", "properties": { "linha_id": 32, "comp_m": 2.64, "ini_m": 453.72, "fim_m": 456.36, "faixa_id": 3, "classe": "1.50–3.00 m", "_coa_length_m": 2.64, "_coa_class": "1,50–3,00 m" }, "geometry": { "type": "MultiLineString", "coordinates": [ [ [ -49.5747741, -20.4022693 ], [ -49.5747759, -20.4022695 ], [ -49.5747822, -20.4022701 ], [ -49.5747884, -20.4022707 ], [ -49.5747946, -20.4022713 ], [ -49.5747992, -20.4022718 ] ] ] } },
{ "type": "Feature", "properties": { "linha_id": 32, "comp_m": 0.996, "ini_m": 457.48, "fim_m": 458.476, "faixa_id": 2, "classe": "0.50–1.50 m", "_coa_length_m": 0.996, "_coa_class": "0,50–1,50 m" }, "geometry": { "type": "MultiLineString", "coordinates": [ [ [ -49.5748099, -20.402273 ], [ -49.5748129, -20.4022732 ], [ -49.5748194, -20.4022727 ] ] ] } },
{ "type": "Feature", "properties": { "linha_id": 33, "comp_m": 0.88, "ini_m": 0.6, "fim_m": 1.48, "faixa_id": 2, "classe": "0.50–1.50 m", "_coa_length_m": 0.88, "_coa_class": "0,50–1,50 m" }, "geometry": { "type": "MultiLineString", "coordinates": [ [ [ -49.5704678, -20.4016035 ], [ -49.5704703, -20.4016036 ], [ -49.5704763, -20.4016038 ] ] ] } },
{ "type": "Feature", "properties": { "linha_id": 33, "comp_m": 0.64, "ini_m": 33.56, "fim_m": 34.2, "faixa_id": 2, "classe": "0.50–1.50 m", "_coa_length_m": 0.64, "_coa_class": "0,50–1,50 m" }, "geometry": { "type": "MultiLineString", "coordinates": [ [ [ -49.5707818, -20.4016352 ], [ -49.5707827, -20.4016353 ], [ -49.5707879, -20.4016358 ] ] ] } },
{ "type": "Feature", "properties": { "linha_id": 33, "comp_m": 1.04, "ini_m": 147.24, "fim_m": 148.28, "faixa_id": 2, "classe": "0.50–1.50 m", "_coa_length_m": 1.04, "_coa_class": "0,50–1,50 m" }, "geometry": { "type": "MultiLineString", "coordinates": [ [ [ -49.5718646, -20.4017458 ], [ -49.5718669, -20.401746 ], [ -49.5718746, -20.4017467 ] ] ] } },
{ "type": "Feature", "properties": { "linha_id": 33, "comp_m": 0.96, "ini_m": 347.16, "fim_m": 348.12, "faixa_id": 2, "classe": "0.50–1.50 m", "_coa_length_m": 0.96, "_coa_class": "0,50–1,50 m" }, "geometry": { "type": "MultiLineString", "coordinates": [ [ [ -49.5737679, -20.4019368 ], [ -49.5737686, -20.4019368 ], [ -49.5737765, -20.4019376 ], [ -49.573777, -20.4019377 ] ] ] } },
{ "type": "Feature", "properties": { "linha_id": 33, "comp_m": 2.24, "ini_m": 452.6, "fim_m": 454.84, "faixa_id": 3, "classe": "1.50–3.00 m", "_coa_length_m": 2.24, "_coa_class": "1,50–3,00 m" }, "geometry": { "type": "MultiLineString", "coordinates": [ [ [ -49.574771, -20.4020382 ], [ -49.5747769, -20.4020389 ], [ -49.5747831, -20.4020396 ], [ -49.5747893, -20.4020403 ], [ -49.5747923, -20.4020406 ] ] ] } },
{ "type": "Feature", "properties": { "linha_id": 34, "comp_m": 3.2, "ini_m": 0.68, "fim_m": 3.88, "faixa_id": 4, "classe": "3.00–5.00 m", "_coa_length_m": 3.2, "_coa_class": "3,00–5,00 m" }, "geometry": { "type": "MultiLineString", "coordinates": [ [ [ -49.5704688, -20.4014549 ], [ -49.5704688, -20.4014549 ], [ -49.5704691, -20.4014549 ], [ -49.5704694, -20.4014549 ], [ -49.5704697, -20.4014549 ], [ -49.57047, -20.4014549 ], [ -49.5704703, -20.4014549 ], [ -49.5704706, -20.4014549 ], [ -49.5704709, -20.4014549 ], [ -49.5704712, -20.4014549 ], [ -49.5704715, -20.4014549 ], [ -49.5704719, -20.4014549 ], [ -49.5704722, -20.4014549 ], [ -49.5704725, -20.4014549 ], [ -49.5704728, -20.4014548 ], [ -49.5704731, -20.4014548 ], [ -49.5704734, -20.4014548 ], [ -49.5704737, -20.4014548 ], [ -49.570474, -20.4014548 ], [ -49.5704743, -20.4014548 ], [ -49.5704746, -20.4014547 ], [ -49.5704749, -20.4014547 ], [ -49.5704752, -20.4014547 ], [ -49.5704755, -20.4014547 ], [ -49.5704759, -20.4014547 ], [ -49.5704762, -20.4014546 ], [ -49.5704765, -20.4014546 ], [ -49.5704768, -20.4014546 ], [ -49.5704771, -20.4014546 ], [ -49.5704774, -20.4014545 ], [ -49.5704777, -20.4014545 ], [ -49.570478, -20.4014545 ], [ -49.5704783, -20.4014545 ], [ -49.5704786, -20.4014545 ], [ -49.5704789, -20.4014544 ], [ -49.5704792, -20.4014544 ], [ -49.5704795, -20.4014544 ], [ -49.5704799, -20.4014544 ], [ -49.5704802, -20.4014544 ], [ -49.5704805, -20.4014544 ], [ -49.5704808, -20.4014543 ], [ -49.5704811, -20.4014543 ], [ -49.5704814, -20.4014543 ], [ -49.5704817, -20.4014543 ], [ -49.570482, -20.4014543 ], [ -49.5704823, -20.4014543 ], [ -49.5704826, -20.4014543 ], [ -49.5704829, -20.4014543 ], [ -49.5704832, -20.4014543 ], [ -49.5704835, -20.4014543 ], [ -49.5704838, -20.4014543 ], [ -49.5704841, -20.4014543 ], [ -49.5704844, -20.4014543 ], [ -49.5704847, -20.4014543 ], [ -49.570485, -20.4014543 ], [ -49.5704853, -20.4014543 ], [ -49.5704856, -20.4014543 ], [ -49.5704858, -20.4014543 ], [ -49.5704861, -20.4014544 ], [ -49.5704864, -20.4014544 ], [ -49.5704867, -20.4014544 ], [ -49.570487, -20.4014544 ], [ -49.5704873, -20.4014545 ], [ -49.5704876, -20.4014545 ], [ -49.5704879, -20.4014545 ], [ -49.5704882, -20.4014546 ], [ -49.5704884, -20.4014546 ], [ -49.5704887, -20.4014547 ], [ -49.570489, -20.4014547 ], [ -49.5704893, -20.4014548 ], [ -49.5704896, -20.4014548 ], [ -49.5704898, -20.4014549 ], [ -49.5704901, -20.4014549 ], [ -49.5704904, -20.401455 ], [ -49.5704907, -20.4014551 ], [ -49.5704909, -20.4014552 ], [ -49.5704912, -20.4014552 ], [ -49.5704915, -20.4014553 ], [ -49.5704917, -20.4014554 ], [ -49.5704925, -20.4014555 ], [ -49.5704933, -20.4014556 ], [ -49.5704942, -20.4014557 ], [ -49.570495, -20.4014558 ], [ -49.5704959, -20.4014559 ], [ -49.5704967, -20.401456 ], [ -49.5704976, -20.4014561 ], [ -49.5704983, -20.4014562 ], [ -49.5704993, -20.4014563 ] ] ] } },
{ "type": "Feature", "properties": { "linha_id": 34, "comp_m": 1.12, "ini_m": 4.76, "fim_m": 5.88, "faixa_id": 2, "classe": "0.50–1.50 m", "_coa_length_m": 1.12, "_coa_class": "0,50–1,50 m" }, "geometry": { "type": "MultiLineString", "coordinates": [ [ [ -49.5705076, -20.4014572 ], [ -49.5705141, -20.401458 ], [ -49.5705183, -20.4014582 ] ] ] } },
{ "type": "Feature", "properties": { "linha_id": 34, "comp_m": 1.44, "ini_m": 6.52, "fim_m": 7.96, "faixa_id": 2, "classe": "0.50–1.50 m", "_coa_length_m": 1.44, "_coa_class": "0,50–1,50 m" }, "geometry": { "type": "MultiLineString", "coordinates": [ [ [ -49.5705244, -20.4014586 ], [ -49.5705302, -20.401459 ], [ -49.5705381, -20.4014599 ] ] ] } },
{ "type": "Feature", "properties": { "linha_id": 34, "comp_m": 1.36, "ini_m": 8.28, "fim_m": 9.64, "faixa_id": 2, "classe": "0.50–1.50 m", "_coa_length_m": 1.36, "_coa_class": "0,50–1,50 m" }, "geometry": { "type": "MultiLineString", "coordinates": [ [ [ -49.5705412, -20.4014603 ], [ -49.5705461, -20.4014608 ], [ -49.5705541, -20.4014619 ] ] ] } },
{ "type": "Feature", "properties": { "linha_id": 34, "comp_m": 0.56, "ini_m": 18.36, "fim_m": 18.92, "faixa_id": 2, "classe": "0.50–1.50 m", "_coa_length_m": 0.56, "_coa_class": "0,50–1,50 m" }, "geometry": { "type": "MultiLineString", "coordinates": [ [ [ -49.5706371, -20.4014708 ], [ -49.5706415, -20.4014713 ], [ -49.5706424, -20.4014714 ] ] ] } },
{ "type": "Feature", "properties": { "linha_id": 34, "comp_m": 0.56, "ini_m": 79.56, "fim_m": 80.12, "faixa_id": 2, "classe": "0.50–1.50 m", "_coa_length_m": 0.56, "_coa_class": "0,50–1,50 m" }, "geometry": { "type": "MultiLineString", "coordinates": [ [ [ -49.5712201, -20.40153 ], [ -49.5712254, -20.4015305 ] ] ] } },
{ "type": "Feature", "properties": { "linha_id": 34, "comp_m": 0.64, "ini_m": 120.52, "fim_m": 121.16, "faixa_id": 2, "classe": "0.50–1.50 m", "_coa_length_m": 0.64, "_coa_class": "0,50–1,50 m" }, "geometry": { "type": "MultiLineString", "coordinates": [ [ [ -49.5716102, -20.40157 ], [ -49.5716141, -20.4015703 ], [ -49.5716163, -20.4015705 ] ] ] } },
{ "type": "Feature", "properties": { "linha_id": 34, "comp_m": 1.04, "ini_m": 320.12, "fim_m": 321.16, "faixa_id": 2, "classe": "0.50–1.50 m", "_coa_length_m": 1.04, "_coa_class": "0,50–1,50 m" }, "geometry": { "type": "MultiLineString", "coordinates": [ [ [ -49.5735107, -20.4017616 ], [ -49.5735205, -20.4017629 ] ] ] } },
{ "type": "Feature", "properties": { "linha_id": 34, "comp_m": 0.56, "ini_m": 358.76, "fim_m": 359.32, "faixa_id": 2, "classe": "0.50–1.50 m", "_coa_length_m": 0.56, "_coa_class": "0,50–1,50 m" }, "geometry": { "type": "MultiLineString", "coordinates": [ [ [ -49.5738788, -20.4017982 ], [ -49.5738841, -20.4017988 ] ] ] } },
{ "type": "Feature", "properties": { "linha_id": 34, "comp_m": 0.96, "ini_m": 437.56, "fim_m": 438.52, "faixa_id": 2, "classe": "0.50–1.50 m", "_coa_length_m": 0.96, "_coa_class": "0,50–1,50 m" }, "geometry": { "type": "MultiLineString", "coordinates": [ [ [ -49.5746295, -20.4018735 ], [ -49.5746386, -20.4018744 ] ] ] } },
{ "type": "Feature", "properties": { "linha_id": 35, "comp_m": 0.68, "ini_m": 0.0, "fim_m": 0.68, "faixa_id": 2, "classe": "0.50–1.50 m", "_coa_length_m": 0.68, "_coa_class": "0,50–1,50 m" }, "geometry": { "type": "MultiLineString", "coordinates": [ [ [ -49.570454, -20.4016285 ], [ -49.5704604, -20.4016291 ] ] ] } },
{ "type": "Feature", "properties": { "linha_id": 35, "comp_m": 0.64, "ini_m": 108.36, "fim_m": 109.0, "faixa_id": 2, "classe": "0.50–1.50 m", "_coa_length_m": 0.64, "_coa_class": "0,50–1,50 m" }, "geometry": { "type": "MultiLineString", "coordinates": [ [ [ -49.571486, -20.4017336 ], [ -49.5714921, -20.4017344 ] ] ] } },
{ "type": "Feature", "properties": { "linha_id": 35, "comp_m": 0.72, "ini_m": 454.52, "fim_m": 455.24, "faixa_id": 2, "classe": "0.50–1.50 m", "_coa_length_m": 0.72, "_coa_class": "0,50–1,50 m" }, "geometry": { "type": "MultiLineString", "coordinates": [ [ [ -49.574783, -20.4020663 ], [ -49.5747877, -20.4020668 ], [ -49.5747898, -20.402067 ] ] ] } },
{ "type": "Feature", "properties": { "linha_id": 35, "comp_m": 0.56, "ini_m": 456.92, "fim_m": 457.48, "faixa_id": 2, "classe": "0.50–1.50 m", "_coa_length_m": 0.56, "_coa_class": "0,50–1,50 m" }, "geometry": { "type": "MultiLineString", "coordinates": [ [ [ -49.5748058, -20.4020686 ], [ -49.5748112, -20.4020692 ] ] ] } },
{ "type": "Feature", "properties": { "linha_id": 36, "comp_m": 0.68, "ini_m": 0.0, "fim_m": 0.68, "faixa_id": 2, "classe": "0.50–1.50 m", "_coa_length_m": 0.68, "_coa_class": "0,50–1,50 m" }, "geometry": { "type": "MultiLineString", "coordinates": [ [ [ -49.57046, -20.4012899 ], [ -49.5704665, -20.4012901 ] ] ] } },
{ "type": "Feature", "properties": { "linha_id": 36, "comp_m": 0.96, "ini_m": 2.92, "fim_m": 3.88, "faixa_id": 2, "classe": "0.50–1.50 m", "_coa_length_m": 0.96, "_coa_class": "0,50–1,50 m" }, "geometry": { "type": "MultiLineString", "coordinates": [ [ [ -49.570488, -20.4012908 ], [ -49.5704972, -20.4012913 ] ] ] } },
{ "type": "Feature", "properties": { "linha_id": 36, "comp_m": 1.431, "ini_m": 456.36, "fim_m": 457.791, "faixa_id": 2, "classe": "0.50–1.50 m", "_coa_length_m": 1.431, "_coa_class": "0,50–1,50 m" }, "geometry": { "type": "MultiLineString", "coordinates": [ [ [ -49.5748059, -20.4017287 ], [ -49.5748071, -20.4017288 ], [ -49.5748133, -20.4017293 ], [ -49.5748195, -20.4017299 ] ] ] } },
{ "type": "Feature", "properties": { "linha_id": 37, "comp_m": 1.12, "ini_m": 103.72, "fim_m": 104.84, "faixa_id": 2, "classe": "0.50–1.50 m", "_coa_length_m": 1.12, "_coa_class": "0,50–1,50 m" }, "geometry": { "type": "MultiLineString", "coordinates": [ [ [ -49.5714581, -20.4017454 ], [ -49.5714614, -20.4017457 ], [ -49.5714663, -20.4017462 ], [ -49.5714687, -20.4017465 ] ] ] } },
{ "type": "Feature", "properties": { "linha_id": 37, "comp_m": 0.8, "ini_m": 120.76, "fim_m": 121.56, "faixa_id": 2, "classe": "0.50–1.50 m", "_coa_length_m": 0.8, "_coa_class": "0,50–1,50 m" }, "geometry": { "type": "MultiLineString", "coordinates": [ [ [ -49.5716202, -20.401761 ], [ -49.5716278, -20.4017621 ] ] ] } },
{ "type": "Feature", "properties": { "linha_id": 37, "comp_m": 0.64, "ini_m": 307.08, "fim_m": 307.72, "faixa_id": 2, "classe": "0.50–1.50 m", "_coa_length_m": 0.64, "_coa_class": "0,50–1,50 m" }, "geometry": { "type": "MultiLineString", "coordinates": [ [ [ -49.5733937, -20.4019409 ], [ -49.573396, -20.4019412 ], [ -49.5733998, -20.4019415 ] ] ] } },
{ "type": "Feature", "properties": { "linha_id": 37, "comp_m": 0.56, "ini_m": 376.04, "fim_m": 376.6, "faixa_id": 2, "classe": "0.50–1.50 m", "_coa_length_m": 0.56, "_coa_class": "0,50–1,50 m" }, "geometry": { "type": "MultiLineString", "coordinates": [ [ [ -49.5740503, -20.4020067 ], [ -49.5740526, -20.4020069 ], [ -49.5740557, -20.4020073 ] ] ] } },
{ "type": "Feature", "properties": { "linha_id": 37, "comp_m": 0.56, "ini_m": 452.44, "fim_m": 453.0, "faixa_id": 2, "classe": "0.50–1.50 m", "_coa_length_m": 0.56, "_coa_class": "0,50–1,50 m" }, "geometry": { "type": "MultiLineString", "coordinates": [ [ [ -49.5747779, -20.4020799 ], [ -49.574778, -20.4020799 ], [ -49.5747801, -20.4020801 ], [ -49.5747821, -20.4020804 ], [ -49.5747832, -20.4020805 ] ] ] } },
{ "type": "Feature", "properties": { "linha_id": 37, "comp_m": 1.36, "ini_m": 453.96, "fim_m": 455.32, "faixa_id": 2, "classe": "0.50–1.50 m", "_coa_length_m": 1.36, "_coa_class": "0,50–1,50 m" }, "geometry": { "type": "MultiLineString", "coordinates": [ [ [ -49.5747923, -20.4020816 ], [ -49.5747941, -20.4020818 ], [ -49.5747961, -20.402082 ], [ -49.5747981, -20.4020823 ], [ -49.5748001, -20.4020825 ], [ -49.5748021, -20.4020828 ], [ -49.5748041, -20.402083 ], [ -49.5748052, -20.4020831 ] ] ] } },
{ "type": "Feature", "properties": { "linha_id": 38, "comp_m": 3.16, "ini_m": 0.0, "fim_m": 3.16, "faixa_id": 4, "classe": "3.00–5.00 m", "_coa_length_m": 3.16, "_coa_class": "3,00–5,00 m" }, "geometry": { "type": "MultiLineString", "coordinates": [ [ [ -49.5725241, -20.4011872 ], [ -49.5725244, -20.4011872 ], [ -49.5725248, -20.4011872 ], [ -49.5725251, -20.4011872 ], [ -49.5725254, -20.4011872 ], [ -49.5725257, -20.4011872 ], [ -49.572526, -20.4011871 ], [ -49.5725264, -20.4011871 ], [ -49.5725267, -20.4011871 ], [ -49.572527, -20.4011871 ], [ -49.5725274, -20.4011871 ], [ -49.5725277, -20.4011871 ], [ -49.572528, -20.4011871 ], [ -49.5725284, -20.4011871 ], [ -49.5725287, -20.4011871 ], [ -49.572529, -20.401187 ], [ -49.5725294, -20.401187 ], [ -49.5725297, -20.401187 ], [ -49.5725301, -20.401187 ], [ -49.5725304, -20.401187 ], [ -49.5725308, -20.401187 ], [ -49.5725311, -20.401187 ], [ -49.5725314, -20.4011869 ], [ -49.5725318, -20.4011869 ], [ -49.5725321, -20.4011869 ], [ -49.5725325, -20.4011869 ], [ -49.5725328, -20.4011869 ], [ -49.5725332, -20.4011869 ], [ -49.5725335, -20.4011869 ], [ -49.5725339, -20.4011868 ], [ -49.5725342, -20.4011868 ], [ -49.5725346, -20.4011868 ], [ -49.5725349, -20.4011868 ], [ -49.5725353, -20.4011868 ], [ -49.5725356, -20.4011868 ], [ -49.572536, -20.4011868 ], [ -49.5725363, -20.4011868 ], [ -49.5725367, -20.4011867 ], [ -49.572537, -20.4011867 ], [ -49.5725374, -20.4011867 ], [ -49.5725377, -20.4011867 ], [ -49.5725381, -20.4011867 ], [ -49.5725385, -20.4011867 ], [ -49.5725388, -20.4011867 ], [ -49.5725392, -20.4011867 ], [ -49.5725395, -20.4011867 ], [ -49.5725399, -20.4011867 ], [ -49.5725402, -20.4011867 ], [ -49.5725406, -20.4011867 ], [ -49.5725409, -20.4011867 ], [ -49.5725413, -20.4011867 ], [ -49.5725416, -20.4011867 ], [ -49.572542, -20.4011867 ], [ -49.5725423, -20.4011867 ], [ -49.5725427, -20.4011867 ], [ -49.572543, -20.4011867 ], [ -49.5725434, -20.4011867 ], [ -49.5725437, -20.4011867 ], [ -49.5725441, -20.4011867 ], [ -49.5725444, -20.4011868 ], [ -49.5725448, -20.4011868 ], [ -49.5725451, -20.4011868 ], [ -49.5725455, -20.4011868 ], [ -49.5725458, -20.4011868 ], [ -49.5725462, -20.4011869 ], [ -49.5725465, -20.4011869 ], [ -49.5725469, -20.4011869 ], [ -49.5725472, -20.4011869 ], [ -49.5725475, -20.401187 ], [ -49.5725479, -20.401187 ], [ -49.5725482, -20.401187 ], [ -49.5725486, -20.4011871 ], [ -49.5725489, -20.4011871 ], [ -49.5725492, -20.4011871 ], [ -49.5725496, -20.4011872 ], [ -49.5725499, -20.4011872 ], [ -49.5725502, -20.4011873 ], [ -49.5725506, -20.4011873 ], [ -49.5725509, -20.4011874 ], [ -49.5725512, -20.4011874 ], [ -49.5725516, -20.4011875 ], [ -49.5725519, -20.4011875 ], [ -49.5725522, -20.4011876 ], [ -49.5725525, -20.4011877 ], [ -49.5725529, -20.4011877 ], [ -49.5725532, -20.4011878 ], [ -49.5725535, -20.4011879 ], [ -49.5725538, -20.4011879 ], [ -49.5725541, -20.401188 ], [ -49.5725543, -20.401188 ] ] ] } },
{ "type": "Feature", "properties": { "linha_id": 38, "comp_m": 0.56, "ini_m": 162.04, "fim_m": 162.6, "faixa_id": 2, "classe": "0.50–1.50 m", "_coa_length_m": 0.56, "_coa_class": "0,50–1,50 m" }, "geometry": { "type": "MultiLineString", "coordinates": [ [ [ -49.5740655, -20.4013397 ], [ -49.5740683, -20.40134 ], [ -49.5740708, -20.4013403 ] ] ] } },
{ "type": "Feature", "properties": { "linha_id": 38, "comp_m": 1.92, "ini_m": 205.48, "fim_m": 207.4, "faixa_id": 3, "classe": "1.50–3.00 m", "_coa_length_m": 1.92, "_coa_class": "1,50–3,00 m" }, "geometry": { "type": "MultiLineString", "coordinates": [ [ [ -49.5744791, -20.4013802 ], [ -49.5744799, -20.4013803 ], [ -49.5744851, -20.401381 ], [ -49.5744904, -20.4013816 ], [ -49.5744957, -20.4013822 ], [ -49.5744974, -20.4013824 ] ] ] } },
{ "type": "Feature", "properties": { "linha_id": 38, "comp_m": 0.56, "ini_m": 230.44, "fim_m": 231.0, "faixa_id": 2, "classe": "0.50–1.50 m", "_coa_length_m": 0.56, "_coa_class": "0,50–1,50 m" }, "geometry": { "type": "MultiLineString", "coordinates": [ [ [ -49.5747169, -20.4014042 ], [ -49.5747189, -20.4014044 ], [ -49.5747223, -20.4014047 ] ] ] } },
{ "type": "Feature", "properties": { "linha_id": 38, "comp_m": 0.638, "ini_m": 240.52, "fim_m": 241.158, "faixa_id": 2, "classe": "0.50–1.50 m", "_coa_length_m": 0.638, "_coa_class": "0,50–1,50 m" }, "geometry": { "type": "MultiLineString", "coordinates": [ [ [ -49.5748125, -20.4014166 ], [ -49.5748134, -20.4014167 ], [ -49.5748185, -20.4014175 ] ] ] } },
{ "type": "Feature", "properties": { "linha_id": 39, "comp_m": 0.56, "ini_m": 2.04, "fim_m": 2.6, "faixa_id": 2, "classe": "0.50–1.50 m", "_coa_length_m": 0.56, "_coa_class": "0,50–1,50 m" }, "geometry": { "type": "MultiLineString", "coordinates": [ [ [ -49.5704779, -20.4018233 ], [ -49.5704833, -20.4018238 ] ] ] } },
{ "type": "Feature", "properties": { "linha_id": 39, "comp_m": 0.64, "ini_m": 11.0, "fim_m": 11.64, "faixa_id": 2, "classe": "0.50–1.50 m", "_coa_length_m": 0.64, "_coa_class": "0,50–1,50 m" }, "geometry": { "type": "MultiLineString", "coordinates": [ [ [ -49.5705634, -20.4018307 ], [ -49.5705695, -20.4018313 ] ] ] } },
{ "type": "Feature", "properties": { "linha_id": 39, "comp_m": 0.88, "ini_m": 24.28, "fim_m": 25.16, "faixa_id": 2, "classe": "0.50–1.50 m", "_coa_length_m": 0.88, "_coa_class": "0,50–1,50 m" }, "geometry": { "type": "MultiLineString", "coordinates": [ [ [ -49.5706899, -20.4018436 ], [ -49.5706934, -20.4018441 ], [ -49.5706983, -20.4018446 ] ] ] } },
{ "type": "Feature", "properties": { "linha_id": 39, "comp_m": 0.64, "ini_m": 35.24, "fim_m": 35.88, "faixa_id": 2, "classe": "0.50–1.50 m", "_coa_length_m": 0.64, "_coa_class": "0,50–1,50 m" }, "geometry": { "type": "MultiLineString", "coordinates": [ [ [ -49.5707942, -20.4018553 ], [ -49.5707955, -20.4018555 ], [ -49.5708003, -20.4018559 ] ] ] } },
{ "type": "Feature", "properties": { "linha_id": 39, "comp_m": 0.88, "ini_m": 46.2, "fim_m": 47.08, "faixa_id": 2, "classe": "0.50–1.50 m", "_coa_length_m": 0.88, "_coa_class": "0,50–1,50 m" }, "geometry": { "type": "MultiLineString", "coordinates": [ [ [ -49.5708987, -20.4018652 ], [ -49.570907, -20.401866 ] ] ] } },
{ "type": "Feature", "properties": { "linha_id": 39, "comp_m": 1.2, "ini_m": 47.72, "fim_m": 48.92, "faixa_id": 2, "classe": "0.50–1.50 m", "_coa_length_m": 1.2, "_coa_class": "0,50–1,50 m" }, "geometry": { "type": "MultiLineString", "coordinates": [ [ [ -49.5709131, -20.4018667 ], [ -49.5709246, -20.4018676 ] ] ] } },
{ "type": "Feature", "properties": { "linha_id": 39, "comp_m": 0.8, "ini_m": 212.12, "fim_m": 212.92, "faixa_id": 2, "classe": "0.50–1.50 m", "_coa_length_m": 0.8, "_coa_class": "0,50–1,50 m" }, "geometry": { "type": "MultiLineString", "coordinates": [ [ [ -49.5724781, -20.4020252 ], [ -49.5724789, -20.4020253 ], [ -49.5724798, -20.4020254 ], [ -49.5724806, -20.4020254 ], [ -49.5724814, -20.4020255 ], [ -49.5724823, -20.4020255 ], [ -49.5724831, -20.4020256 ], [ -49.5724827, -20.4020263 ], [ -49.5724836, -20.4020264 ], [ -49.5724845, -20.4020265 ] ] ] } },
{ "type": "Feature", "properties": { "linha_id": 39, "comp_m": 1.04, "ini_m": 322.12, "fim_m": 323.16, "faixa_id": 2, "classe": "0.50–1.50 m", "_coa_length_m": 1.04, "_coa_class": "0,50–1,50 m" }, "geometry": { "type": "MultiLineString", "coordinates": [ [ [ -49.5735238, -20.4021299 ], [ -49.5735263, -20.4021302 ], [ -49.5735337, -20.4021309 ] ] ] } },
{ "type": "Feature", "properties": { "linha_id": 39, "comp_m": 1.04, "ini_m": 329.64, "fim_m": 330.68, "faixa_id": 2, "classe": "0.50–1.50 m", "_coa_length_m": 1.04, "_coa_class": "0,50–1,50 m" }, "geometry": { "type": "MultiLineString", "coordinates": [ [ [ -49.5735954, -20.4021374 ], [ -49.5736018, -20.402138 ], [ -49.5736053, -20.4021384 ] ] ] } },
{ "type": "Feature", "properties": { "linha_id": 39, "comp_m": 0.64, "ini_m": 414.84, "fim_m": 415.48, "faixa_id": 2, "classe": "0.50–1.50 m", "_coa_length_m": 0.64, "_coa_class": "0,50–1,50 m" }, "geometry": { "type": "MultiLineString", "coordinates": [ [ [ -49.5744069, -20.4022185 ], [ -49.5744084, -20.4022186 ], [ -49.5744129, -20.4022191 ], [ -49.574413, -20.4022191 ] ] ] } },
{ "type": "Feature", "properties": { "linha_id": 39, "comp_m": 1.04, "ini_m": 416.84, "fim_m": 417.88, "faixa_id": 2, "classe": "0.50–1.50 m", "_coa_length_m": 1.04, "_coa_class": "0,50–1,50 m" }, "geometry": { "type": "MultiLineString", "coordinates": [ [ [ -49.5744259, -20.4022206 ], [ -49.5744263, -20.4022206 ], [ -49.5744307, -20.4022211 ], [ -49.5744352, -20.4022216 ], [ -49.5744358, -20.4022217 ] ] ] } },
{ "type": "Feature", "properties": { "linha_id": 40, "comp_m": 1.76, "ini_m": 0.6, "fim_m": 2.36, "faixa_id": 3, "classe": "1.50–3.00 m", "_coa_length_m": 1.76, "_coa_class": "1,50–3,00 m" }, "geometry": { "type": "MultiLineString", "coordinates": [ [ [ -49.5704673, -20.4016172 ], [ -49.5704825, -20.4016182 ], [ -49.5704841, -20.4016183 ] ] ] } },
{ "type": "Feature", "properties": { "linha_id": 40, "comp_m": 0.56, "ini_m": 41.96, "fim_m": 42.52, "faixa_id": 2, "classe": "0.50–1.50 m", "_coa_length_m": 0.56, "_coa_class": "0,50–1,50 m" }, "geometry": { "type": "MultiLineString", "coordinates": [ [ [ -49.5708613, -20.4016567 ], [ -49.5708666, -20.4016573 ] ] ] } },
{ "type": "Feature", "properties": { "linha_id": 40, "comp_m": 1.52, "ini_m": 452.12, "fim_m": 453.64, "faixa_id": 3, "classe": "1.50–3.00 m", "_coa_length_m": 1.52, "_coa_class": "1,50–3,00 m" }, "geometry": { "type": "MultiLineString", "coordinates": [ [ [ -49.5747676, -20.4020524 ], [ -49.57478, -20.4020532 ], [ -49.5747822, -20.4020534 ] ] ] } },
{ "type": "Feature", "properties": { "linha_id": 41, "comp_m": 0.8, "ini_m": 335.72, "fim_m": 336.52, "faixa_id": 2, "classe": "0.50–1.50 m", "_coa_length_m": 0.8, "_coa_class": "0,50–1,50 m" }, "geometry": { "type": "MultiLineString", "coordinates": [ [ [ -49.5736668, -20.4019813 ], [ -49.573674, -20.4019821 ], [ -49.5736744, -20.4019821 ] ] ] } },
{ "type": "Feature", "properties": { "linha_id": 41, "comp_m": 1.52, "ini_m": 378.2, "fim_m": 379.72, "faixa_id": 3, "classe": "1.50–3.00 m", "_coa_length_m": 1.52, "_coa_class": "1,50–3,00 m" }, "geometry": { "type": "MultiLineString", "coordinates": [ [ [ -49.5740711, -20.4020215 ], [ -49.5740792, -20.4020223 ], [ -49.5740855, -20.4020229 ] ] ] } },
{ "type": "Feature", "properties": { "linha_id": 41, "comp_m": 0.72, "ini_m": 429.88, "fim_m": 430.6, "faixa_id": 2, "classe": "0.50–1.50 m", "_coa_length_m": 0.72, "_coa_class": "0,50–1,50 m" }, "geometry": { "type": "MultiLineString", "coordinates": [ [ [ -49.5745634, -20.4020712 ], [ -49.5745658, -20.4020714 ], [ -49.5745702, -20.4020719 ] ] ] } },
{ "type": "Feature", "properties": { "linha_id": 41, "comp_m": 3.04, "ini_m": 446.52, "fim_m": 449.56, "faixa_id": 4, "classe": "3.00–5.00 m", "_coa_length_m": 3.04, "_coa_class": "3,00–5,00 m" }, "geometry": { "type": "MultiLineString", "coordinates": [ [ [ -49.5747209, -20.4020878 ], [ -49.574721, -20.4020878 ], [ -49.5747228, -20.402088 ], [ -49.5747245, -20.4020882 ], [ -49.5747262, -20.4020884 ], [ -49.5747279, -20.4020885 ], [ -49.5747296, -20.4020887 ], [ -49.5747313, -20.4020889 ], [ -49.574733, -20.402089 ], [ -49.5747348, -20.4020892 ], [ -49.5747365, -20.4020894 ], [ -49.5747382, -20.4020895 ], [ -49.5747399, -20.4020897 ], [ -49.5747416, -20.4020899 ], [ -49.5747433, -20.40209 ], [ -49.574745, -20.4020902 ], [ -49.5747468, -20.4020904 ], [ -49.5747485, -20.4020905 ], [ -49.5747499, -20.4020906 ] ] ] } },
{ "type": "Feature", "properties": { "linha_id": 41, "comp_m": 0.64, "ini_m": 451.4, "fim_m": 452.04, "faixa_id": 2, "classe": "0.50–1.50 m", "_coa_length_m": 0.64, "_coa_class": "0,50–1,50 m" }, "geometry": { "type": "MultiLineString", "coordinates": [ [ [ -49.5747674, -20.4020922 ], [ -49.5747691, -20.4020924 ], [ -49.5747708, -20.4020925 ], [ -49.5747726, -20.4020927 ], [ -49.5747735, -20.4020927 ] ] ] } },
{ "type": "Feature", "properties": { "linha_id": 42, "comp_m": 2.12, "ini_m": 0.0, "fim_m": 2.12, "faixa_id": 3, "classe": "1.50–3.00 m", "_coa_length_m": 2.12, "_coa_class": "1,50–3,00 m" }, "geometry": { "type": "MultiLineString", "coordinates": [ [ [ -49.5704569, -20.4016733 ], [ -49.5704772, -20.4016736 ] ] ] } },
{ "type": "Feature", "properties": { "linha_id": 42, "comp_m": 0.56, "ini_m": 7.08, "fim_m": 7.64, "faixa_id": 2, "classe": "0.50–1.50 m", "_coa_length_m": 0.56, "_coa_class": "0,50–1,50 m" }, "geometry": { "type": "MultiLineString", "coordinates": [ [ [ -49.5705245, -20.4016771 ], [ -49.5705298, -20.4016778 ] ] ] } },
{ "type": "Feature", "properties": { "linha_id": 42, "comp_m": 0.72, "ini_m": 32.44, "fim_m": 33.16, "faixa_id": 2, "classe": "0.50–1.50 m", "_coa_length_m": 0.72, "_coa_class": "0,50–1,50 m" }, "geometry": { "type": "MultiLineString", "coordinates": [ [ [ -49.5707661, -20.4017016 ], [ -49.5707729, -20.4017025 ] ] ] } },
{ "type": "Feature", "properties": { "linha_id": 42, "comp_m": 0.56, "ini_m": 53.72, "fim_m": 54.28, "faixa_id": 2, "classe": "0.50–1.50 m", "_coa_length_m": 0.56, "_coa_class": "0,50–1,50 m" }, "geometry": { "type": "MultiLineString", "coordinates": [ [ [ -49.5709687, -20.4017228 ], [ -49.5709708, -20.401723 ], [ -49.570974, -20.4017233 ] ] ] } },
{ "type": "Feature", "properties": { "linha_id": 42, "comp_m": 0.8, "ini_m": 66.52, "fim_m": 67.32, "faixa_id": 2, "classe": "0.50–1.50 m", "_coa_length_m": 0.8, "_coa_class": "0,50–1,50 m" }, "geometry": { "type": "MultiLineString", "coordinates": [ [ [ -49.5710906, -20.4017351 ], [ -49.5710955, -20.4017357 ], [ -49.5710982, -20.401736 ] ] ] } },
{ "type": "Feature", "properties": { "linha_id": 42, "comp_m": 0.72, "ini_m": 79.24, "fim_m": 79.96, "faixa_id": 2, "classe": "0.50–1.50 m", "_coa_length_m": 0.72, "_coa_class": "0,50–1,50 m" }, "geometry": { "type": "MultiLineString", "coordinates": [ [ [ -49.5712118, -20.4017471 ], [ -49.5712187, -20.4017478 ] ] ] } },
{ "type": "Feature", "properties": { "linha_id": 42, "comp_m": 0.8, "ini_m": 347.64, "fim_m": 348.44, "faixa_id": 2, "classe": "0.50–1.50 m", "_coa_length_m": 0.8, "_coa_class": "0,50–1,50 m" }, "geometry": { "type": "MultiLineString", "coordinates": [ [ [ -49.5737676, -20.4020057 ], [ -49.5737678, -20.4020057 ], [ -49.5737745, -20.4020063 ], [ -49.5737752, -20.4020064 ] ] ] } },
{ "type": "Feature", "properties": { "linha_id": 42, "comp_m": 0.8, "ini_m": 397.48, "fim_m": 398.28, "faixa_id": 2, "classe": "0.50–1.50 m", "_coa_length_m": 0.8, "_coa_class": "0,50–1,50 m" }, "geometry": { "type": "MultiLineString", "coordinates": [ [ [ -49.5742413, -20.402053 ], [ -49.5742415, -20.402053 ], [ -49.5742423, -20.4020531 ], [ -49.5742432, -20.4020532 ], [ -49.574244, -20.4020533 ], [ -49.5742448, -20.4020534 ], [ -49.5742456, -20.4020535 ], [ -49.5742464, -20.4020536 ], [ -49.5742473, -20.4020537 ], [ -49.5742481, -20.4020538 ], [ -49.5742489, -20.4020538 ], [ -49.574249, -20.4020539 ] ] ] } },
{ "type": "Feature", "properties": { "linha_id": 42, "comp_m": 0.64, "ini_m": 442.2, "fim_m": 442.84, "faixa_id": 2, "classe": "0.50–1.50 m", "_coa_length_m": 0.64, "_coa_class": "0,50–1,50 m" }, "geometry": { "type": "MultiLineString", "coordinates": [ [ [ -49.5746669, -20.4020963 ], [ -49.574667, -20.4020964 ], [ -49.5746679, -20.4020964 ], [ -49.5746687, -20.4020965 ], [ -49.5746696, -20.4020966 ], [ -49.5746705, -20.4020967 ], [ -49.5746714, -20.4020968 ], [ -49.5746722, -20.4020969 ], [ -49.574673, -20.402097 ] ] ] } },
{ "type": "Feature", "properties": { "linha_id": 42, "comp_m": 1.12, "ini_m": 446.2, "fim_m": 447.32, "faixa_id": 2, "classe": "0.50–1.50 m", "_coa_length_m": 1.12, "_coa_class": "0,50–1,50 m" }, "geometry": { "type": "MultiLineString", "coordinates": [ [ [ -49.5747048, -20.402099 ], [ -49.5747058, -20.4020991 ], [ -49.5747068, -20.4020992 ], [ -49.5747079, -20.4020992 ], [ -49.574709, -20.4020993 ], [ -49.5747101, -20.4020994 ], [ -49.5747112, -20.4020994 ], [ -49.5747123, -20.4020995 ], [ -49.5747134, -20.4020996 ], [ -49.5747144, -20.4020997 ], [ -49.5747155, -20.4020998 ] ] ] } },
{ "type": "Feature", "properties": { "linha_id": 42, "comp_m": 1.92, "ini_m": 448.52, "fim_m": 450.44, "faixa_id": 3, "classe": "1.50–3.00 m", "_coa_length_m": 1.92, "_coa_class": "1,50–3,00 m" }, "geometry": { "type": "MultiLineString", "coordinates": [ [ [ -49.574727, -20.4021007 ], [ -49.5747274, -20.4021008 ], [ -49.5747285, -20.4021009 ], [ -49.5747296, -20.402101 ], [ -49.5747307, -20.4021011 ], [ -49.5747318, -20.4021012 ], [ -49.5747328, -20.4021013 ], [ -49.5747339, -20.4021014 ], [ -49.574735, -20.4021015 ], [ -49.5747361, -20.4021016 ], [ -49.5747372, -20.4021017 ], [ -49.5747382, -20.4021019 ], [ -49.5747393, -20.402102 ], [ -49.5747404, -20.4021021 ], [ -49.5747415, -20.4021022 ], [ -49.5747426, -20.4021023 ], [ -49.5747436, -20.4021024 ], [ -49.5747447, -20.4021025 ], [ -49.5747452, -20.4021026 ] ] ] } },
{ "type": "Feature", "properties": { "linha_id": 43, "comp_m": 1.48, "ini_m": 0.0, "fim_m": 1.48, "faixa_id": 2, "classe": "0.50–1.50 m", "_coa_length_m": 1.48, "_coa_class": "0,50–1,50 m" }, "geometry": { "type": "MultiLineString", "coordinates": [ [ [ -49.5704581, -20.4017232 ], [ -49.5704586, -20.4017234 ], [ -49.5704591, -20.4017236 ], [ -49.5704596, -20.4017238 ], [ -49.5704602, -20.401724 ], [ -49.5704607, -20.4017242 ], [ -49.5704613, -20.4017244 ], [ -49.5704618, -20.4017246 ], [ -49.5704624, -20.4017247 ], [ -49.5704629, -20.4017249 ], [ -49.5704635, -20.4017251 ], [ -49.5704641, -20.4017252 ], [ -49.5704646, -20.4017253 ], [ -49.5704652, -20.4017255 ], [ -49.5704658, -20.4017256 ], [ -49.5704664, -20.4017257 ], [ -49.570467, -20.4017258 ], [ -49.5704676, -20.401726 ], [ -49.5704681, -20.4017261 ], [ -49.5704687, -20.4017262 ], [ -49.5704693, -20.4017262 ], [ -49.5704699, -20.4017263 ], [ -49.5704705, -20.4017264 ], [ -49.5704711, -20.4017265 ], [ -49.5704717, -20.4017266 ] ] ] } },
{ "type": "Feature", "properties": { "linha_id": 43, "comp_m": 1.04, "ini_m": 4.84, "fim_m": 5.88, "faixa_id": 2, "classe": "0.50–1.50 m", "_coa_length_m": 1.04, "_coa_class": "0,50–1,50 m" }, "geometry": { "type": "MultiLineString", "coordinates": [ [ [ -49.5705038, -20.4017286 ], [ -49.570504, -20.4017286 ], [ -49.5705046, -20.4017287 ], [ -49.5705052, -20.4017288 ], [ -49.5705058, -20.4017289 ], [ -49.5705064, -20.401729 ], [ -49.570507, -20.4017291 ], [ -49.5705076, -20.4017292 ], [ -49.5705082, -20.4017293 ], [ -49.5705088, -20.4017295 ], [ -49.5705094, -20.4017296 ], [ -49.57051, -20.4017297 ], [ -49.5705106, -20.4017299 ], [ -49.5705112, -20.40173 ], [ -49.5705118, -20.4017302 ], [ -49.5705124, -20.4017303 ], [ -49.5705129, -20.4017305 ], [ -49.5705134, -20.4017307 ], [ -49.5705135, -20.4017307 ] ] ] } },
{ "type": "Feature", "properties": { "linha_id": 43, "comp_m": 2.16, "ini_m": 7.4, "fim_m": 9.56, "faixa_id": 3, "classe": "1.50–3.00 m", "_coa_length_m": 2.16, "_coa_class": "1,50–3,00 m" }, "geometry": { "type": "MultiLineString", "coordinates": [ [ [ -49.5705278, -20.4017328 ], [ -49.5705484, -20.4017343 ] ] ] } },
{ "type": "Feature", "properties": { "linha_id": 43, "comp_m": 1.28, "ini_m": 10.68, "fim_m": 11.96, "faixa_id": 2, "classe": "0.50–1.50 m", "_coa_length_m": 1.28, "_coa_class": "0,50–1,50 m" }, "geometry": { "type": "MultiLineString", "coordinates": [ [ [ -49.5705591, -20.401735 ], [ -49.5705713, -20.4017359 ] ] ] } },
{ "type": "Feature", "properties": { "linha_id": 43, "comp_m": 1.36, "ini_m": 28.36, "fim_m": 29.72, "faixa_id": 2, "classe": "0.50–1.50 m", "_coa_length_m": 1.36, "_coa_class": "0,50–1,50 m" }, "geometry": { "type": "MultiLineString", "coordinates": [ [ [ -49.5707275, -20.4017523 ], [ -49.5707375, -20.4017533 ], [ -49.5707404, -20.4017536 ] ] ] } },
{ "type": "Feature", "properties": { "linha_id": 43, "comp_m": 0.72, "ini_m": 34.44, "fim_m": 35.16, "faixa_id": 2, "classe": "0.50–1.50 m", "_coa_length_m": 0.72, "_coa_class": "0,50–1,50 m" }, "geometry": { "type": "MultiLineString", "coordinates": [ [ [ -49.5707855, -20.4017574 ], [ -49.5707923, -20.4017581 ] ] ] } },
{ "type": "Feature", "properties": { "linha_id": 43, "comp_m": 1.44, "ini_m": 112.04, "fim_m": 113.48, "faixa_id": 2, "classe": "0.50–1.50 m", "_coa_length_m": 1.44, "_coa_class": "0,50–1,50 m" }, "geometry": { "type": "MultiLineString", "coordinates": [ [ [ -49.5715246, -20.4018331 ], [ -49.5715383, -20.4018344 ] ] ] } },
{ "type": "Feature", "properties": { "linha_id": 43, "comp_m": 0.56, "ini_m": 192.2, "fim_m": 192.76, "faixa_id": 2, "classe": "0.50–1.50 m", "_coa_length_m": 0.56, "_coa_class": "0,50–1,50 m" }, "geometry": { "type": "MultiLineString", "coordinates": [ [ [ -49.5722883, -20.4019098 ], [ -49.5722936, -20.4019103 ] ] ] } },
{ "type": "Feature", "properties": { "linha_id": 43, "comp_m": 0.88, "ini_m": 291.32, "fim_m": 292.2, "faixa_id": 2, "classe": "0.50–1.50 m", "_coa_length_m": 0.88, "_coa_class": "0,50–1,50 m" }, "geometry": { "type": "MultiLineString", "coordinates": [ [ [ -49.5732325, -20.4020058 ], [ -49.5732399, -20.4020067 ], [ -49.5732409, -20.4020067 ] ] ] } },
{ "type": "Feature", "properties": { "linha_id": 43, "comp_m": 0.56, "ini_m": 308.04, "fim_m": 308.6, "faixa_id": 2, "classe": "0.50–1.50 m", "_coa_length_m": 0.56, "_coa_class": "0,50–1,50 m" }, "geometry": { "type": "MultiLineString", "coordinates": [ [ [ -49.5733918, -20.4020218 ], [ -49.5733964, -20.4020223 ], [ -49.5733971, -20.4020224 ] ] ] } },
{ "type": "Feature", "properties": { "linha_id": 43, "comp_m": 0.88, "ini_m": 330.12, "fim_m": 331.0, "faixa_id": 2, "classe": "0.50–1.50 m", "_coa_length_m": 0.88, "_coa_class": "0,50–1,50 m" }, "geometry": { "type": "MultiLineString", "coordinates": [ [ [ -49.5736022, -20.4020425 ], [ -49.5736105, -20.4020435 ] ] ] } },
{ "type": "Feature", "properties": { "linha_id": 43, "comp_m": 0.88, "ini_m": 392.12, "fim_m": 393.0, "faixa_id": 2, "classe": "0.50–1.50 m", "_coa_length_m": 0.88, "_coa_class": "0,50–1,50 m" }, "geometry": { "type": "MultiLineString", "coordinates": [ [ [ -49.574192, -20.4021025 ], [ -49.5741987, -20.4021033 ], [ -49.5742004, -20.4021035 ] ] ] } },
{ "type": "Feature", "properties": { "linha_id": 43, "comp_m": 1.44, "ini_m": 395.0, "fim_m": 396.44, "faixa_id": 2, "classe": "0.50–1.50 m", "_coa_length_m": 1.44, "_coa_class": "0,50–1,50 m" }, "geometry": { "type": "MultiLineString", "coordinates": [ [ [ -49.5742194, -20.4021054 ], [ -49.5742195, -20.4021054 ], [ -49.5742264, -20.402106 ], [ -49.5742332, -20.4021066 ] ] ] } },
{ "type": "Feature", "properties": { "linha_id": 43, "comp_m": 0.56, "ini_m": 415.24, "fim_m": 415.8, "faixa_id": 2, "classe": "0.50–1.50 m", "_coa_length_m": 0.56, "_coa_class": "0,50–1,50 m" }, "geometry": { "type": "MultiLineString", "coordinates": [ [ [ -49.5744123, -20.4021246 ], [ -49.5744133, -20.4021247 ], [ -49.5744176, -20.4021251 ] ] ] } },
{ "type": "Feature", "properties": { "linha_id": 44, "comp_m": 2.04, "ini_m": 0.0, "fim_m": 2.04, "faixa_id": 3, "classe": "1.50–3.00 m", "_coa_length_m": 2.04, "_coa_class": "1,50–3,00 m" }, "geometry": { "type": "MultiLineString", "coordinates": [ [ [ -49.5704485, -20.4017389 ], [ -49.570468, -20.4017401 ] ] ] } },
{ "type": "Feature", "properties": { "linha_id": 44, "comp_m": 1.84, "ini_m": 3.32, "fim_m": 5.16, "faixa_id": 3, "classe": "1.50–3.00 m", "_coa_length_m": 1.84, "_coa_class": "1,50–3,00 m" }, "geometry": { "type": "MultiLineString", "coordinates": [ [ [ -49.5704802, -20.4017408 ], [ -49.5704953, -20.4017418 ], [ -49.5704978, -20.4017421 ] ] ] } },
{ "type": "Feature", "properties": { "linha_id": 44, "comp_m": 1.84, "ini_m": 9.24, "fim_m": 11.08, "faixa_id": 3, "classe": "1.50–3.00 m", "_coa_length_m": 1.84, "_coa_class": "1,50–3,00 m" }, "geometry": { "type": "MultiLineString", "coordinates": [ [ [ -49.5705366, -20.4017469 ], [ -49.5705384, -20.4017471 ], [ -49.5705432, -20.4017475 ], [ -49.5705481, -20.401748 ], [ -49.5705529, -20.4017484 ], [ -49.5705541, -20.4017485 ] ] ] } },
{ "type": "Feature", "properties": { "linha_id": 44, "comp_m": 1.28, "ini_m": 11.48, "fim_m": 12.76, "faixa_id": 2, "classe": "0.50–1.50 m", "_coa_length_m": 1.28, "_coa_class": "0,50–1,50 m" }, "geometry": { "type": "MultiLineString", "coordinates": [ [ [ -49.5705579, -20.4017488 ], [ -49.5705626, -20.4017493 ], [ -49.5705675, -20.4017497 ], [ -49.5705701, -20.40175 ] ] ] } },
{ "type": "Feature", "properties": { "linha_id": 44, "comp_m": 0.56, "ini_m": 13.64, "fim_m": 14.2, "faixa_id": 2, "classe": "0.50–1.50 m", "_coa_length_m": 0.56, "_coa_class": "0,50–1,50 m" }, "geometry": { "type": "MultiLineString", "coordinates": [ [ [ -49.5705785, -20.4017508 ], [ -49.570582, -20.4017511 ], [ -49.5705839, -20.4017513 ] ] ] } },
{ "type": "Feature", "properties": { "linha_id": 44, "comp_m": 0.88, "ini_m": 19.56, "fim_m": 20.44, "faixa_id": 2, "classe": "0.50–1.50 m", "_coa_length_m": 0.88, "_coa_class": "0,50–1,50 m" }, "geometry": { "type": "MultiLineString", "coordinates": [ [ [ -49.570635, -20.4017561 ], [ -49.5706353, -20.4017561 ], [ -49.5706401, -20.4017566 ], [ -49.5706434, -20.4017569 ] ] ] } },
{ "type": "Feature", "properties": { "linha_id": 44, "comp_m": 3.04, "ini_m": 21.64, "fim_m": 24.68, "faixa_id": 4, "classe": "3.00–5.00 m", "_coa_length_m": 3.04, "_coa_class": "3,00–5,00 m" }, "geometry": { "type": "MultiLineString", "coordinates": [ [ [ -49.5706548, -20.4017579 ], [ -49.5706595, -20.4017583 ], [ -49.5706644, -20.4017588 ], [ -49.5706692, -20.4017592 ], [ -49.5706741, -20.4017597 ], [ -49.5706789, -20.4017602 ], [ -49.5706838, -20.4017606 ], [ -49.5706838, -20.4017606 ] ] ] } },
{ "type": "Feature", "properties": { "linha_id": 44, "comp_m": 3.92, "ini_m": 28.28, "fim_m": 32.2, "faixa_id": 4, "classe": "3.00–5.00 m", "_coa_length_m": 3.92, "_coa_class": "3,00–5,00 m" }, "geometry": { "type": "MultiLineString", "coordinates": [ [ [ -49.570718, -20.4017645 ], [ -49.5707222, -20.401765 ], [ -49.570727, -20.4017656 ], [ -49.5707317, -20.4017662 ], [ -49.5707365, -20.4017669 ], [ -49.5707413, -20.4017675 ], [ -49.5707461, -20.401768 ], [ -49.570751, -20.4017684 ], [ -49.5707553, -20.4017687 ] ] ] } },
{ "type": "Feature", "properties": { "linha_id": 44, "comp_m": 1.04, "ini_m": 32.6, "fim_m": 33.64, "faixa_id": 2, "classe": "0.50–1.50 m", "_coa_length_m": 1.04, "_coa_class": "0,50–1,50 m" }, "geometry": { "type": "MultiLineString", "coordinates": [ [ [ -49.5707591, -20.401769 ], [ -49.5707607, -20.4017691 ], [ -49.5707656, -20.4017695 ], [ -49.5707691, -20.4017697 ] ] ] } },
{ "type": "Feature", "properties": { "linha_id": 44, "comp_m": 3.2, "ini_m": 34.44, "fim_m": 37.64, "faixa_id": 4, "classe": "3.00–5.00 m", "_coa_length_m": 3.2, "_coa_class": "3,00–5,00 m" }, "geometry": { "type": "MultiLineString", "coordinates": [ [ [ -49.5707767, -20.4017705 ], [ -49.5707802, -20.4017708 ], [ -49.570785, -20.4017714 ], [ -49.5707897, -20.401772 ], [ -49.5707946, -20.4017725 ], [ -49.5707994, -20.401773 ], [ -49.5708042, -20.4017735 ], [ -49.5708072, -20.4017738 ] ] ] } },
{ "type": "Feature", "properties": { "linha_id": 44, "comp_m": 1.04, "ini_m": 39.56, "fim_m": 40.6, "faixa_id": 2, "classe": "0.50–1.50 m", "_coa_length_m": 1.04, "_coa_class": "0,50–1,50 m" }, "geometry": { "type": "MultiLineString", "coordinates": [ [ [ -49.5708255, -20.4017756 ], [ -49.5708284, -20.4017759 ], [ -49.5708332, -20.4017764 ], [ -49.5708354, -20.4017767 ] ] ] } },
{ "type": "Feature", "properties": { "linha_id": 44, "comp_m": 0.64, "ini_m": 45.08, "fim_m": 45.72, "faixa_id": 2, "classe": "0.50–1.50 m", "_coa_length_m": 0.64, "_coa_class": "0,50–1,50 m" }, "geometry": { "type": "MultiLineString", "coordinates": [ [ [ -49.5708779, -20.4017819 ], [ -49.5708811, -20.4017823 ], [ -49.570884, -20.4017826 ] ] ] } },
{ "type": "Feature", "properties": { "linha_id": 44, "comp_m": 0.56, "ini_m": 46.2, "fim_m": 46.76, "faixa_id": 2, "classe": "0.50–1.50 m", "_coa_length_m": 0.56, "_coa_class": "0,50–1,50 m" }, "geometry": { "type": "MultiLineString", "coordinates": [ [ [ -49.5708886, -20.4017831 ], [ -49.5708907, -20.4017833 ], [ -49.5708939, -20.4017837 ] ] ] } },
{ "type": "Feature", "properties": { "linha_id": 44, "comp_m": 0.56, "ini_m": 99.88, "fim_m": 100.44, "faixa_id": 2, "classe": "0.50–1.50 m", "_coa_length_m": 0.56, "_coa_class": "0,50–1,50 m" }, "geometry": { "type": "MultiLineString", "coordinates": [ [ [ -49.5714, -20.4018344 ], [ -49.571404, -20.4018349 ], [ -49.5714053, -20.401835 ] ] ] } },
{ "type": "Feature", "properties": { "linha_id": 44, "comp_m": 0.8, "ini_m": 100.6, "fim_m": 101.4, "faixa_id": 2, "classe": "0.50–1.50 m", "_coa_length_m": 0.8, "_coa_class": "0,50–1,50 m" }, "geometry": { "type": "MultiLineString", "coordinates": [ [ [ -49.5714068, -20.4018351 ], [ -49.571411, -20.4018356 ], [ -49.5714144, -20.4018359 ] ] ] } },
{ "type": "Feature", "properties": { "linha_id": 44, "comp_m": 0.88, "ini_m": 112.44, "fim_m": 113.32, "faixa_id": 2, "classe": "0.50–1.50 m", "_coa_length_m": 0.88, "_coa_class": "0,50–1,50 m" }, "geometry": { "type": "MultiLineString", "coordinates": [ [ [ -49.5715196, -20.4018468 ], [ -49.5715235, -20.4018472 ], [ -49.571528, -20.4018477 ] ] ] } },
{ "type": "Feature", "properties": { "linha_id": 44, "comp_m": 0.64, "ini_m": 114.04, "fim_m": 114.68, "faixa_id": 2, "classe": "0.50–1.50 m", "_coa_length_m": 0.64, "_coa_class": "0,50–1,50 m" }, "geometry": { "type": "MultiLineString", "coordinates": [ [ [ -49.5715348, -20.4018483 ], [ -49.5715376, -20.4018486 ], [ -49.5715409, -20.4018489 ] ] ] } },
{ "type": "Feature", "properties": { "linha_id": 44, "comp_m": 1.12, "ini_m": 122.68, "fim_m": 123.8, "faixa_id": 2, "classe": "0.50–1.50 m", "_coa_length_m": 1.12, "_coa_class": "0,50–1,50 m" }, "geometry": { "type": "MultiLineString", "coordinates": [ [ [ -49.5716172, -20.4018565 ], [ -49.571622, -20.4018571 ], [ -49.5716278, -20.4018578 ] ] ] } },
{ "type": "Feature", "properties": { "linha_id": 44, "comp_m": 0.56, "ini_m": 219.0, "fim_m": 219.56, "faixa_id": 2, "classe": "0.50–1.50 m", "_coa_length_m": 0.56, "_coa_class": "0,50–1,50 m" }, "geometry": { "type": "MultiLineString", "coordinates": [ [ [ -49.5725341, -20.4019484 ], [ -49.5725369, -20.4019487 ], [ -49.5725394, -20.401949 ] ] ] } },
{ "type": "Feature", "properties": { "linha_id": 44, "comp_m": 2.96, "ini_m": 236.12, "fim_m": 239.08, "faixa_id": 3, "classe": "1.50–3.00 m", "_coa_length_m": 2.96, "_coa_class": "1,50–3,00 m" }, "geometry": { "type": "MultiLineString", "coordinates": [ [ [ -49.5726969, -20.4019645 ], [ -49.5726971, -20.4019645 ], [ -49.5726978, -20.4019646 ], [ -49.5726986, -20.4019647 ], [ -49.5726994, -20.4019648 ], [ -49.5727002, -20.4019649 ], [ -49.572701, -20.401965 ], [ -49.5727017, -20.4019651 ], [ -49.5727025, -20.4019652 ], [ -49.5727033, -20.4019653 ], [ -49.5727041, -20.4019654 ], [ -49.5727048, -20.4019655 ], [ -49.5727056, -20.4019656 ], [ -49.5727064, -20.4019657 ], [ -49.5727072, -20.4019658 ], [ -49.5727079, -20.4019659 ], [ -49.5727087, -20.401966 ], [ -49.5727095, -20.4019661 ], [ -49.5727103, -20.4019662 ], [ -49.572711, -20.4019663 ], [ -49.5727118, -20.4019664 ], [ -49.5727126, -20.4019665 ], [ -49.5727134, -20.4019666 ], [ -49.5727141, -20.4019667 ], [ -49.5727149, -20.4019668 ], [ -49.5727157, -20.4019669 ], [ -49.5727165, -20.401967 ], [ -49.5727172, -20.4019671 ], [ -49.572718, -20.4019672 ], [ -49.5727188, -20.4019673 ], [ -49.5727196, -20.4019674 ], [ -49.5727203, -20.4019676 ], [ -49.5727211, -20.4019677 ], [ -49.5727219, -20.4019678 ], [ -49.5727227, -20.4019679 ], [ -49.5727234, -20.401968 ], [ -49.5727242, -20.4019681 ], [ -49.572725, -20.4019682 ] ] ] } },
{ "type": "Feature", "properties": { "linha_id": 44, "comp_m": 1.28, "ini_m": 239.56, "fim_m": 240.84, "faixa_id": 2, "classe": "0.50–1.50 m", "_coa_length_m": 1.28, "_coa_class": "0,50–1,50 m" }, "geometry": { "type": "MultiLineString", "coordinates": [ [ [ -49.5727295, -20.4019688 ], [ -49.5727296, -20.4019688 ], [ -49.5727296, -20.4019688 ], [ -49.5727313, -20.4019689 ], [ -49.572733, -20.401969 ], [ -49.5727347, -20.4019691 ], [ -49.5727363, -20.4019692 ], [ -49.572738, -20.4019693 ], [ -49.5727397, -20.4019694 ], [ -49.5727414, -20.4019696 ], [ -49.5727417, -20.4019696 ] ] ] } },
{ "type": "Feature", "properties": { "linha_id": 44, "comp_m": 0.72, "ini_m": 262.2, "fim_m": 262.92, "faixa_id": 2, "classe": "0.50–1.50 m", "_coa_length_m": 0.72, "_coa_class": "0,50–1,50 m" }, "geometry": { "type": "MultiLineString", "coordinates": [ [ [ -49.572945, -20.40199 ], [ -49.5729519, -20.4019909 ] ] ] } },
{ "type": "Feature", "properties": { "linha_id": 44, "comp_m": 1.04, "ini_m": 280.68, "fim_m": 281.72, "faixa_id": 2, "classe": "0.50–1.50 m", "_coa_length_m": 1.04, "_coa_class": "0,50–1,50 m" }, "geometry": { "type": "MultiLineString", "coordinates": [ [ [ -49.573121, -20.4020085 ], [ -49.5731273, -20.4020094 ], [ -49.5731308, -20.4020098 ] ] ] } },
{ "type": "Feature", "properties": { "linha_id": 44, "comp_m": 1.36, "ini_m": 282.44, "fim_m": 283.8, "faixa_id": 2, "classe": "0.50–1.50 m", "_coa_length_m": 1.36, "_coa_class": "0,50–1,50 m" }, "geometry": { "type": "MultiLineString", "coordinates": [ [ [ -49.5731377, -20.4020105 ], [ -49.5731468, -20.4020114 ], [ -49.5731506, -20.4020119 ] ] ] } },
{ "type": "Feature", "properties": { "linha_id": 44, "comp_m": 0.88, "ini_m": 285.16, "fim_m": 286.04, "faixa_id": 2, "classe": "0.50–1.50 m", "_coa_length_m": 0.88, "_coa_class": "0,50–1,50 m" }, "geometry": { "type": "MultiLineString", "coordinates": [ [ [ -49.5731635, -20.4020136 ], [ -49.5731661, -20.4020139 ], [ -49.5731719, -20.4020143 ] ] ] } },
{ "type": "Feature", "properties": { "linha_id": 44, "comp_m": 9.12, "ini_m": 299.96, "fim_m": 309.08, "faixa_id": 5, "classe": "≥ 5.00 m", "_coa_length_m": 9.121, "_coa_class": ">= 5,00 m" }, "geometry": { "type": "MultiLineString", "coordinates": [ [ [ -49.5733047, -20.4020264 ], [ -49.5733227, -20.4020288 ], [ -49.5733422, -20.4020308 ], [ -49.5733613, -20.4020335 ], [ -49.5733812, -20.4020348 ], [ -49.5733914, -20.402036 ] ] ] } },
{ "type": "Feature", "properties": { "linha_id": 44, "comp_m": 4.4, "ini_m": 311.16, "fim_m": 315.56, "faixa_id": 4, "classe": "3.00–5.00 m", "_coa_length_m": 4.401, "_coa_class": "3,00–5,00 m" }, "geometry": { "type": "MultiLineString", "coordinates": [ [ [ -49.5734112, -20.4020382 ], [ -49.5734201, -20.4020391 ], [ -49.5734397, -20.4020408 ], [ -49.5734532, -20.4020419 ] ] ] } },
{ "type": "Feature", "properties": { "linha_id": 44, "comp_m": 0.72, "ini_m": 321.72, "fim_m": 322.44, "faixa_id": 2, "classe": "0.50–1.50 m", "_coa_length_m": 0.72, "_coa_class": "0,50–1,50 m" }, "geometry": { "type": "MultiLineString", "coordinates": [ [ [ -49.5735119, -20.4020474 ], [ -49.5735181, -20.402048 ], [ -49.5735188, -20.4020481 ] ] ] } },
{ "type": "Feature", "properties": { "linha_id": 44, "comp_m": 0.56, "ini_m": 323.08, "fim_m": 323.64, "faixa_id": 2, "classe": "0.50–1.50 m", "_coa_length_m": 0.56, "_coa_class": "0,50–1,50 m" }, "geometry": { "type": "MultiLineString", "coordinates": [ [ [ -49.5735248, -20.4020493 ], [ -49.57353, -20.4020504 ] ] ] } },
{ "type": "Feature", "properties": { "linha_id": 44, "comp_m": 2.16, "ini_m": 329.48, "fim_m": 331.64, "faixa_id": 3, "classe": "1.50–3.00 m", "_coa_length_m": 2.16, "_coa_class": "1,50–3,00 m" }, "geometry": { "type": "MultiLineString", "coordinates": [ [ [ -49.5735857, -20.402055 ], [ -49.5735961, -20.4020558 ], [ -49.5736063, -20.402057 ] ] ] } },
{ "type": "Feature", "properties": { "linha_id": 44, "comp_m": 1.44, "ini_m": 332.68, "fim_m": 334.12, "faixa_id": 2, "classe": "0.50–1.50 m", "_coa_length_m": 1.44, "_coa_class": "0,50–1,50 m" }, "geometry": { "type": "MultiLineString", "coordinates": [ [ [ -49.5736161, -20.4020583 ], [ -49.5736298, -20.4020601 ] ] ] } },
{ "type": "Feature", "properties": { "linha_id": 44, "comp_m": 2.16, "ini_m": 334.92, "fim_m": 337.08, "faixa_id": 3, "classe": "1.50–3.00 m", "_coa_length_m": 2.16, "_coa_class": "1,50–3,00 m" }, "geometry": { "type": "MultiLineString", "coordinates": [ [ [ -49.5736374, -20.402061 ], [ -49.5736541, -20.4020629 ], [ -49.573658, -20.4020631 ] ] ] } },
{ "type": "Feature", "properties": { "linha_id": 44, "comp_m": 2.48, "ini_m": 337.4, "fim_m": 339.88, "faixa_id": 3, "classe": "1.50–3.00 m", "_coa_length_m": 2.48, "_coa_class": "1,50–3,00 m" }, "geometry": { "type": "MultiLineString", "coordinates": [ [ [ -49.573661, -20.4020633 ], [ -49.573674, -20.4020641 ], [ -49.5736847, -20.4020651 ] ] ] } },
{ "type": "Feature", "properties": { "linha_id": 44, "comp_m": 3.12, "ini_m": 340.28, "fim_m": 343.4, "faixa_id": 4, "classe": "3.00–5.00 m", "_coa_length_m": 3.12, "_coa_class": "3,00–5,00 m" }, "geometry": { "type": "MultiLineString", "coordinates": [ [ [ -49.5736885, -20.4020654 ], [ -49.5736936, -20.4020659 ], [ -49.5737128, -20.4020685 ], [ -49.5737182, -20.4020691 ] ] ] } },
{ "type": "Feature", "properties": { "linha_id": 44, "comp_m": 0.88, "ini_m": 344.04, "fim_m": 344.92, "faixa_id": 2, "classe": "0.50–1.50 m", "_coa_length_m": 0.88, "_coa_class": "0,50–1,50 m" }, "geometry": { "type": "MultiLineString", "coordinates": [ [ [ -49.5737243, -20.4020697 ], [ -49.5737323, -20.4020705 ], [ -49.5737327, -20.4020705 ] ] ] } },
{ "type": "Feature", "properties": { "linha_id": 44, "comp_m": 1.68, "ini_m": 345.32, "fim_m": 347.0, "faixa_id": 3, "classe": "1.50–3.00 m", "_coa_length_m": 1.68, "_coa_class": "1,50–3,00 m" }, "geometry": { "type": "MultiLineString", "coordinates": [ [ [ -49.5737365, -20.4020709 ], [ -49.5737518, -20.4020726 ], [ -49.5737525, -20.4020727 ] ] ] } },
{ "type": "Feature", "properties": { "linha_id": 44, "comp_m": 0.88, "ini_m": 349.08, "fim_m": 349.96, "faixa_id": 2, "classe": "0.50–1.50 m", "_coa_length_m": 0.88, "_coa_class": "0,50–1,50 m" }, "geometry": { "type": "MultiLineString", "coordinates": [ [ [ -49.5737723, -20.4020744 ], [ -49.5737807, -20.402075 ] ] ] } },
{ "type": "Feature", "properties": { "linha_id": 44, "comp_m": 0.64, "ini_m": 353.16, "fim_m": 353.8, "faixa_id": 2, "classe": "0.50–1.50 m", "_coa_length_m": 0.64, "_coa_class": "0,50–1,50 m" }, "geometry": { "type": "MultiLineString", "coordinates": [ [ [ -49.5738112, -20.4020777 ], [ -49.5738173, -20.4020784 ] ] ] } },
{ "type": "Feature", "properties": { "linha_id": 44, "comp_m": 2.32, "ini_m": 354.6, "fim_m": 356.92, "faixa_id": 3, "classe": "1.50–3.00 m", "_coa_length_m": 2.32, "_coa_class": "1,50–3,00 m" }, "geometry": { "type": "MultiLineString", "coordinates": [ [ [ -49.5738249, -20.4020794 ], [ -49.5738301, -20.40208 ], [ -49.5738469, -20.4020823 ] ] ] } },
{ "type": "Feature", "properties": { "linha_id": 44, "comp_m": 6.64, "ini_m": 357.24, "fim_m": 363.88, "faixa_id": 5, "classe": "≥ 5.00 m", "_coa_length_m": 6.641, "_coa_class": ">= 5,00 m" }, "geometry": { "type": "MultiLineString", "coordinates": [ [ [ -49.57385, -20.4020827 ], [ -49.573869, -20.4020843 ], [ -49.5738887, -20.4020858 ], [ -49.5739081, -20.4020881 ], [ -49.5739133, -20.4020885 ] ] ] } },
{ "type": "Feature", "properties": { "linha_id": 44, "comp_m": 0.72, "ini_m": 365.8, "fim_m": 366.52, "faixa_id": 2, "classe": "0.50–1.50 m", "_coa_length_m": 0.72, "_coa_class": "0,50–1,50 m" }, "geometry": { "type": "MultiLineString", "coordinates": [ [ [ -49.5739316, -20.40209 ], [ -49.5739385, -20.4020907 ] ] ] } },
{ "type": "Feature", "properties": { "linha_id": 44, "comp_m": 1.2, "ini_m": 369.4, "fim_m": 370.6, "faixa_id": 2, "classe": "0.50–1.50 m", "_coa_length_m": 1.2, "_coa_class": "0,50–1,50 m" }, "geometry": { "type": "MultiLineString", "coordinates": [ [ [ -49.5739659, -20.402093 ], [ -49.5739671, -20.402093 ], [ -49.5739774, -20.402094 ] ] ] } },
{ "type": "Feature", "properties": { "linha_id": 44, "comp_m": 13.52, "ini_m": 371.0, "fim_m": 384.52, "faixa_id": 5, "classe": "≥ 5.00 m", "_coa_length_m": 13.522, "_coa_class": ">= 5,00 m" }, "geometry": { "type": "MultiLineString", "coordinates": [ [ [ -49.5739812, -20.4020943 ], [ -49.5739867, -20.4020948 ], [ -49.5740059, -20.4020976 ], [ -49.5740251, -20.4021003 ], [ -49.5740447, -20.4021021 ], [ -49.5740643, -20.4021037 ], [ -49.574084, -20.4021053 ], [ -49.5741037, -20.4021071 ], [ -49.5741099, -20.4021076 ] ] ] } },
{ "type": "Feature", "properties": { "linha_id": 44, "comp_m": 0.88, "ini_m": 388.04, "fim_m": 388.92, "faixa_id": 2, "classe": "0.50–1.50 m", "_coa_length_m": 0.88, "_coa_class": "0,50–1,50 m" }, "geometry": { "type": "MultiLineString", "coordinates": [ [ [ -49.5741434, -20.4021112 ], [ -49.5741518, -20.4021121 ] ] ] } },
{ "type": "Feature", "properties": { "linha_id": 44, "comp_m": 0.56, "ini_m": 389.88, "fim_m": 390.44, "faixa_id": 2, "classe": "0.50–1.50 m", "_coa_length_m": 0.56, "_coa_class": "0,50–1,50 m" }, "geometry": { "type": "MultiLineString", "coordinates": [ [ [ -49.5741609, -20.4021131 ], [ -49.5741621, -20.4021132 ], [ -49.5741663, -20.4021136 ] ] ] } },
{ "type": "Feature", "properties": { "linha_id": 44, "comp_m": 1.68, "ini_m": 391.08, "fim_m": 392.76, "faixa_id": 3, "classe": "1.50–3.00 m", "_coa_length_m": 1.68, "_coa_class": "1,50–3,00 m" }, "geometry": { "type": "MultiLineString", "coordinates": [ [ [ -49.5741724, -20.4021143 ], [ -49.5741816, -20.4021152 ], [ -49.5741884, -20.4021158 ] ] ] } },
{ "type": "Feature", "properties": { "linha_id": 44, "comp_m": 2.24, "ini_m": 399.24, "fim_m": 401.48, "faixa_id": 3, "classe": "1.50–3.00 m", "_coa_length_m": 2.24, "_coa_class": "1,50–3,00 m" }, "geometry": { "type": "MultiLineString", "coordinates": [ [ [ -49.5742501, -20.4021218 ], [ -49.5742599, -20.4021226 ], [ -49.5742715, -20.4021239 ] ] ] } },
{ "type": "Feature", "properties": { "linha_id": 44, "comp_m": 9.52, "ini_m": 408.6, "fim_m": 418.12, "faixa_id": 5, "classe": "≥ 5.00 m", "_coa_length_m": 9.521, "_coa_class": ">= 5,00 m" }, "geometry": { "type": "MultiLineString", "coordinates": [ [ [ -49.5743394, -20.4021302 ], [ -49.5743574, -20.4021328 ], [ -49.5743768, -20.4021351 ], [ -49.5743963, -20.402137 ], [ -49.5744161, -20.4021383 ], [ -49.57443, -20.4021399 ] ] ] } },
{ "type": "Feature", "properties": { "linha_id": 44, "comp_m": 0.88, "ini_m": 420.28, "fim_m": 421.16, "faixa_id": 2, "classe": "0.50–1.50 m", "_coa_length_m": 0.88, "_coa_class": "0,50–1,50 m" }, "geometry": { "type": "MultiLineString", "coordinates": [ [ [ -49.5744505, -20.4021422 ], [ -49.574455, -20.4021427 ], [ -49.5744589, -20.4021431 ] ] ] } },
{ "type": "Feature", "properties": { "linha_id": 44, "comp_m": 0.64, "ini_m": 427.96, "fim_m": 428.6, "faixa_id": 2, "classe": "0.50–1.50 m", "_coa_length_m": 0.64, "_coa_class": "0,50–1,50 m" }, "geometry": { "type": "MultiLineString", "coordinates": [ [ [ -49.5745238, -20.4021489 ], [ -49.5745299, -20.4021494 ] ] ] } },
{ "type": "Feature", "properties": { "linha_id": 44, "comp_m": 0.88, "ini_m": 433.8, "fim_m": 434.68, "faixa_id": 2, "classe": "0.50–1.50 m", "_coa_length_m": 0.88, "_coa_class": "0,50–1,50 m" }, "geometry": { "type": "MultiLineString", "coordinates": [ [ [ -49.5745794, -20.4021548 ], [ -49.5745878, -20.4021556 ] ] ] } },
{ "type": "Feature", "properties": { "linha_id": 44, "comp_m": 1.36, "ini_m": 435.96, "fim_m": 437.32, "faixa_id": 2, "classe": "0.50–1.50 m", "_coa_length_m": 1.36, "_coa_class": "0,50–1,50 m" }, "geometry": { "type": "MultiLineString", "coordinates": [ [ [ -49.5746, -20.4021567 ], [ -49.5746114, -20.4021579 ], [ -49.5746129, -20.402158 ] ] ] } },
{ "type": "Feature", "properties": { "linha_id": 44, "comp_m": 0.96, "ini_m": 448.52, "fim_m": 449.48, "faixa_id": 2, "classe": "0.50–1.50 m", "_coa_length_m": 0.96, "_coa_class": "0,50–1,50 m" }, "geometry": { "type": "MultiLineString", "coordinates": [ [ [ -49.5747197, -20.4021676 ], [ -49.5747288, -20.4021688 ] ] ] } },
{ "type": "Feature", "properties": { "linha_id": 44, "comp_m": 1.36, "ini_m": 451.88, "fim_m": 453.24, "faixa_id": 2, "classe": "0.50–1.50 m", "_coa_length_m": 1.36, "_coa_class": "0,50–1,50 m" }, "geometry": { "type": "MultiLineString", "coordinates": [ [ [ -49.5747517, -20.4021712 ], [ -49.5747647, -20.4021723 ] ] ] } },
{ "type": "Feature", "properties": { "linha_id": 45, "comp_m": 0.88, "ini_m": 0.6, "fim_m": 1.48, "faixa_id": 2, "classe": "0.50–1.50 m", "_coa_length_m": 0.88, "_coa_class": "0,50–1,50 m" }, "geometry": { "type": "MultiLineString", "coordinates": [ [ [ -49.5704747, -20.4017809 ], [ -49.5704831, -20.4017818 ] ] ] } },
{ "type": "Feature", "properties": { "linha_id": 45, "comp_m": 0.88, "ini_m": 105.8, "fim_m": 106.68, "faixa_id": 2, "classe": "0.50–1.50 m", "_coa_length_m": 0.88, "_coa_class": "0,50–1,50 m" }, "geometry": { "type": "MultiLineString", "coordinates": [ [ [ -49.5714768, -20.4018827 ], [ -49.5714852, -20.4018836 ] ] ] } },
{ "type": "Feature", "properties": { "linha_id": 45, "comp_m": 0.56, "ini_m": 115.64, "fim_m": 116.2, "faixa_id": 2, "classe": "0.50–1.50 m", "_coa_length_m": 0.56, "_coa_class": "0,50–1,50 m" }, "geometry": { "type": "MultiLineString", "coordinates": [ [ [ -49.5715706, -20.401892 ], [ -49.5715759, -20.4018924 ] ] ] } },
{ "type": "Feature", "properties": { "linha_id": 45, "comp_m": 1.04, "ini_m": 452.6, "fim_m": 453.64, "faixa_id": 2, "classe": "0.50–1.50 m", "_coa_length_m": 1.04, "_coa_class": "0,50–1,50 m" }, "geometry": { "type": "MultiLineString", "coordinates": [ [ [ -49.5747796, -20.402215 ], [ -49.5747798, -20.4022151 ], [ -49.5747802, -20.4022152 ], [ -49.5747805, -20.4022153 ], [ -49.5747808, -20.4022154 ], [ -49.5747811, -20.4022155 ], [ -49.5747814, -20.4022156 ], [ -49.5747817, -20.4022156 ], [ -49.574782, -20.4022157 ], [ -49.5747823, -20.4022158 ], [ -49.5747826, -20.4022159 ], [ -49.5747829, -20.402216 ], [ -49.5747832, -20.4022161 ], [ -49.5747836, -20.4022161 ], [ -49.5747839, -20.4022162 ], [ -49.5747842, -20.4022163 ], [ -49.5747845, -20.4022164 ], [ -49.5747848, -20.4022164 ], [ -49.5747851, -20.4022165 ], [ -49.5747854, -20.4022166 ], [ -49.5747858, -20.4022166 ], [ -49.5747861, -20.4022167 ], [ -49.5747864, -20.4022168 ], [ -49.5747867, -20.4022169 ], [ -49.574787, -20.4022169 ], [ -49.5747874, -20.402217 ], [ -49.5747877, -20.4022171 ], [ -49.574788, -20.4022171 ], [ -49.5747883, -20.4022172 ], [ -49.5747886, -20.4022172 ], [ -49.574789, -20.4022173 ], [ -49.5747892, -20.4022173 ] ] ] } },
{ "type": "Feature", "properties": { "linha_id": 45, "comp_m": 0.706, "ini_m": 454.6, "fim_m": 455.306, "faixa_id": 2, "classe": "0.50–1.50 m", "_coa_length_m": 0.706, "_coa_class": "0,50–1,50 m" }, "geometry": { "type": "MultiLineString", "coordinates": [ [ [ -49.5747983, -20.4022186 ], [ -49.5747984, -20.4022186 ], [ -49.5747988, -20.4022186 ], [ -49.5747991, -20.4022186 ], [ -49.5747994, -20.4022187 ], [ -49.5747998, -20.4022187 ], [ -49.5748001, -20.4022187 ], [ -49.5748004, -20.4022187 ], [ -49.5748007, -20.4022187 ], [ -49.5748011, -20.4022188 ], [ -49.5748014, -20.4022188 ], [ -49.5748017, -20.4022188 ], [ -49.5748021, -20.4022188 ], [ -49.5748024, -20.4022188 ], [ -49.5748027, -20.4022188 ], [ -49.5748031, -20.4022189 ], [ -49.5748034, -20.4022189 ], [ -49.5748038, -20.4022189 ], [ -49.5748041, -20.4022189 ], [ -49.5748044, -20.4022189 ], [ -49.5748048, -20.4022189 ], [ -49.5748051, -20.4022189 ] ] ] } },
{ "type": "Feature", "properties": { "linha_id": 46, "comp_m": 2.08, "ini_m": 1.24, "fim_m": 3.32, "faixa_id": 3, "classe": "1.50–3.00 m", "_coa_length_m": 2.08, "_coa_class": "1,50–3,00 m" }, "geometry": { "type": "MultiLineString", "coordinates": [ [ [ -49.570496, -20.4017548 ], [ -49.5704962, -20.4017549 ], [ -49.5704965, -20.4017549 ], [ -49.5704969, -20.401755 ], [ -49.5704973, -20.401755 ], [ -49.5704977, -20.4017551 ], [ -49.570498, -20.4017552 ], [ -49.5704984, -20.4017552 ], [ -49.5704987, -20.4017553 ], [ -49.5704991, -20.4017554 ], [ -49.5704995, -20.4017554 ], [ -49.5704998, -20.4017555 ], [ -49.5705002, -20.4017556 ], [ -49.5705006, -20.4017557 ], [ -49.5705009, -20.4017557 ], [ -49.5705013, -20.4017558 ], [ -49.5705017, -20.4017559 ], [ -49.570502, -20.401756 ], [ -49.5705024, -20.4017561 ], [ -49.5705027, -20.4017561 ], [ -49.5705031, -20.4017562 ], [ -49.5705035, -20.4017563 ], [ -49.5705038, -20.4017564 ], [ -49.5705042, -20.4017565 ], [ -49.5705045, -20.4017566 ], [ -49.5705049, -20.4017566 ], [ -49.5705053, -20.4017567 ], [ -49.5705056, -20.4017568 ], [ -49.570506, -20.4017569 ], [ -49.5705063, -20.401757 ], [ -49.5705067, -20.4017571 ], [ -49.5705071, -20.4017571 ], [ -49.5705074, -20.4017572 ], [ -49.5705078, -20.4017573 ], [ -49.5705082, -20.4017574 ], [ -49.5705085, -20.4017574 ], [ -49.5705089, -20.4017575 ], [ -49.5705093, -20.4017576 ], [ -49.5705096, -20.4017577 ], [ -49.57051, -20.4017577 ], [ -49.5705103, -20.4017578 ], [ -49.5705107, -20.4017579 ], [ -49.5705111, -20.401758 ], [ -49.5705115, -20.401758 ], [ -49.5705118, -20.4017581 ], [ -49.5705122, -20.4017581 ], [ -49.5705126, -20.4017582 ], [ -49.5705129, -20.4017583 ], [ -49.5705133, -20.4017583 ], [ -49.5705137, -20.4017584 ], [ -49.5705141, -20.4017584 ], [ -49.5705144, -20.4017585 ], [ -49.5705148, -20.4017585 ], [ -49.5705152, -20.4017586 ], [ -49.5705155, -20.4017586 ] ] ] } },
{ "type": "Feature", "properties": { "linha_id": 46, "comp_m": 0.72, "ini_m": 4.28, "fim_m": 5.0, "faixa_id": 2, "classe": "0.50–1.50 m", "_coa_length_m": 0.72, "_coa_class": "0,50–1,50 m" }, "geometry": { "type": "MultiLineString", "coordinates": [ [ [ -49.5705244, -20.4017587 ], [ -49.5705264, -20.401759 ], [ -49.5705288, -20.4017593 ], [ -49.5705312, -20.4017596 ] ] ] } },
{ "type": "Feature", "properties": { "linha_id": 46, "comp_m": 1.36, "ini_m": 6.12, "fim_m": 7.48, "faixa_id": 2, "classe": "0.50–1.50 m", "_coa_length_m": 1.36, "_coa_class": "0,50–1,50 m" }, "geometry": { "type": "MultiLineString", "coordinates": [ [ [ -49.5705419, -20.4017609 ], [ -49.5705433, -20.4017611 ], [ -49.5705458, -20.4017613 ], [ -49.5705482, -20.4017616 ], [ -49.5705506, -20.4017619 ], [ -49.570553, -20.4017622 ], [ -49.5705548, -20.4017624 ] ] ] } },
{ "type": "Feature", "properties": { "linha_id": 46, "comp_m": 1.28, "ini_m": 13.32, "fim_m": 14.6, "faixa_id": 2, "classe": "0.50–1.50 m", "_coa_length_m": 1.28, "_coa_class": "0,50–1,50 m" }, "geometry": { "type": "MultiLineString", "coordinates": [ [ [ -49.5706105, -20.4017679 ], [ -49.5706115, -20.401768 ], [ -49.570614, -20.4017683 ], [ -49.5706164, -20.4017685 ], [ -49.5706189, -20.4017687 ], [ -49.5706213, -20.4017689 ], [ -49.5706227, -20.4017691 ] ] ] } },
{ "type": "Feature", "properties": { "linha_id": 46, "comp_m": 0.56, "ini_m": 16.84, "fim_m": 17.4, "faixa_id": 2, "classe": "0.50–1.50 m", "_coa_length_m": 0.56, "_coa_class": "0,50–1,50 m" }, "geometry": { "type": "MultiLineString", "coordinates": [ [ [ -49.570644, -20.401771 ], [ -49.5706458, -20.4017711 ], [ -49.5706483, -20.4017714 ], [ -49.5706494, -20.4017715 ] ] ] } },
{ "type": "Feature", "properties": { "linha_id": 46, "comp_m": 1.44, "ini_m": 19.64, "fim_m": 21.08, "faixa_id": 2, "classe": "0.50–1.50 m", "_coa_length_m": 1.44, "_coa_class": "0,50–1,50 m" }, "geometry": { "type": "MultiLineString", "coordinates": [ [ [ -49.5706707, -20.4017734 ], [ -49.5706728, -20.4017736 ], [ -49.5706752, -20.4017738 ], [ -49.5706776, -20.401774 ], [ -49.5706801, -20.4017742 ], [ -49.5706825, -20.4017745 ], [ -49.5706845, -20.4017747 ] ] ] } },
{ "type": "Feature", "properties": { "linha_id": 46, "comp_m": 1.2, "ini_m": 24.04, "fim_m": 25.24, "faixa_id": 2, "classe": "0.50–1.50 m", "_coa_length_m": 1.2, "_coa_class": "0,50–1,50 m" }, "geometry": { "type": "MultiLineString", "coordinates": [ [ [ -49.5707127, -20.4017775 ], [ -49.5707142, -20.4017776 ], [ -49.5707167, -20.4017779 ], [ -49.5707191, -20.4017781 ], [ -49.5707215, -20.4017784 ], [ -49.570724, -20.4017787 ], [ -49.5707241, -20.4017787 ] ] ] } },
{ "type": "Feature", "properties": { "linha_id": 46, "comp_m": 1.2, "ini_m": 30.44, "fim_m": 31.64, "faixa_id": 2, "classe": "0.50–1.50 m", "_coa_length_m": 1.2, "_coa_class": "0,50–1,50 m" }, "geometry": { "type": "MultiLineString", "coordinates": [ [ [ -49.5707732, -20.4017841 ], [ -49.5707826, -20.4017851 ], [ -49.5707847, -20.4017852 ] ] ] } },
{ "type": "Feature", "properties": { "linha_id": 46, "comp_m": 0.56, "ini_m": 106.12, "fim_m": 106.68, "faixa_id": 2, "classe": "0.50–1.50 m", "_coa_length_m": 0.56, "_coa_class": "0,50–1,50 m" }, "geometry": { "type": "MultiLineString", "coordinates": [ [ [ -49.5714941, -20.4018576 ], [ -49.5714981, -20.4018579 ], [ -49.5714995, -20.401858 ] ] ] } },
{ "type": "Feature", "properties": { "linha_id": 46, "comp_m": 1.12, "ini_m": 113.16, "fim_m": 114.28, "faixa_id": 2, "classe": "0.50–1.50 m", "_coa_length_m": 1.12, "_coa_class": "0,50–1,50 m" }, "geometry": { "type": "MultiLineString", "coordinates": [ [ [ -49.5715612, -20.4018644 ], [ -49.5715676, -20.4018651 ], [ -49.5715718, -20.4018654 ] ] ] } },
{ "type": "Feature", "properties": { "linha_id": 46, "comp_m": 0.72, "ini_m": 116.6, "fim_m": 117.32, "faixa_id": 2, "classe": "0.50–1.50 m", "_coa_length_m": 0.72, "_coa_class": "0,50–1,50 m" }, "geometry": { "type": "MultiLineString", "coordinates": [ [ [ -49.571594, -20.4018672 ], [ -49.5715977, -20.4018676 ], [ -49.5716009, -20.4018679 ] ] ] } },
{ "type": "Feature", "properties": { "linha_id": 46, "comp_m": 1.2, "ini_m": 119.16, "fim_m": 120.36, "faixa_id": 2, "classe": "0.50–1.50 m", "_coa_length_m": 1.2, "_coa_class": "0,50–1,50 m" }, "geometry": { "type": "MultiLineString", "coordinates": [ [ [ -49.5716184, -20.4018697 ], [ -49.5716275, -20.4018707 ], [ -49.5716298, -20.4018709 ] ] ] } },
{ "type": "Feature", "properties": { "linha_id": 46, "comp_m": 0.56, "ini_m": 123.4, "fim_m": 123.96, "faixa_id": 2, "classe": "0.50–1.50 m", "_coa_length_m": 0.56, "_coa_class": "0,50–1,50 m" }, "geometry": { "type": "MultiLineString", "coordinates": [ [ [ -49.5716588, -20.4018736 ], [ -49.5716641, -20.4018741 ] ] ] } },
{ "type": "Feature", "properties": { "linha_id": 46, "comp_m": 2.08, "ini_m": 126.04, "fim_m": 128.12, "faixa_id": 3, "classe": "1.50–3.00 m", "_coa_length_m": 2.08, "_coa_class": "1,50–3,00 m" }, "geometry": { "type": "MultiLineString", "coordinates": [ [ [ -49.5716839, -20.4018766 ], [ -49.5716869, -20.4018771 ], [ -49.5716966, -20.4018787 ], [ -49.5717035, -20.4018799 ] ] ] } },
{ "type": "Feature", "properties": { "linha_id": 46, "comp_m": 1.84, "ini_m": 131.56, "fim_m": 133.4, "faixa_id": 3, "classe": "1.50–3.00 m", "_coa_length_m": 1.84, "_coa_class": "1,50–3,00 m" }, "geometry": { "type": "MultiLineString", "coordinates": [ [ [ -49.5717362, -20.4018834 ], [ -49.5717464, -20.4018832 ], [ -49.571746, -20.401884 ], [ -49.571751, -20.4018844 ], [ -49.5717524, -20.4018845 ] ] ] } },
{ "type": "Feature", "properties": { "linha_id": 46, "comp_m": 0.64, "ini_m": 136.76, "fim_m": 137.4, "faixa_id": 2, "classe": "0.50–1.50 m", "_coa_length_m": 0.64, "_coa_class": "0,50–1,50 m" }, "geometry": { "type": "MultiLineString", "coordinates": [ [ [ -49.5717844, -20.4018874 ], [ -49.5717859, -20.4018875 ], [ -49.5717905, -20.4018879 ] ] ] } },
{ "type": "Feature", "properties": { "linha_id": 46, "comp_m": 1.28, "ini_m": 152.92, "fim_m": 154.2, "faixa_id": 2, "classe": "0.50–1.50 m", "_coa_length_m": 1.28, "_coa_class": "0,50–1,50 m" }, "geometry": { "type": "MultiLineString", "coordinates": [ [ [ -49.5719384, -20.4019031 ], [ -49.5719398, -20.4019032 ], [ -49.5719448, -20.4019037 ], [ -49.5719498, -20.4019041 ], [ -49.5719506, -20.4019042 ] ] ] } },
{ "type": "Feature", "properties": { "linha_id": 46, "comp_m": 0.72, "ini_m": 210.44, "fim_m": 211.16, "faixa_id": 2, "classe": "0.50–1.50 m", "_coa_length_m": 0.72, "_coa_class": "0,50–1,50 m" }, "geometry": { "type": "MultiLineString", "coordinates": [ [ [ -49.5724862, -20.4019579 ], [ -49.5724895, -20.4019582 ], [ -49.5724931, -20.4019585 ] ] ] } },
{ "type": "Feature", "properties": { "linha_id": 46, "comp_m": 0.64, "ini_m": 262.76, "fim_m": 263.4, "faixa_id": 2, "classe": "0.50–1.50 m", "_coa_length_m": 0.64, "_coa_class": "0,50–1,50 m" }, "geometry": { "type": "MultiLineString", "coordinates": [ [ [ -49.5729847, -20.4020076 ], [ -49.5729908, -20.4020082 ] ] ] } },
{ "type": "Feature", "properties": { "linha_id": 46, "comp_m": 1.12, "ini_m": 286.52, "fim_m": 287.64, "faixa_id": 2, "classe": "0.50–1.50 m", "_coa_length_m": 1.12, "_coa_class": "0,50–1,50 m" }, "geometry": { "type": "MultiLineString", "coordinates": [ [ [ -49.573211, -20.402031 ], [ -49.5732128, -20.4020312 ], [ -49.5732217, -20.4020321 ] ] ] } },
{ "type": "Feature", "properties": { "linha_id": 46, "comp_m": 0.56, "ini_m": 293.0, "fim_m": 293.56, "faixa_id": 2, "classe": "0.50–1.50 m", "_coa_length_m": 0.56, "_coa_class": "0,50–1,50 m" }, "geometry": { "type": "MultiLineString", "coordinates": [ [ [ -49.5732728, -20.4020373 ], [ -49.5732757, -20.4020375 ], [ -49.5732781, -20.4020378 ] ] ] } },
{ "type": "Feature", "properties": { "linha_id": 46, "comp_m": 0.56, "ini_m": 330.84, "fim_m": 331.4, "faixa_id": 2, "classe": "0.50–1.50 m", "_coa_length_m": 0.56, "_coa_class": "0,50–1,50 m" }, "geometry": { "type": "MultiLineString", "coordinates": [ [ [ -49.5736332, -20.4020741 ], [ -49.5736372, -20.4020745 ], [ -49.5736385, -20.4020746 ] ] ] } },
{ "type": "Feature", "properties": { "linha_id": 46, "comp_m": 0.56, "ini_m": 334.28, "fim_m": 334.84, "faixa_id": 2, "classe": "0.50–1.50 m", "_coa_length_m": 0.56, "_coa_class": "0,50–1,50 m" }, "geometry": { "type": "MultiLineString", "coordinates": [ [ [ -49.573666, -20.4020772 ], [ -49.5736687, -20.4020775 ], [ -49.5736713, -20.4020777 ] ] ] } },
{ "type": "Feature", "properties": { "linha_id": 46, "comp_m": 4.88, "ini_m": 444.28, "fim_m": 449.16, "faixa_id": 4, "classe": "3.00–5.00 m", "_coa_length_m": 4.881, "_coa_class": "3,00–5,00 m" }, "geometry": { "type": "MultiLineString", "coordinates": [ [ [ -49.5747137, -20.4021802 ], [ -49.5747146, -20.4021803 ], [ -49.5747195, -20.4021809 ], [ -49.5747245, -20.4021815 ], [ -49.5747295, -20.4021821 ], [ -49.5747345, -20.4021827 ], [ -49.5747395, -20.4021833 ], [ -49.5747444, -20.402184 ], [ -49.5747494, -20.4021847 ], [ -49.5747543, -20.4021854 ], [ -49.5747592, -20.4021861 ], [ -49.57476, -20.4021862 ] ] ] } },
{ "type": "Feature", "properties": { "linha_id": 46, "comp_m": 1.2, "ini_m": 449.8, "fim_m": 451.0, "faixa_id": 2, "classe": "0.50–1.50 m", "_coa_length_m": 1.2, "_coa_class": "0,50–1,50 m" }, "geometry": { "type": "MultiLineString", "coordinates": [ [ [ -49.5747661, -20.4021871 ], [ -49.5747691, -20.4021876 ], [ -49.574774, -20.4021884 ], [ -49.5747774, -20.4021889 ] ] ] } },
{ "type": "Feature", "properties": { "linha_id": 46, "comp_m": 1.192, "ini_m": 452.76, "fim_m": 453.952, "faixa_id": 2, "classe": "0.50–1.50 m", "_coa_length_m": 1.193, "_coa_class": "0,50–1,50 m" }, "geometry": { "type": "MultiLineString", "coordinates": [ [ [ -49.5747939, -20.4021904 ], [ -49.5747941, -20.4021904 ], [ -49.5747945, -20.4021904 ], [ -49.5747949, -20.4021905 ], [ -49.5747954, -20.4021905 ], [ -49.5747958, -20.4021905 ], [ -49.5747962, -20.4021906 ], [ -49.5747966, -20.4021906 ], [ -49.5747971, -20.4021906 ], [ -49.5747975, -20.4021906 ], [ -49.5747979, -20.4021906 ], [ -49.5747984, -20.4021907 ], [ -49.5747988, -20.4021907 ], [ -49.5747992, -20.4021907 ], [ -49.5747997, -20.4021907 ], [ -49.5748001, -20.4021908 ], [ -49.5748005, -20.4021908 ], [ -49.574801, -20.4021908 ], [ -49.5748014, -20.4021908 ], [ -49.5748018, -20.4021908 ], [ -49.5748023, -20.4021909 ], [ -49.5748027, -20.4021909 ], [ -49.5748031, -20.4021909 ], [ -49.5748036, -20.4021909 ], [ -49.574804, -20.4021909 ], [ -49.5748044, -20.402191 ], [ -49.5748049, -20.402191 ], [ -49.5748053, -20.402191 ] ] ] } },
{ "type": "Feature", "properties": { "linha_id": 47, "comp_m": 2.12, "ini_m": 0.0, "fim_m": 2.12, "faixa_id": 3, "classe": "1.50–3.00 m", "_coa_length_m": 2.12, "_coa_class": "1,50–3,00 m" }, "geometry": { "type": "MultiLineString", "coordinates": [ [ [ -49.5704605, -20.4017956 ], [ -49.5704683, -20.4017954 ], [ -49.570476, -20.4017956 ], [ -49.5704808, -20.4017959 ] ] ] } },
{ "type": "Feature", "properties": { "linha_id": 47, "comp_m": 0.56, "ini_m": 36.76, "fim_m": 37.32, "faixa_id": 2, "classe": "0.50–1.50 m", "_coa_length_m": 0.56, "_coa_class": "0,50–1,50 m" }, "geometry": { "type": "MultiLineString", "coordinates": [ [ [ -49.5708109, -20.4018281 ], [ -49.5708149, -20.4018285 ], [ -49.5708162, -20.4018286 ] ] ] } },
{ "type": "Feature", "properties": { "linha_id": 47, "comp_m": 0.64, "ini_m": 38.04, "fim_m": 38.68, "faixa_id": 2, "classe": "0.50–1.50 m", "_coa_length_m": 0.64, "_coa_class": "0,50–1,50 m" }, "geometry": { "type": "MultiLineString", "coordinates": [ [ [ -49.5708231, -20.4018293 ], [ -49.5708292, -20.4018299 ] ] ] } },
{ "type": "Feature", "properties": { "linha_id": 47, "comp_m": 0.56, "ini_m": 59.8, "fim_m": 60.36, "faixa_id": 2, "classe": "0.50–1.50 m", "_coa_length_m": 0.56, "_coa_class": "0,50–1,50 m" }, "geometry": { "type": "MultiLineString", "coordinates": [ [ [ -49.5710303, -20.4018512 ], [ -49.5710325, -20.4018514 ], [ -49.5710356, -20.4018517 ] ] ] } },
{ "type": "Feature", "properties": { "linha_id": 47, "comp_m": 0.56, "ini_m": 382.04, "fim_m": 382.6, "faixa_id": 2, "classe": "0.50–1.50 m", "_coa_length_m": 0.56, "_coa_class": "0,50–1,50 m" }, "geometry": { "type": "MultiLineString", "coordinates": [ [ [ -49.5740991, -20.4021608 ], [ -49.5741041, -20.4021612 ], [ -49.5741045, -20.4021613 ] ] ] } },
{ "type": "Feature", "properties": { "linha_id": 47, "comp_m": 0.56, "ini_m": 420.6, "fim_m": 421.16, "faixa_id": 2, "classe": "0.50–1.50 m", "_coa_length_m": 0.56, "_coa_class": "0,50–1,50 m" }, "geometry": { "type": "MultiLineString", "coordinates": [ [ [ -49.5744665, -20.4021974 ], [ -49.5744687, -20.4021976 ], [ -49.5744719, -20.402198 ] ] ] } },
{ "type": "Feature", "properties": { "linha_id": 47, "comp_m": 1.12, "ini_m": 422.36, "fim_m": 423.48, "faixa_id": 2, "classe": "0.50–1.50 m", "_coa_length_m": 1.12, "_coa_class": "0,50–1,50 m" }, "geometry": { "type": "MultiLineString", "coordinates": [ [ [ -49.5744833, -20.4021992 ], [ -49.5744869, -20.4021996 ], [ -49.5744939, -20.4022004 ] ] ] } },
{ "type": "Feature", "properties": { "linha_id": 48, "comp_m": 1.04, "ini_m": 0.04, "fim_m": 1.08, "faixa_id": 2, "classe": "0.50–1.50 m", "_coa_length_m": 1.04, "_coa_class": "0,50–1,50 m" }, "geometry": { "type": "MultiLineString", "coordinates": [ [ [ -49.570466, -20.4019183 ], [ -49.5704759, -20.4019189 ] ] ] } },
{ "type": "Feature", "properties": { "linha_id": 48, "comp_m": 0.96, "ini_m": 1.56, "fim_m": 2.52, "faixa_id": 2, "classe": "0.50–1.50 m", "_coa_length_m": 0.96, "_coa_class": "0,50–1,50 m" }, "geometry": { "type": "MultiLineString", "coordinates": [ [ [ -49.5704805, -20.4019192 ], [ -49.5704897, -20.4019198 ] ] ] } },
{ "type": "Feature", "properties": { "linha_id": 48, "comp_m": 0.96, "ini_m": 21.8, "fim_m": 22.76, "faixa_id": 2, "classe": "0.50–1.50 m", "_coa_length_m": 0.96, "_coa_class": "0,50–1,50 m" }, "geometry": { "type": "MultiLineString", "coordinates": [ [ [ -49.5706735, -20.401937 ], [ -49.5706749, -20.4019371 ], [ -49.5706773, -20.4019374 ], [ -49.5706796, -20.4019377 ], [ -49.570682, -20.4019379 ], [ -49.5706826, -20.401938 ] ] ] } },
{ "type": "Feature", "properties": { "linha_id": 48, "comp_m": 0.8, "ini_m": 31.96, "fim_m": 32.76, "faixa_id": 2, "classe": "0.50–1.50 m", "_coa_length_m": 0.8, "_coa_class": "0,50–1,50 m" }, "geometry": { "type": "MultiLineString", "coordinates": [ [ [ -49.5707703, -20.4019466 ], [ -49.5707758, -20.401947 ], [ -49.5707779, -20.4019472 ] ] ] } },
{ "type": "Feature", "properties": { "linha_id": 48, "comp_m": 1.6, "ini_m": 33.96, "fim_m": 35.56, "faixa_id": 3, "classe": "1.50–3.00 m", "_coa_length_m": 1.6, "_coa_class": "1,50–3,00 m" }, "geometry": { "type": "MultiLineString", "coordinates": [ [ [ -49.5707894, -20.4019482 ], [ -49.5707897, -20.4019482 ], [ -49.5707967, -20.4019488 ], [ -49.5708036, -20.4019494 ], [ -49.5708046, -20.4019495 ] ] ] } },
{ "type": "Feature", "properties": { "linha_id": 48, "comp_m": 0.56, "ini_m": 46.28, "fim_m": 46.84, "faixa_id": 2, "classe": "0.50–1.50 m", "_coa_length_m": 0.56, "_coa_class": "0,50–1,50 m" }, "geometry": { "type": "MultiLineString", "coordinates": [ [ [ -49.5709069, -20.401959 ], [ -49.5709074, -20.401959 ], [ -49.5709122, -20.4019595 ] ] ] } },
{ "type": "Feature", "properties": { "linha_id": 48, "comp_m": 0.96, "ini_m": 71.08, "fim_m": 72.04, "faixa_id": 2, "classe": "0.50–1.50 m", "_coa_length_m": 0.96, "_coa_class": "0,50–1,50 m" }, "geometry": { "type": "MultiLineString", "coordinates": [ [ [ -49.5711429, -20.4019845 ], [ -49.5711481, -20.4019851 ], [ -49.5711521, -20.4019855 ] ] ] } },
{ "type": "Feature", "properties": { "linha_id": 48, "comp_m": 0.56, "ini_m": 83.88, "fim_m": 84.44, "faixa_id": 2, "classe": "0.50–1.50 m", "_coa_length_m": 0.56, "_coa_class": "0,50–1,50 m" }, "geometry": { "type": "MultiLineString", "coordinates": [ [ [ -49.5712648, -20.4019974 ], [ -49.5712651, -20.4019974 ], [ -49.5712701, -20.4019979 ] ] ] } },
{ "type": "Feature", "properties": { "linha_id": 48, "comp_m": 0.8, "ini_m": 104.2, "fim_m": 105.0, "faixa_id": 2, "classe": "0.50–1.50 m", "_coa_length_m": 0.8, "_coa_class": "0,50–1,50 m" }, "geometry": { "type": "MultiLineString", "coordinates": [ [ [ -49.5714583, -20.4020167 ], [ -49.5714659, -20.4020175 ] ] ] } },
{ "type": "Feature", "properties": { "linha_id": 48, "comp_m": 1.36, "ini_m": 202.44, "fim_m": 203.8, "faixa_id": 2, "classe": "0.50–1.50 m", "_coa_length_m": 1.36, "_coa_class": "0,50–1,50 m" }, "geometry": { "type": "MultiLineString", "coordinates": [ [ [ -49.5723942, -20.4021115 ], [ -49.5724002, -20.4021123 ], [ -49.5724001, -20.4021123 ], [ -49.5724069, -20.4021129 ] ] ] } },
{ "type": "Feature", "properties": { "linha_id": 48, "comp_m": 0.96, "ini_m": 228.92, "fim_m": 229.88, "faixa_id": 2, "classe": "0.50–1.50 m", "_coa_length_m": 0.96, "_coa_class": "0,50–1,50 m" }, "geometry": { "type": "MultiLineString", "coordinates": [ [ [ -49.5726462, -20.4021366 ], [ -49.5726486, -20.4021368 ], [ -49.5726553, -20.4021375 ] ] ] } },
{ "type": "Feature", "properties": { "linha_id": 48, "comp_m": 0.8, "ini_m": 233.08, "fim_m": 233.88, "faixa_id": 2, "classe": "0.50–1.50 m", "_coa_length_m": 0.8, "_coa_class": "0,50–1,50 m" }, "geometry": { "type": "MultiLineString", "coordinates": [ [ [ -49.5726858, -20.402141 ], [ -49.5726898, -20.4021415 ], [ -49.5726934, -20.4021419 ] ] ] } },
{ "type": "Feature", "properties": { "linha_id": 48, "comp_m": 1.44, "ini_m": 249.32, "fim_m": 250.76, "faixa_id": 2, "classe": "0.50–1.50 m", "_coa_length_m": 1.44, "_coa_class": "0,50–1,50 m" }, "geometry": { "type": "MultiLineString", "coordinates": [ [ [ -49.5728405, -20.4021564 ], [ -49.5728542, -20.4021576 ] ] ] } },
{ "type": "Feature", "properties": { "linha_id": 48, "comp_m": 0.64, "ini_m": 274.2, "fim_m": 274.84, "faixa_id": 2, "classe": "0.50–1.50 m", "_coa_length_m": 0.64, "_coa_class": "0,50–1,50 m" }, "geometry": { "type": "MultiLineString", "coordinates": [ [ [ -49.5730775, -20.4021807 ], [ -49.5730829, -20.4021813 ], [ -49.5730836, -20.4021813 ] ] ] } },
{ "type": "Feature", "properties": { "linha_id": 48, "comp_m": 0.8, "ini_m": 285.96, "fim_m": 286.76, "faixa_id": 2, "classe": "0.50–1.50 m", "_coa_length_m": 0.8, "_coa_class": "0,50–1,50 m" }, "geometry": { "type": "MultiLineString", "coordinates": [ [ [ -49.5731896, -20.4021915 ], [ -49.5731972, -20.4021921 ] ] ] } },
{ "type": "Feature", "properties": { "linha_id": 48, "comp_m": 0.8, "ini_m": 314.68, "fim_m": 315.48, "faixa_id": 2, "classe": "0.50–1.50 m", "_coa_length_m": 0.8, "_coa_class": "0,50–1,50 m" }, "geometry": { "type": "MultiLineString", "coordinates": [ [ [ -49.5734632, -20.4022188 ], [ -49.5734708, -20.4022198 ] ] ] } },
{ "type": "Feature", "properties": { "linha_id": 48, "comp_m": 0.96, "ini_m": 338.04, "fim_m": 339.0, "faixa_id": 2, "classe": "0.50–1.50 m", "_coa_length_m": 0.96, "_coa_class": "0,50–1,50 m" }, "geometry": { "type": "MultiLineString", "coordinates": [ [ [ -49.5736857, -20.402241 ], [ -49.5736949, -20.4022419 ] ] ] } },
{ "type": "Feature", "properties": { "linha_id": 48, "comp_m": 1.76, "ini_m": 346.52, "fim_m": 348.28, "faixa_id": 3, "classe": "1.50–3.00 m", "_coa_length_m": 1.76, "_coa_class": "1,50–3,00 m" }, "geometry": { "type": "MultiLineString", "coordinates": [ [ [ -49.5737665, -20.402249 ], [ -49.5737832, -20.4022512 ] ] ] } },
{ "type": "Feature", "properties": { "linha_id": 48, "comp_m": 0.64, "ini_m": 354.44, "fim_m": 355.08, "faixa_id": 2, "classe": "0.50–1.50 m", "_coa_length_m": 0.64, "_coa_class": "0,50–1,50 m" }, "geometry": { "type": "MultiLineString", "coordinates": [ [ [ -49.5738418, -20.4022578 ], [ -49.5738479, -20.4022586 ] ] ] } },
{ "type": "Feature", "properties": { "linha_id": 48, "comp_m": 1.04, "ini_m": 356.12, "fim_m": 357.16, "faixa_id": 2, "classe": "0.50–1.50 m", "_coa_length_m": 1.04, "_coa_class": "0,50–1,50 m" }, "geometry": { "type": "MultiLineString", "coordinates": [ [ [ -49.5738578, -20.4022594 ], [ -49.5738678, -20.4022603 ] ] ] } },
{ "type": "Feature", "properties": { "linha_id": 48, "comp_m": 4.4, "ini_m": 359.72, "fim_m": 364.12, "faixa_id": 4, "classe": "3.00–5.00 m", "_coa_length_m": 4.401, "_coa_class": "3,00–5,00 m" }, "geometry": { "type": "MultiLineString", "coordinates": [ [ [ -49.573892, -20.4022639 ], [ -49.5739101, -20.4022662 ], [ -49.5739309, -20.4022679 ], [ -49.5739339, -20.4022681 ] ] ] } },
{ "type": "Feature", "properties": { "linha_id": 48, "comp_m": 0.56, "ini_m": 364.84, "fim_m": 365.4, "faixa_id": 2, "classe": "0.50–1.50 m", "_coa_length_m": 0.56, "_coa_class": "0,50–1,50 m" }, "geometry": { "type": "MultiLineString", "coordinates": [ [ [ -49.5739408, -20.4022686 ], [ -49.5739461, -20.402269 ] ] ] } },
{ "type": "Feature", "properties": { "linha_id": 48, "comp_m": 0.88, "ini_m": 367.64, "fim_m": 368.52, "faixa_id": 2, "classe": "0.50–1.50 m", "_coa_length_m": 0.88, "_coa_class": "0,50–1,50 m" }, "geometry": { "type": "MultiLineString", "coordinates": [ [ [ -49.5739675, -20.402271 ], [ -49.5739726, -20.4022715 ], [ -49.5739759, -20.4022718 ] ] ] } },
{ "type": "Feature", "properties": { "linha_id": 48, "comp_m": 2.0, "ini_m": 371.4, "fim_m": 373.4, "faixa_id": 3, "classe": "1.50–3.00 m", "_coa_length_m": 2.0, "_coa_class": "1,50–3,00 m" }, "geometry": { "type": "MultiLineString", "coordinates": [ [ [ -49.5740033, -20.4022745 ], [ -49.5740139, -20.4022757 ], [ -49.5740224, -20.4022765 ] ] ] } },
{ "type": "Feature", "properties": { "linha_id": 48, "comp_m": 1.76, "ini_m": 386.68, "fim_m": 388.44, "faixa_id": 3, "classe": "1.50–3.00 m", "_coa_length_m": 1.76, "_coa_class": "1,50–3,00 m" }, "geometry": { "type": "MultiLineString", "coordinates": [ [ [ -49.574149, -20.4022877 ], [ -49.5741594, -20.402289 ], [ -49.5741658, -20.4022896 ] ] ] } },
{ "type": "Feature", "properties": { "linha_id": 48, "comp_m": 0.88, "ini_m": 397.32, "fim_m": 398.2, "faixa_id": 2, "classe": "0.50–1.50 m", "_coa_length_m": 0.88, "_coa_class": "0,50–1,50 m" }, "geometry": { "type": "MultiLineString", "coordinates": [ [ [ -49.5742503, -20.4022985 ], [ -49.5742587, -20.4022994 ] ] ] } },
{ "type": "Feature", "properties": { "linha_id": 48, "comp_m": 2.64, "ini_m": 404.92, "fim_m": 407.56, "faixa_id": 3, "classe": "1.50–3.00 m", "_coa_length_m": 2.64, "_coa_class": "1,50–3,00 m" }, "geometry": { "type": "MultiLineString", "coordinates": [ [ [ -49.5743226, -20.4023063 ], [ -49.5743246, -20.4023064 ], [ -49.5743451, -20.402309 ], [ -49.5743478, -20.4023092 ] ] ] } },
{ "type": "Feature", "properties": { "linha_id": 48, "comp_m": 2.48, "ini_m": 408.28, "fim_m": 410.76, "faixa_id": 3, "classe": "1.50–3.00 m", "_coa_length_m": 2.48, "_coa_class": "1,50–3,00 m" }, "geometry": { "type": "MultiLineString", "coordinates": [ [ [ -49.5743546, -20.4023097 ], [ -49.5743661, -20.4023105 ], [ -49.5743783, -20.4023117 ] ] ] } },
{ "type": "Feature", "properties": { "linha_id": 48, "comp_m": 2.0, "ini_m": 414.04, "fim_m": 416.04, "faixa_id": 3, "classe": "1.50–3.00 m", "_coa_length_m": 2.0, "_coa_class": "1,50–3,00 m" }, "geometry": { "type": "MultiLineString", "coordinates": [ [ [ -49.5744096, -20.4023145 ], [ -49.5744282, -20.4023166 ], [ -49.5744286, -20.4023166 ] ] ] } },
{ "type": "Feature", "properties": { "linha_id": 48, "comp_m": 0.96, "ini_m": 419.16, "fim_m": 420.12, "faixa_id": 2, "classe": "0.50–1.50 m", "_coa_length_m": 0.96, "_coa_class": "0,50–1,50 m" }, "geometry": { "type": "MultiLineString", "coordinates": [ [ [ -49.5744581, -20.402319 ], [ -49.5744599, -20.4023192 ], [ -49.5744634, -20.4023197 ], [ -49.5744669, -20.4023201 ], [ -49.5744672, -20.4023202 ] ] ] } },
{ "type": "Feature", "properties": { "linha_id": 48, "comp_m": 1.44, "ini_m": 423.96, "fim_m": 425.4, "faixa_id": 2, "classe": "0.50–1.50 m", "_coa_length_m": 1.44, "_coa_class": "0,50–1,50 m" }, "geometry": { "type": "MultiLineString", "coordinates": [ [ [ -49.5745037, -20.4023247 ], [ -49.5745059, -20.402325 ], [ -49.5745094, -20.4023254 ], [ -49.574513, -20.4023259 ], [ -49.5745165, -20.4023263 ], [ -49.5745174, -20.4023264 ] ] ] } },
{ "type": "Feature", "properties": { "linha_id": 48, "comp_m": 4.08, "ini_m": 426.6, "fim_m": 430.68, "faixa_id": 4, "classe": "3.00–5.00 m", "_coa_length_m": 4.081, "_coa_class": "3,00–5,00 m" }, "geometry": { "type": "MultiLineString", "coordinates": [ [ [ -49.5745288, -20.4023277 ], [ -49.5745307, -20.4023279 ], [ -49.5745343, -20.4023283 ], [ -49.5745378, -20.4023287 ], [ -49.5745414, -20.4023291 ], [ -49.5745449, -20.4023295 ], [ -49.5745485, -20.4023299 ], [ -49.5745521, -20.4023303 ], [ -49.5745556, -20.4023307 ], [ -49.5745592, -20.4023311 ], [ -49.5745627, -20.4023315 ], [ -49.5745663, -20.4023319 ], [ -49.5745676, -20.402332 ] ] ] } },
{ "type": "Feature", "properties": { "linha_id": 48, "comp_m": 0.88, "ini_m": 433.32, "fim_m": 434.2, "faixa_id": 2, "classe": "0.50–1.50 m", "_coa_length_m": 0.88, "_coa_class": "0,50–1,50 m" }, "geometry": { "type": "MultiLineString", "coordinates": [ [ [ -49.5745927, -20.4023347 ], [ -49.5745949, -20.4023349 ], [ -49.5745984, -20.4023353 ], [ -49.5746011, -20.4023356 ] ] ] } },
{ "type": "Feature", "properties": { "linha_id": 48, "comp_m": 1.84, "ini_m": 435.16, "fim_m": 437.0, "faixa_id": 3, "classe": "1.50–3.00 m", "_coa_length_m": 1.84, "_coa_class": "1,50–3,00 m" }, "geometry": { "type": "MultiLineString", "coordinates": [ [ [ -49.5746103, -20.4023365 ], [ -49.5746127, -20.4023368 ], [ -49.5746163, -20.4023371 ], [ -49.5746199, -20.4023375 ], [ -49.5746234, -20.4023379 ], [ -49.574627, -20.4023382 ], [ -49.5746278, -20.4023383 ] ] ] } },
{ "type": "Feature", "properties": { "linha_id": 48, "comp_m": 0.8, "ini_m": 438.68, "fim_m": 439.48, "faixa_id": 2, "classe": "0.50–1.50 m", "_coa_length_m": 0.8, "_coa_class": "0,50–1,50 m" }, "geometry": { "type": "MultiLineString", "coordinates": [ [ [ -49.5746438, -20.40234 ], [ -49.5746449, -20.4023401 ], [ -49.5746484, -20.4023404 ], [ -49.5746514, -20.4023408 ] ] ] } },
{ "type": "Feature", "properties": { "linha_id": 48, "comp_m": 1.36, "ini_m": 439.8, "fim_m": 441.16, "faixa_id": 2, "classe": "0.50–1.50 m", "_coa_length_m": 1.36, "_coa_class": "0,50–1,50 m" }, "geometry": { "type": "MultiLineString", "coordinates": [ [ [ -49.5746545, -20.4023411 ], [ -49.5746556, -20.4023412 ], [ -49.5746591, -20.4023416 ], [ -49.5746627, -20.4023419 ], [ -49.5746663, -20.4023423 ], [ -49.5746674, -20.4023424 ] ] ] } },
{ "type": "Feature", "properties": { "linha_id": 48, "comp_m": 3.04, "ini_m": 446.04, "fim_m": 449.08, "faixa_id": 4, "classe": "3.00–5.00 m", "_coa_length_m": 3.04, "_coa_class": "3,00–5,00 m" }, "geometry": { "type": "MultiLineString", "coordinates": [ [ [ -49.5747139, -20.4023471 ], [ -49.5747164, -20.4023473 ], [ -49.5747199, -20.4023477 ], [ -49.5747235, -20.402348 ], [ -49.5747271, -20.4023484 ], [ -49.5747307, -20.4023487 ], [ -49.5747343, -20.402349 ], [ -49.5747379, -20.4023494 ], [ -49.5747415, -20.4023497 ], [ -49.5747429, -20.4023498 ] ] ] } },
{ "type": "Feature", "properties": { "linha_id": 48, "comp_m": 3.12, "ini_m": 449.96, "fim_m": 453.08, "faixa_id": 4, "classe": "3.00–5.00 m", "_coa_length_m": 3.12, "_coa_class": "3,00–5,00 m" }, "geometry": { "type": "MultiLineString", "coordinates": [ [ [ -49.5747513, -20.4023506 ], [ -49.5747522, -20.4023507 ], [ -49.5747558, -20.402351 ], [ -49.5747594, -20.4023513 ], [ -49.574763, -20.4023517 ], [ -49.5747666, -20.402352 ], [ -49.5747702, -20.4023523 ], [ -49.5747738, -20.4023526 ], [ -49.5747774, -20.4023529 ], [ -49.574781, -20.4023532 ], [ -49.5747811, -20.4023532 ] ] ] } },
{ "type": "Feature", "properties": { "linha_id": 48, "comp_m": 0.9, "ini_m": 454.44, "fim_m": 455.34, "faixa_id": 2, "classe": "0.50–1.50 m", "_coa_length_m": 0.9, "_coa_class": "0,50–1,50 m" }, "geometry": { "type": "MultiLineString", "coordinates": [ [ [ -49.574794, -20.4023543 ], [ -49.5747954, -20.4023544 ], [ -49.574799, -20.4023547 ], [ -49.5748026, -20.402355 ] ] ] } },
{ "type": "Feature", "properties": { "linha_id": 49, "comp_m": 3.52, "ini_m": 1.72, "fim_m": 5.24, "faixa_id": 4, "classe": "3.00–5.00 m", "_coa_length_m": 3.52, "_coa_class": "3,00–5,00 m" }, "geometry": { "type": "MultiLineString", "coordinates": [ [ [ -49.5747855, -20.4023674 ], [ -49.5747827, -20.4023669 ], [ -49.5747777, -20.4023662 ], [ -49.5747728, -20.4023656 ], [ -49.5747678, -20.402365 ], [ -49.5747628, -20.4023645 ], [ -49.5747577, -20.402364 ], [ -49.5747527, -20.4023634 ], [ -49.5747521, -20.4023633 ] ] ] } },
{ "type": "Feature", "properties": { "linha_id": 49, "comp_m": 1.12, "ini_m": 7.64, "fim_m": 8.76, "faixa_id": 2, "classe": "0.50–1.50 m", "_coa_length_m": 1.12, "_coa_class": "0,50–1,50 m" }, "geometry": { "type": "MultiLineString", "coordinates": [ [ [ -49.5747293, -20.4023602 ], [ -49.5747279, -20.40236 ], [ -49.5747229, -20.4023593 ], [ -49.5747187, -20.4023588 ] ] ] } },
{ "type": "Feature", "properties": { "linha_id": 49, "comp_m": 0.56, "ini_m": 9.32, "fim_m": 9.88, "faixa_id": 2, "classe": "0.50–1.50 m", "_coa_length_m": 0.56, "_coa_class": "0,50–1,50 m" }, "geometry": { "type": "MultiLineString", "coordinates": [ [ [ -49.5747134, -20.4023581 ], [ -49.5747129, -20.402358 ], [ -49.5747081, -20.4023575 ] ] ] } },
{ "type": "Feature", "properties": { "linha_id": 49, "comp_m": 0.96, "ini_m": 13.24, "fim_m": 14.2, "faixa_id": 2, "classe": "0.50–1.50 m", "_coa_length_m": 0.96, "_coa_class": "0,50–1,50 m" }, "geometry": { "type": "MultiLineString", "coordinates": [ [ [ -49.574676, -20.4023542 ], [ -49.5746725, -20.4023539 ], [ -49.5746675, -20.4023535 ], [ -49.5746669, -20.4023534 ] ] ] } },
{ "type": "Feature", "properties": { "linha_id": 49, "comp_m": 0.96, "ini_m": 417.0, "fim_m": 417.96, "faixa_id": 2, "classe": "0.50–1.50 m", "_coa_length_m": 0.96, "_coa_class": "0,50–1,50 m" }, "geometry": { "type": "MultiLineString", "coordinates": [ [ [ -49.5708342, -20.4019663 ], [ -49.570828, -20.4019658 ], [ -49.570825, -20.4019655 ] ] ] } },
{ "type": "Feature", "properties": { "linha_id": 49, "comp_m": 3.28, "ini_m": 451.64, "fim_m": 454.92, "faixa_id": 4, "classe": "3.00–5.00 m", "_coa_length_m": 3.28, "_coa_class": "3,00–5,00 m" }, "geometry": { "type": "MultiLineString", "coordinates": [ [ [ -49.570504, -20.4019348 ], [ -49.5704727, -20.4019325 ] ] ] } },
{ "type": "Feature", "properties": { "linha_id": 50, "comp_m": 0.8, "ini_m": 34.76, "fim_m": 35.56, "faixa_id": 2, "classe": "0.50–1.50 m", "_coa_length_m": 0.8, "_coa_class": "0,50–1,50 m" }, "geometry": { "type": "MultiLineString", "coordinates": [ [ [ -49.5708187, -20.4020338 ], [ -49.5708232, -20.4020342 ], [ -49.5708264, -20.4020346 ] ] ] } },
{ "type": "Feature", "properties": { "linha_id": 50, "comp_m": 1.36, "ini_m": 82.04, "fim_m": 83.4, "faixa_id": 2, "classe": "0.50–1.50 m", "_coa_length_m": 1.36, "_coa_class": "0,50–1,50 m" }, "geometry": { "type": "MultiLineString", "coordinates": [ [ [ -49.5712688, -20.4020804 ], [ -49.5712708, -20.4020806 ], [ -49.5712817, -20.4020817 ] ] ] } },
{ "type": "Feature", "properties": { "linha_id": 50, "comp_m": 0.64, "ini_m": 204.2, "fim_m": 204.84, "faixa_id": 2, "classe": "0.50–1.50 m", "_coa_length_m": 0.64, "_coa_class": "0,50–1,50 m" }, "geometry": { "type": "MultiLineString", "coordinates": [ [ [ -49.5724317, -20.4021972 ], [ -49.5724323, -20.4021973 ], [ -49.5724337, -20.4021974 ], [ -49.572435, -20.4021975 ], [ -49.5724363, -20.4021977 ], [ -49.5724377, -20.4021978 ], [ -49.5724378, -20.4021978 ] ] ] } },
{ "type": "Feature", "properties": { "linha_id": 50, "comp_m": 0.72, "ini_m": 279.72, "fim_m": 280.44, "faixa_id": 2, "classe": "0.50–1.50 m", "_coa_length_m": 0.72, "_coa_class": "0,50–1,50 m" }, "geometry": { "type": "MultiLineString", "coordinates": [ [ [ -49.5731506, -20.4022695 ], [ -49.5731575, -20.4022702 ] ] ] } },
{ "type": "Feature", "properties": { "linha_id": 50, "comp_m": 0.72, "ini_m": 282.52, "fim_m": 283.24, "faixa_id": 2, "classe": "0.50–1.50 m", "_coa_length_m": 0.72, "_coa_class": "0,50–1,50 m" }, "geometry": { "type": "MultiLineString", "coordinates": [ [ [ -49.5731772, -20.4022724 ], [ -49.5731841, -20.4022732 ] ] ] } },
{ "type": "Feature", "properties": { "linha_id": 50, "comp_m": 0.88, "ini_m": 435.88, "fim_m": 436.76, "faixa_id": 2, "classe": "0.50–1.50 m", "_coa_length_m": 0.88, "_coa_class": "0,50–1,50 m" }, "geometry": { "type": "MultiLineString", "coordinates": [ [ [ -49.5746383, -20.4024185 ], [ -49.5746467, -20.4024195 ] ] ] } },
{ "type": "Feature", "properties": { "linha_id": 50, "comp_m": 3.12, "ini_m": 445.56, "fim_m": 448.68, "faixa_id": 4, "classe": "3.00–5.00 m", "_coa_length_m": 3.12, "_coa_class": "3,00–5,00 m" }, "geometry": { "type": "MultiLineString", "coordinates": [ [ [ -49.5747304, -20.4024289 ], [ -49.5747369, -20.4024299 ], [ -49.574758, -20.4024317 ], [ -49.5747601, -20.4024319 ] ] ] } },
{ "type": "Feature", "properties": { "linha_id": 50, "comp_m": 0.72, "ini_m": 451.64, "fim_m": 452.36, "faixa_id": 2, "classe": "0.50–1.50 m", "_coa_length_m": 0.72, "_coa_class": "0,50–1,50 m" }, "geometry": { "type": "MultiLineString", "coordinates": [ [ [ -49.5747884, -20.402434 ], [ -49.5747952, -20.4024342 ] ] ] } },
{ "type": "Feature", "properties": { "linha_id": 51, "comp_m": 0.8, "ini_m": 9.56, "fim_m": 10.36, "faixa_id": 2, "classe": "0.50–1.50 m", "_coa_length_m": 0.8, "_coa_class": "0,50–1,50 m" }, "geometry": { "type": "MultiLineString", "coordinates": [ [ [ -49.570567, -20.4019534 ], [ -49.5705693, -20.4019535 ], [ -49.5705747, -20.401954 ] ] ] } },
{ "type": "Feature", "properties": { "linha_id": 51, "comp_m": 0.8, "ini_m": 34.04, "fim_m": 34.84, "faixa_id": 2, "classe": "0.50–1.50 m", "_coa_length_m": 0.8, "_coa_class": "0,50–1,50 m" }, "geometry": { "type": "MultiLineString", "coordinates": [ [ [ -49.5708002, -20.4019771 ], [ -49.5708067, -20.4019777 ], [ -49.5708079, -20.4019778 ] ] ] } },
{ "type": "Feature", "properties": { "linha_id": 51, "comp_m": 0.56, "ini_m": 225.24, "fim_m": 225.8, "faixa_id": 2, "classe": "0.50–1.50 m", "_coa_length_m": 0.56, "_coa_class": "0,50–1,50 m" }, "geometry": { "type": "MultiLineString", "coordinates": [ [ [ -49.5726216, -20.4021619 ], [ -49.5726269, -20.4021624 ] ] ] } },
{ "type": "Feature", "properties": { "linha_id": 51, "comp_m": 0.8, "ini_m": 227.16, "fim_m": 227.96, "faixa_id": 2, "classe": "0.50–1.50 m", "_coa_length_m": 0.8, "_coa_class": "0,50–1,50 m" }, "geometry": { "type": "MultiLineString", "coordinates": [ [ [ -49.5726399, -20.4021637 ], [ -49.5726455, -20.4021643 ], [ -49.5726475, -20.4021645 ] ] ] } },
{ "type": "Feature", "properties": { "linha_id": 51, "comp_m": 0.88, "ini_m": 229.4, "fim_m": 230.28, "faixa_id": 2, "classe": "0.50–1.50 m", "_coa_length_m": 0.88, "_coa_class": "0,50–1,50 m" }, "geometry": { "type": "MultiLineString", "coordinates": [ [ [ -49.5726612, -20.402166 ], [ -49.5726696, -20.4021669 ] ] ] } },
{ "type": "Feature", "properties": { "linha_id": 51, "comp_m": 4.96, "ini_m": 274.92, "fim_m": 279.88, "faixa_id": 4, "classe": "3.00–5.00 m", "_coa_length_m": 4.961, "_coa_class": "3,00–5,00 m" }, "geometry": { "type": "MultiLineString", "coordinates": [ [ [ -49.5730941, -20.4022097 ], [ -49.5730949, -20.4022098 ], [ -49.5731122, -20.4022116 ], [ -49.5731293, -20.4022139 ], [ -49.5731412, -20.4022155 ] ] ] } },
{ "type": "Feature", "properties": { "linha_id": 51, "comp_m": 0.56, "ini_m": 329.32, "fim_m": 329.88, "faixa_id": 2, "classe": "0.50–1.50 m", "_coa_length_m": 0.56, "_coa_class": "0,50–1,50 m" }, "geometry": { "type": "MultiLineString", "coordinates": [ [ [ -49.5736123, -20.4022623 ], [ -49.5736164, -20.4022627 ], [ -49.5736176, -20.4022628 ] ] ] } },
{ "type": "Feature", "properties": { "linha_id": 51, "comp_m": 0.88, "ini_m": 332.52, "fim_m": 333.4, "faixa_id": 2, "classe": "0.50–1.50 m", "_coa_length_m": 0.88, "_coa_class": "0,50–1,50 m" }, "geometry": { "type": "MultiLineString", "coordinates": [ [ [ -49.5736427, -20.4022653 ], [ -49.5736511, -20.4022663 ], [ -49.5736511, -20.4022663 ] ] ] } },
{ "type": "Feature", "properties": { "linha_id": 51, "comp_m": 1.2, "ini_m": 335.96, "fim_m": 337.16, "faixa_id": 2, "classe": "0.50–1.50 m", "_coa_length_m": 1.2, "_coa_class": "0,50–1,50 m" }, "geometry": { "type": "MultiLineString", "coordinates": [ [ [ -49.5736755, -20.4022687 ], [ -49.5736859, -20.4022698 ], [ -49.5736869, -20.40227 ] ] ] } },
{ "type": "Feature", "properties": { "linha_id": 51, "comp_m": 0.72, "ini_m": 337.72, "fim_m": 338.44, "faixa_id": 2, "classe": "0.50–1.50 m", "_coa_length_m": 0.72, "_coa_class": "0,50–1,50 m" }, "geometry": { "type": "MultiLineString", "coordinates": [ [ [ -49.5736923, -20.4022706 ], [ -49.5736991, -20.4022713 ] ] ] } },
{ "type": "Feature", "properties": { "linha_id": 51, "comp_m": 0.64, "ini_m": 344.36, "fim_m": 345.0, "faixa_id": 2, "classe": "0.50–1.50 m", "_coa_length_m": 0.64, "_coa_class": "0,50–1,50 m" }, "geometry": { "type": "MultiLineString", "coordinates": [ [ [ -49.5737555, -20.4022768 ], [ -49.5737616, -20.4022773 ] ] ] } },
{ "type": "Feature", "properties": { "linha_id": 51, "comp_m": 0.96, "ini_m": 347.88, "fim_m": 348.84, "faixa_id": 2, "classe": "0.50–1.50 m", "_coa_length_m": 0.96, "_coa_class": "0,50–1,50 m" }, "geometry": { "type": "MultiLineString", "coordinates": [ [ [ -49.5737892, -20.4022788 ], [ -49.5737909, -20.4022788 ], [ -49.5737983, -20.4022801 ] ] ] } },
{ "type": "Feature", "properties": { "linha_id": 51, "comp_m": 0.88, "ini_m": 356.2, "fim_m": 357.08, "faixa_id": 2, "classe": "0.50–1.50 m", "_coa_length_m": 0.88, "_coa_class": "0,50–1,50 m" }, "geometry": { "type": "MultiLineString", "coordinates": [ [ [ -49.5738683, -20.4022874 ], [ -49.5738767, -20.4022882 ] ] ] } },
{ "type": "Feature", "properties": { "linha_id": 51, "comp_m": 0.56, "ini_m": 361.96, "fim_m": 362.52, "faixa_id": 2, "classe": "0.50–1.50 m", "_coa_length_m": 0.56, "_coa_class": "0,50–1,50 m" }, "geometry": { "type": "MultiLineString", "coordinates": [ [ [ -49.5739231, -20.4022939 ], [ -49.5739284, -20.4022944 ] ] ] } },
{ "type": "Feature", "properties": { "linha_id": 51, "comp_m": 1.92, "ini_m": 368.2, "fim_m": 370.12, "faixa_id": 3, "classe": "1.50–3.00 m", "_coa_length_m": 1.92, "_coa_class": "1,50–3,00 m" }, "geometry": { "type": "MultiLineString", "coordinates": [ [ [ -49.5739825, -20.4022999 ], [ -49.5739987, -20.4023018 ], [ -49.5740008, -20.402302 ] ] ] } },
{ "type": "Feature", "properties": { "linha_id": 51, "comp_m": 0.56, "ini_m": 389.0, "fim_m": 389.56, "faixa_id": 2, "classe": "0.50–1.50 m", "_coa_length_m": 0.56, "_coa_class": "0,50–1,50 m" }, "geometry": { "type": "MultiLineString", "coordinates": [ [ [ -49.5741808, -20.4023185 ], [ -49.5741861, -20.4023191 ] ] ] } },
{ "type": "Feature", "properties": { "linha_id": 51, "comp_m": 1.92, "ini_m": 392.2, "fim_m": 394.12, "faixa_id": 3, "classe": "1.50–3.00 m", "_coa_length_m": 1.92, "_coa_class": "1,50–3,00 m" }, "geometry": { "type": "MultiLineString", "coordinates": [ [ [ -49.5742112, -20.4023221 ], [ -49.5742251, -20.4023238 ], [ -49.5742295, -20.4023243 ] ] ] } },
{ "type": "Feature", "properties": { "linha_id": 51, "comp_m": 1.12, "ini_m": 395.0, "fim_m": 396.12, "faixa_id": 2, "classe": "0.50–1.50 m", "_coa_length_m": 1.12, "_coa_class": "0,50–1,50 m" }, "geometry": { "type": "MultiLineString", "coordinates": [ [ [ -49.5742379, -20.4023252 ], [ -49.5742424, -20.4023257 ], [ -49.5742485, -20.4023263 ] ] ] } },
{ "type": "Feature", "properties": { "linha_id": 51, "comp_m": 0.64, "ini_m": 403.96, "fim_m": 404.6, "faixa_id": 2, "classe": "0.50–1.50 m", "_coa_length_m": 0.64, "_coa_class": "0,50–1,50 m" }, "geometry": { "type": "MultiLineString", "coordinates": [ [ [ -49.5743232, -20.4023337 ], [ -49.5743293, -20.4023341 ] ] ] } },
{ "type": "Feature", "properties": { "linha_id": 51, "comp_m": 0.64, "ini_m": 427.24, "fim_m": 427.88, "faixa_id": 2, "classe": "0.50–1.50 m", "_coa_length_m": 0.64, "_coa_class": "0,50–1,50 m" }, "geometry": { "type": "MultiLineString", "coordinates": [ [ [ -49.5745451, -20.4023551 ], [ -49.5745511, -20.4023559 ] ] ] } },
{ "type": "Feature", "properties": { "linha_id": 51, "comp_m": 0.72, "ini_m": 430.76, "fim_m": 431.48, "faixa_id": 2, "classe": "0.50–1.50 m", "_coa_length_m": 0.72, "_coa_class": "0,50–1,50 m" }, "geometry": { "type": "MultiLineString", "coordinates": [ [ [ -49.5745785, -20.4023593 ], [ -49.5745854, -20.40236 ] ] ] } },
{ "type": "Feature", "properties": { "linha_id": 51, "comp_m": 0.96, "ini_m": 431.96, "fim_m": 432.92, "faixa_id": 2, "classe": "0.50–1.50 m", "_coa_length_m": 0.96, "_coa_class": "0,50–1,50 m" }, "geometry": { "type": "MultiLineString", "coordinates": [ [ [ -49.5745899, -20.4023605 ], [ -49.5745903, -20.4023606 ], [ -49.5745991, -20.4023613 ] ] ] } },
{ "type": "Feature", "properties": { "linha_id": 51, "comp_m": 1.28, "ini_m": 433.24, "fim_m": 434.52, "faixa_id": 2, "classe": "0.50–1.50 m", "_coa_length_m": 1.28, "_coa_class": "0,50–1,50 m" }, "geometry": { "type": "MultiLineString", "coordinates": [ [ [ -49.5746021, -20.4023616 ], [ -49.5746078, -20.402362 ], [ -49.5746143, -20.4023627 ] ] ] } },
{ "type": "Feature", "properties": { "linha_id": 51, "comp_m": 0.88, "ini_m": 437.56, "fim_m": 438.44, "faixa_id": 2, "classe": "0.50–1.50 m", "_coa_length_m": 0.88, "_coa_class": "0,50–1,50 m" }, "geometry": { "type": "MultiLineString", "coordinates": [ [ [ -49.5746433, -20.4023657 ], [ -49.5746516, -20.4023669 ] ] ] } },
{ "type": "Feature", "properties": { "linha_id": 51, "comp_m": 1.28, "ini_m": 438.92, "fim_m": 440.2, "faixa_id": 2, "classe": "0.50–1.50 m", "_coa_length_m": 1.28, "_coa_class": "0,50–1,50 m" }, "geometry": { "type": "MultiLineString", "coordinates": [ [ [ -49.5746562, -20.4023675 ], [ -49.5746597, -20.402368 ], [ -49.5746683, -20.402369 ] ] ] } },
{ "type": "Feature", "properties": { "linha_id": 51, "comp_m": 1.84, "ini_m": 443.88, "fim_m": 445.72, "faixa_id": 3, "classe": "1.50–3.00 m", "_coa_length_m": 1.84, "_coa_class": "1,50–3,00 m" }, "geometry": { "type": "MultiLineString", "coordinates": [ [ [ -49.5747033, -20.4023716 ], [ -49.5747034, -20.4023716 ], [ -49.5747044, -20.4023717 ], [ -49.5747055, -20.4023719 ], [ -49.5747066, -20.402372 ], [ -49.5747076, -20.4023721 ], [ -49.5747087, -20.4023722 ], [ -49.5747097, -20.4023724 ], [ -49.5747108, -20.4023725 ], [ -49.5747118, -20.4023726 ], [ -49.5747129, -20.4023728 ], [ -49.574714, -20.4023729 ], [ -49.574715, -20.402373 ], [ -49.5747161, -20.4023732 ], [ -49.5747171, -20.4023733 ], [ -49.5747182, -20.4023734 ], [ -49.5747193, -20.4023736 ], [ -49.5747203, -20.4023737 ], [ -49.5747208, -20.4023738 ] ] ] } },
{ "type": "Feature", "properties": { "linha_id": 51, "comp_m": 0.72, "ini_m": 446.36, "fim_m": 447.08, "faixa_id": 2, "classe": "0.50–1.50 m", "_coa_length_m": 0.72, "_coa_class": "0,50–1,50 m" }, "geometry": { "type": "MultiLineString", "coordinates": [ [ [ -49.5747269, -20.4023745 ], [ -49.5747277, -20.4023746 ], [ -49.5747288, -20.4023748 ], [ -49.5747299, -20.4023749 ], [ -49.5747309, -20.402375 ], [ -49.574732, -20.4023752 ], [ -49.574733, -20.4023753 ], [ -49.5747337, -20.4023754 ] ] ] } },
{ "type": "Feature", "properties": { "linha_id": 51, "comp_m": 0.92, "ini_m": 453.16, "fim_m": 454.08, "faixa_id": 2, "classe": "0.50–1.50 m", "_coa_length_m": 0.92, "_coa_class": "0,50–1,50 m" }, "geometry": { "type": "MultiLineString", "coordinates": [ [ [ -49.5747916, -20.4023811 ], [ -49.5747918, -20.4023811 ], [ -49.5747929, -20.4023812 ], [ -49.574794, -20.4023813 ], [ -49.574795, -20.4023813 ], [ -49.5747961, -20.4023814 ], [ -49.5747972, -20.4023814 ], [ -49.5747983, -20.4023815 ], [ -49.5747994, -20.4023816 ], [ -49.5748004, -20.4023816 ] ] ] } },
{ "type": "Feature", "properties": { "linha_id": 52, "comp_m": 1.44, "ini_m": 2.44, "fim_m": 3.88, "faixa_id": 2, "classe": "0.50–1.50 m", "_coa_length_m": 1.44, "_coa_class": "0,50–1,50 m" }, "geometry": { "type": "MultiLineString", "coordinates": [ [ [ -49.5705189, -20.4019757 ], [ -49.5705236, -20.4019763 ], [ -49.5705326, -20.4019773 ] ] ] } },
{ "type": "Feature", "properties": { "linha_id": 52, "comp_m": 0.64, "ini_m": 4.68, "fim_m": 5.32, "faixa_id": 2, "classe": "0.50–1.50 m", "_coa_length_m": 0.64, "_coa_class": "0,50–1,50 m" }, "geometry": { "type": "MultiLineString", "coordinates": [ [ [ -49.5705402, -20.401978 ], [ -49.5705423, -20.4019782 ], [ -49.5705463, -20.4019786 ] ] ] } },
{ "type": "Feature", "properties": { "linha_id": 52, "comp_m": 1.2, "ini_m": 6.84, "fim_m": 8.04, "faixa_id": 2, "classe": "0.50–1.50 m", "_coa_length_m": 1.2, "_coa_class": "0,50–1,50 m" }, "geometry": { "type": "MultiLineString", "coordinates": [ [ [ -49.5705608, -20.4019799 ], [ -49.570561, -20.4019799 ], [ -49.5705703, -20.4019807 ], [ -49.5705722, -20.4019809 ] ] ] } },
{ "type": "Feature", "properties": { "linha_id": 52, "comp_m": 1.44, "ini_m": 16.6, "fim_m": 18.04, "faixa_id": 2, "classe": "0.50–1.50 m", "_coa_length_m": 1.44, "_coa_class": "0,50–1,50 m" }, "geometry": { "type": "MultiLineString", "coordinates": [ [ [ -49.5706537, -20.4019893 ], [ -49.5706541, -20.4019894 ], [ -49.5706633, -20.4019905 ], [ -49.5706674, -20.401991 ] ] ] } },
{ "type": "Feature", "properties": { "linha_id": 52, "comp_m": 0.56, "ini_m": 20.6, "fim_m": 21.16, "faixa_id": 2, "classe": "0.50–1.50 m", "_coa_length_m": 0.56, "_coa_class": "0,50–1,50 m" }, "geometry": { "type": "MultiLineString", "coordinates": [ [ [ -49.5706918, -20.4019935 ], [ -49.5706971, -20.4019939 ] ] ] } },
{ "type": "Feature", "properties": { "linha_id": 52, "comp_m": 0.72, "ini_m": 29.56, "fim_m": 30.28, "faixa_id": 2, "classe": "0.50–1.50 m", "_coa_length_m": 0.72, "_coa_class": "0,50–1,50 m" }, "geometry": { "type": "MultiLineString", "coordinates": [ [ [ -49.5707772, -20.4020017 ], [ -49.5707841, -20.4020024 ] ] ] } },
{ "type": "Feature", "properties": { "linha_id": 52, "comp_m": 0.8, "ini_m": 73.4, "fim_m": 74.2, "faixa_id": 2, "classe": "0.50–1.50 m", "_coa_length_m": 0.8, "_coa_class": "0,50–1,50 m" }, "geometry": { "type": "MultiLineString", "coordinates": [ [ [ -49.5711947, -20.4020448 ], [ -49.5712023, -20.4020456 ] ] ] } },
{ "type": "Feature", "properties": { "linha_id": 52, "comp_m": 0.56, "ini_m": 182.6, "fim_m": 183.16, "faixa_id": 2, "classe": "0.50–1.50 m", "_coa_length_m": 0.56, "_coa_class": "0,50–1,50 m" }, "geometry": { "type": "MultiLineString", "coordinates": [ [ [ -49.572235, -20.4021494 ], [ -49.5722403, -20.4021499 ] ] ] } },
{ "type": "Feature", "properties": { "linha_id": 52, "comp_m": 1.12, "ini_m": 226.92, "fim_m": 228.04, "faixa_id": 2, "classe": "0.50–1.50 m", "_coa_length_m": 1.12, "_coa_class": "0,50–1,50 m" }, "geometry": { "type": "MultiLineString", "coordinates": [ [ [ -49.5726572, -20.4021918 ], [ -49.5726679, -20.4021929 ] ] ] } },
{ "type": "Feature", "properties": { "linha_id": 52, "comp_m": 0.64, "ini_m": 401.8, "fim_m": 402.44, "faixa_id": 2, "classe": "0.50–1.50 m", "_coa_length_m": 0.64, "_coa_class": "0,50–1,50 m" }, "geometry": { "type": "MultiLineString", "coordinates": [ [ [ -49.5743222, -20.4023613 ], [ -49.5743244, -20.4023615 ], [ -49.5743283, -20.4023618 ] ] ] } },
{ "type": "Feature", "properties": { "linha_id": 52, "comp_m": 1.36, "ini_m": 426.52, "fim_m": 427.88, "faixa_id": 2, "classe": "0.50–1.50 m", "_coa_length_m": 1.36, "_coa_class": "0,50–1,50 m" }, "geometry": { "type": "MultiLineString", "coordinates": [ [ [ -49.5745577, -20.4023843 ], [ -49.5745616, -20.4023847 ], [ -49.5745707, -20.4023856 ] ] ] } },
{ "type": "Feature", "properties": { "linha_id": 52, "comp_m": 1.04, "ini_m": 431.32, "fim_m": 432.36, "faixa_id": 2, "classe": "0.50–1.50 m", "_coa_length_m": 1.04, "_coa_class": "0,50–1,50 m" }, "geometry": { "type": "MultiLineString", "coordinates": [ [ [ -49.5746035, -20.4023888 ], [ -49.5746048, -20.4023889 ], [ -49.5746134, -20.4023899 ] ] ] } },
{ "type": "Feature", "properties": { "linha_id": 52, "comp_m": 2.8, "ini_m": 432.76, "fim_m": 435.56, "faixa_id": 3, "classe": "1.50–3.00 m", "_coa_length_m": 2.8, "_coa_class": "1,50–3,00 m" }, "geometry": { "type": "MultiLineString", "coordinates": [ [ [ -49.5746172, -20.4023903 ], [ -49.5746262, -20.4023913 ], [ -49.5746371, -20.4023921 ], [ -49.5746439, -20.4023927 ] ] ] } },
{ "type": "Feature", "properties": { "linha_id": 52, "comp_m": 3.28, "ini_m": 436.2, "fim_m": 439.48, "faixa_id": 4, "classe": "3.00–5.00 m", "_coa_length_m": 3.28, "_coa_class": "3,00–5,00 m" }, "geometry": { "type": "MultiLineString", "coordinates": [ [ [ -49.57465, -20.4023933 ], [ -49.5746587, -20.4023942 ], [ -49.5746692, -20.4023958 ], [ -49.5746798, -20.4023973 ], [ -49.5746811, -20.4023974 ] ] ] } },
{ "type": "Feature", "properties": { "linha_id": 52, "comp_m": 1.52, "ini_m": 440.04, "fim_m": 441.56, "faixa_id": 3, "classe": "1.50–3.00 m", "_coa_length_m": 1.52, "_coa_class": "1,50–3,00 m" }, "geometry": { "type": "MultiLineString", "coordinates": [ [ [ -49.5746864, -20.4023979 ], [ -49.5746906, -20.4023983 ], [ -49.574701, -20.402399 ] ] ] } },
{ "type": "Feature", "properties": { "linha_id": 52, "comp_m": 0.8, "ini_m": 442.04, "fim_m": 442.84, "faixa_id": 2, "classe": "0.50–1.50 m", "_coa_length_m": 0.8, "_coa_class": "0,50–1,50 m" }, "geometry": { "type": "MultiLineString", "coordinates": [ [ [ -49.5747055, -20.4023994 ], [ -49.5747124, -20.4023999 ], [ -49.5747132, -20.4024 ] ] ] } },
{ "type": "Feature", "properties": { "linha_id": 52, "comp_m": 2.16, "ini_m": 443.32, "fim_m": 445.48, "faixa_id": 3, "classe": "1.50–3.00 m", "_coa_length_m": 2.16, "_coa_class": "1,50–3,00 m" }, "geometry": { "type": "MultiLineString", "coordinates": [ [ [ -49.5747177, -20.4024006 ], [ -49.574723, -20.4024013 ], [ -49.5747335, -20.402403 ], [ -49.5747382, -20.4024037 ] ] ] } },
{ "type": "Feature", "properties": { "linha_id": 52, "comp_m": 1.622, "ini_m": 450.28, "fim_m": 451.902, "faixa_id": 3, "classe": "1.50–3.00 m", "_coa_length_m": 1.622, "_coa_class": "1,50–3,00 m" }, "geometry": { "type": "MultiLineString", "coordinates": [ [ [ -49.5747838, -20.402408 ], [ -49.574784, -20.4024081 ], [ -49.5747842, -20.4024081 ], [ -49.5747845, -20.4024081 ], [ -49.5747847, -20.4024081 ], [ -49.5747849, -20.4024082 ], [ -49.5747852, -20.4024082 ], [ -49.5747854, -20.4024082 ], [ -49.5747856, -20.4024083 ], [ -49.5747859, -20.4024083 ], [ -49.5747861, -20.4024083 ], [ -49.5747863, -20.4024084 ], [ -49.5747866, -20.4024084 ], [ -49.5747868, -20.4024084 ], [ -49.574787, -20.4024084 ], [ -49.5747873, -20.4024085 ], [ -49.5747875, -20.4024085 ], [ -49.5747877, -20.4024085 ], [ -49.5747879, -20.4024086 ], [ -49.5747882, -20.4024086 ], [ -49.5747884, -20.4024086 ], [ -49.5747886, -20.4024086 ], [ -49.5747889, -20.4024087 ], [ -49.5747891, -20.4024087 ], [ -49.5747893, -20.4024087 ], [ -49.5747896, -20.4024087 ], [ -49.5747898, -20.4024088 ], [ -49.57479, -20.4024088 ], [ -49.5747903, -20.4024088 ], [ -49.5747905, -20.4024088 ], [ -49.5747907, -20.4024088 ], [ -49.574791, -20.4024089 ], [ -49.5747912, -20.4024089 ], [ -49.5747914, -20.4024089 ], [ -49.5747916, -20.4024089 ], [ -49.5747919, -20.4024089 ], [ -49.5747921, -20.4024089 ], [ -49.5747923, -20.402409 ], [ -49.5747926, -20.402409 ], [ -49.5747928, -20.402409 ], [ -49.574793, -20.402409 ], [ -49.5747933, -20.402409 ], [ -49.5747935, -20.402409 ], [ -49.5747937, -20.402409 ], [ -49.5747939, -20.402409 ], [ -49.5747942, -20.402409 ], [ -49.5747944, -20.402409 ], [ -49.5747946, -20.402409 ], [ -49.5747948, -20.402409 ], [ -49.5747951, -20.402409 ], [ -49.5747953, -20.402409 ], [ -49.5747955, -20.402409 ], [ -49.5747958, -20.402409 ], [ -49.574796, -20.402409 ], [ -49.5747962, -20.402409 ], [ -49.5747964, -20.402409 ], [ -49.5747966, -20.402409 ], [ -49.5747969, -20.402409 ], [ -49.5747971, -20.402409 ], [ -49.5747973, -20.402409 ], [ -49.5747975, -20.402409 ], [ -49.5747978, -20.402409 ], [ -49.574798, -20.402409 ], [ -49.5747982, -20.4024089 ], [ -49.5747984, -20.4024089 ], [ -49.5747986, -20.4024089 ], [ -49.5747989, -20.4024089 ], [ -49.5747991, -20.4024089 ], [ -49.5747993, -20.4024088 ] ] ] } },
{ "type": "Feature", "properties": { "linha_id": 53, "comp_m": 1.12, "ini_m": 8.6, "fim_m": 9.72, "faixa_id": 2, "classe": "0.50–1.50 m", "_coa_length_m": 1.12, "_coa_class": "0,50–1,50 m" }, "geometry": { "type": "MultiLineString", "coordinates": [ [ [ -49.5705368, -20.4012823 ], [ -49.5705368, -20.4012823 ], [ -49.5705391, -20.4012825 ], [ -49.5705415, -20.4012827 ], [ -49.5705438, -20.4012829 ], [ -49.5705461, -20.4012832 ], [ -49.5705474, -20.4012833 ] ] ] } },
{ "type": "Feature", "properties": { "linha_id": 53, "comp_m": 0.64, "ini_m": 11.72, "fim_m": 12.36, "faixa_id": 2, "classe": "0.50–1.50 m", "_coa_length_m": 0.64, "_coa_class": "0,50–1,50 m" }, "geometry": { "type": "MultiLineString", "coordinates": [ [ [ -49.5705665, -20.4012853 ], [ -49.570567, -20.4012854 ], [ -49.5705693, -20.4012856 ], [ -49.5705716, -20.4012859 ], [ -49.5705726, -20.401286 ] ] ] } },
{ "type": "Feature", "properties": { "linha_id": 53, "comp_m": 0.56, "ini_m": 22.92, "fim_m": 23.48, "faixa_id": 2, "classe": "0.50–1.50 m", "_coa_length_m": 0.56, "_coa_class": "0,50–1,50 m" }, "geometry": { "type": "MultiLineString", "coordinates": [ [ [ -49.5706731, -20.4012967 ], [ -49.5706736, -20.4012967 ], [ -49.5706759, -20.4012969 ], [ -49.5706782, -20.4012971 ], [ -49.5706785, -20.4012971 ] ] ] } },
{ "type": "Feature", "properties": { "linha_id": 53, "comp_m": 0.88, "ini_m": 30.36, "fim_m": 31.24, "faixa_id": 2, "classe": "0.50–1.50 m", "_coa_length_m": 0.88, "_coa_class": "0,50–1,50 m" }, "geometry": { "type": "MultiLineString", "coordinates": [ [ [ -49.570744, -20.4013038 ], [ -49.5707514, -20.4013047 ], [ -49.5707524, -20.4013048 ] ] ] } },
{ "type": "Feature", "properties": { "linha_id": 53, "comp_m": 0.64, "ini_m": 32.12, "fim_m": 32.76, "faixa_id": 2, "classe": "0.50–1.50 m", "_coa_length_m": 0.64, "_coa_class": "0,50–1,50 m" }, "geometry": { "type": "MultiLineString", "coordinates": [ [ [ -49.5707607, -20.4013058 ], [ -49.5707668, -20.4013065 ] ] ] } },
{ "type": "Feature", "properties": { "linha_id": 53, "comp_m": 0.96, "ini_m": 78.28, "fim_m": 79.24, "faixa_id": 2, "classe": "0.50–1.50 m", "_coa_length_m": 0.96, "_coa_class": "0,50–1,50 m" }, "geometry": { "type": "MultiLineString", "coordinates": [ [ [ -49.5712004, -20.4013506 ], [ -49.5712095, -20.4013518 ] ] ] } },
{ "type": "Feature", "properties": { "linha_id": 53, "comp_m": 0.64, "ini_m": 103.64, "fim_m": 104.28, "faixa_id": 2, "classe": "0.50–1.50 m", "_coa_length_m": 0.64, "_coa_class": "0,50–1,50 m" }, "geometry": { "type": "MultiLineString", "coordinates": [ [ [ -49.5714419, -20.4013756 ], [ -49.5714463, -20.4013762 ], [ -49.571448, -20.4013763 ] ] ] } },
{ "type": "Feature", "properties": { "linha_id": 53, "comp_m": 0.56, "ini_m": 237.64, "fim_m": 238.2, "faixa_id": 2, "classe": "0.50–1.50 m", "_coa_length_m": 0.56, "_coa_class": "0,50–1,50 m" }, "geometry": { "type": "MultiLineString", "coordinates": [ [ [ -49.5727184, -20.4015047 ], [ -49.5727237, -20.4015053 ], [ -49.5727237, -20.4015053 ] ] ] } },
{ "type": "Feature", "properties": { "linha_id": 53, "comp_m": 0.96, "ini_m": 328.04, "fim_m": 329.0, "faixa_id": 2, "classe": "0.50–1.50 m", "_coa_length_m": 0.96, "_coa_class": "0,50–1,50 m" }, "geometry": { "type": "MultiLineString", "coordinates": [ [ [ -49.5735796, -20.4015912 ], [ -49.5735837, -20.4015918 ], [ -49.5735888, -20.4015921 ] ] ] } },
{ "type": "Feature", "properties": { "linha_id": 53, "comp_m": 0.64, "ini_m": 401.08, "fim_m": 401.72, "faixa_id": 2, "classe": "0.50–1.50 m", "_coa_length_m": 0.64, "_coa_class": "0,50–1,50 m" }, "geometry": { "type": "MultiLineString", "coordinates": [ [ [ -49.5742755, -20.4016604 ], [ -49.5742817, -20.401661 ] ] ] } },
{ "type": "Feature", "properties": { "linha_id": 53, "comp_m": 0.88, "ini_m": 454.76, "fim_m": 455.64, "faixa_id": 2, "classe": "0.50–1.50 m", "_coa_length_m": 0.88, "_coa_class": "0,50–1,50 m" }, "geometry": { "type": "MultiLineString", "coordinates": [ [ [ -49.5747867, -20.4017128 ], [ -49.5747901, -20.4017132 ], [ -49.5747951, -20.4017138 ] ] ] } },
{ "type": "Feature", "properties": { "linha_id": 54, "comp_m": 1.36, "ini_m": 0.52, "fim_m": 1.88, "faixa_id": 2, "classe": "0.50–1.50 m", "_coa_length_m": 1.36, "_coa_class": "0,50–1,50 m" }, "geometry": { "type": "MultiLineString", "coordinates": [ [ [ -49.5704846, -20.4019585 ], [ -49.5704922, -20.4019598 ], [ -49.5704975, -20.40196 ] ] ] } },
{ "type": "Feature", "properties": { "linha_id": 54, "comp_m": 0.8, "ini_m": 4.92, "fim_m": 5.72, "faixa_id": 2, "classe": "0.50–1.50 m", "_coa_length_m": 0.8, "_coa_class": "0,50–1,50 m" }, "geometry": { "type": "MultiLineString", "coordinates": [ [ [ -49.5705265, -20.4019624 ], [ -49.5705306, -20.4019629 ], [ -49.5705341, -20.4019634 ] ] ] } },
{ "type": "Feature", "properties": { "linha_id": 54, "comp_m": 0.56, "ini_m": 29.48, "fim_m": 30.04, "faixa_id": 2, "classe": "0.50–1.50 m", "_coa_length_m": 0.56, "_coa_class": "0,50–1,50 m" }, "geometry": { "type": "MultiLineString", "coordinates": [ [ [ -49.5707604, -20.4019861 ], [ -49.5707613, -20.4019862 ], [ -49.5707658, -20.4019866 ] ] ] } },
{ "type": "Feature", "properties": { "linha_id": 54, "comp_m": 0.64, "ini_m": 34.44, "fim_m": 35.08, "faixa_id": 2, "classe": "0.50–1.50 m", "_coa_length_m": 0.64, "_coa_class": "0,50–1,50 m" }, "geometry": { "type": "MultiLineString", "coordinates": [ [ [ -49.5708077, -20.401991 ], [ -49.5708125, -20.4019916 ], [ -49.5708137, -20.4019918 ] ] ] } },
{ "type": "Feature", "properties": { "linha_id": 54, "comp_m": 0.72, "ini_m": 226.68, "fim_m": 227.4, "faixa_id": 2, "classe": "0.50–1.50 m", "_coa_length_m": 0.72, "_coa_class": "0,50–1,50 m" }, "geometry": { "type": "MultiLineString", "coordinates": [ [ [ -49.5726379, -20.4021767 ], [ -49.5726448, -20.4021774 ] ] ] } },
{ "type": "Feature", "properties": { "linha_id": 54, "comp_m": 0.56, "ini_m": 324.6, "fim_m": 325.16, "faixa_id": 2, "classe": "0.50–1.50 m", "_coa_length_m": 0.56, "_coa_class": "0,50–1,50 m" }, "geometry": { "type": "MultiLineString", "coordinates": [ [ [ -49.5735691, -20.4022709 ], [ -49.5735728, -20.4022712 ], [ -49.5735744, -20.4022714 ] ] ] } },
{ "type": "Feature", "properties": { "linha_id": 54, "comp_m": 1.2, "ini_m": 442.6, "fim_m": 443.8, "faixa_id": 2, "classe": "0.50–1.50 m", "_coa_length_m": 1.2, "_coa_class": "0,50–1,50 m" }, "geometry": { "type": "MultiLineString", "coordinates": [ [ [ -49.5746931, -20.402384 ], [ -49.574695, -20.4023842 ], [ -49.5747041, -20.4023851 ], [ -49.5747045, -20.4023852 ] ] ] } },
{ "type": "Feature", "properties": { "linha_id": 54, "comp_m": 0.96, "ini_m": 446.36, "fim_m": 447.32, "faixa_id": 2, "classe": "0.50–1.50 m", "_coa_length_m": 0.96, "_coa_class": "0,50–1,50 m" }, "geometry": { "type": "MultiLineString", "coordinates": [ [ [ -49.5747289, -20.4023879 ], [ -49.5747314, -20.4023881 ], [ -49.574738, -20.4023889 ] ] ] } },
{ "type": "Feature", "properties": { "linha_id": 54, "comp_m": 0.56, "ini_m": 447.96, "fim_m": 448.52, "faixa_id": 2, "classe": "0.50–1.50 m", "_coa_length_m": 0.56, "_coa_class": "0,50–1,50 m" }, "geometry": { "type": "MultiLineString", "coordinates": [ [ [ -49.5747441, -20.4023896 ], [ -49.5747494, -20.4023903 ] ] ] } },
{ "type": "Feature", "properties": { "linha_id": 54, "comp_m": 1.018, "ini_m": 452.68, "fim_m": 453.698, "faixa_id": 2, "classe": "0.50–1.50 m", "_coa_length_m": 1.018, "_coa_class": "0,50–1,50 m" }, "geometry": { "type": "MultiLineString", "coordinates": [ [ [ -49.5747888, -20.4023954 ], [ -49.5747888, -20.4023954 ], [ -49.574789, -20.4023955 ], [ -49.5747893, -20.4023955 ], [ -49.5747895, -20.4023955 ], [ -49.5747897, -20.4023955 ], [ -49.5747899, -20.4023956 ], [ -49.5747902, -20.4023956 ], [ -49.5747904, -20.4023956 ], [ -49.5747906, -20.4023956 ], [ -49.5747908, -20.4023957 ], [ -49.5747911, -20.4023957 ], [ -49.5747913, -20.4023957 ], [ -49.5747915, -20.4023957 ], [ -49.5747917, -20.4023957 ], [ -49.574792, -20.4023958 ], [ -49.5747922, -20.4023958 ], [ -49.5747924, -20.4023958 ], [ -49.5747926, -20.4023958 ], [ -49.5747929, -20.4023959 ], [ -49.5747931, -20.4023959 ], [ -49.5747933, -20.4023959 ], [ -49.5747935, -20.4023959 ], [ -49.5747938, -20.4023959 ], [ -49.574794, -20.402396 ], [ -49.5747942, -20.402396 ], [ -49.5747944, -20.402396 ], [ -49.5747946, -20.402396 ], [ -49.5747949, -20.4023961 ], [ -49.5747951, -20.4023961 ], [ -49.5747953, -20.4023961 ], [ -49.5747955, -20.4023961 ], [ -49.5747958, -20.4023961 ], [ -49.574796, -20.4023962 ], [ -49.5747962, -20.4023962 ], [ -49.5747964, -20.4023962 ], [ -49.5747967, -20.4023962 ], [ -49.5747969, -20.4023963 ], [ -49.5747971, -20.4023963 ], [ -49.5747973, -20.4023963 ], [ -49.5747976, -20.4023963 ], [ -49.5747978, -20.4023964 ], [ -49.574798, -20.4023964 ], [ -49.5747982, -20.4023964 ], [ -49.5747985, -20.4023964 ] ] ] } },
{ "type": "Feature", "properties": { "linha_id": 55, "comp_m": 0.56, "ini_m": 0.76, "fim_m": 1.32, "faixa_id": 2, "classe": "0.50–1.50 m", "_coa_length_m": 0.56, "_coa_class": "0,50–1,50 m" }, "geometry": { "type": "MultiLineString", "coordinates": [ [ [ -49.5704928, -20.4019863 ], [ -49.5704938, -20.4019865 ], [ -49.5704966, -20.4019868 ], [ -49.5704981, -20.401987 ] ] ] } },
{ "type": "Feature", "properties": { "linha_id": 55, "comp_m": 0.56, "ini_m": 275.24, "fim_m": 275.8, "faixa_id": 2, "classe": "0.50–1.50 m", "_coa_length_m": 0.56, "_coa_class": "0,50–1,50 m" }, "geometry": { "type": "MultiLineString", "coordinates": [ [ [ -49.5731059, -20.4022511 ], [ -49.5731065, -20.4022511 ], [ -49.5731113, -20.4022516 ] ] ] } },
{ "type": "Feature", "properties": { "linha_id": 55, "comp_m": 0.8, "ini_m": 326.28, "fim_m": 327.08, "faixa_id": 2, "classe": "0.50–1.50 m", "_coa_length_m": 0.8, "_coa_class": "0,50–1,50 m" }, "geometry": { "type": "MultiLineString", "coordinates": [ [ [ -49.573592, -20.4023005 ], [ -49.5735997, -20.4023014 ] ] ] } },
{ "type": "Feature", "properties": { "linha_id": 55, "comp_m": 0.56, "ini_m": 435.08, "fim_m": 435.64, "faixa_id": 2, "classe": "0.50–1.50 m", "_coa_length_m": 0.56, "_coa_class": "0,50–1,50 m" }, "geometry": { "type": "MultiLineString", "coordinates": [ [ [ -49.5746286, -20.4024046 ], [ -49.5746326, -20.402405 ], [ -49.5746339, -20.4024051 ] ] ] } },
{ "type": "Feature", "properties": { "linha_id": 55, "comp_m": 1.44, "ini_m": 443.64, "fim_m": 445.08, "faixa_id": 2, "classe": "0.50–1.50 m", "_coa_length_m": 1.44, "_coa_class": "0,50–1,50 m" }, "geometry": { "type": "MultiLineString", "coordinates": [ [ [ -49.5747102, -20.402412 ], [ -49.5747143, -20.4024124 ], [ -49.5747239, -20.4024137 ] ] ] } },
{ "type": "Feature", "properties": { "linha_id": 55, "comp_m": 1.6, "ini_m": 445.16, "fim_m": 446.76, "faixa_id": 3, "classe": "1.50–3.00 m", "_coa_length_m": 1.6, "_coa_class": "1,50–3,00 m" }, "geometry": { "type": "MultiLineString", "coordinates": [ [ [ -49.5747247, -20.4024138 ], [ -49.5747276, -20.4024142 ], [ -49.5747398, -20.4024159 ] ] ] } },
{ "type": "Feature", "properties": { "linha_id": 55, "comp_m": 0.72, "ini_m": 450.12, "fim_m": 450.84, "faixa_id": 2, "classe": "0.50–1.50 m", "_coa_length_m": 0.72, "_coa_class": "0,50–1,50 m" }, "geometry": { "type": "MultiLineString", "coordinates": [ [ [ -49.5747717, -20.4024201 ], [ -49.5747786, -20.4024208 ] ] ] } },
{ "type": "Feature", "properties": { "linha_id": 56, "comp_m": 0.84, "ini_m": 0.0, "fim_m": 0.84, "faixa_id": 2, "classe": "0.50–1.50 m", "_coa_length_m": 0.84, "_coa_class": "0,50–1,50 m" }, "geometry": { "type": "MultiLineString", "coordinates": [ [ [ -49.570455, -20.4018645 ], [ -49.570463, -20.4018644 ] ] ] } },
{ "type": "Feature", "properties": { "linha_id": 56, "comp_m": 2.48, "ini_m": 3.0, "fim_m": 5.48, "faixa_id": 3, "classe": "1.50–3.00 m", "_coa_length_m": 2.48, "_coa_class": "1,50–3,00 m" }, "geometry": { "type": "MultiLineString", "coordinates": [ [ [ -49.5704837, -20.4018644 ], [ -49.5704838, -20.4018644 ], [ -49.5704843, -20.4018645 ], [ -49.5704849, -20.4018645 ], [ -49.5704854, -20.4018645 ], [ -49.5704859, -20.4018646 ], [ -49.5704864, -20.4018646 ], [ -49.5704869, -20.4018647 ], [ -49.5704875, -20.4018647 ], [ -49.570488, -20.4018648 ], [ -49.5704885, -20.4018648 ], [ -49.570489, -20.4018649 ], [ -49.5704895, -20.4018649 ], [ -49.57049, -20.401865 ], [ -49.5704905, -20.401865 ], [ -49.570491, -20.4018651 ], [ -49.5704916, -20.4018651 ], [ -49.5704921, -20.4018652 ], [ -49.5704926, -20.4018653 ], [ -49.5704931, -20.4018653 ], [ -49.5704936, -20.4018654 ], [ -49.5704941, -20.4018655 ], [ -49.5704946, -20.4018655 ], [ -49.5704951, -20.4018656 ], [ -49.5704956, -20.4018656 ], [ -49.5704961, -20.4018657 ], [ -49.5704966, -20.4018658 ], [ -49.5704971, -20.4018658 ], [ -49.5704976, -20.4018659 ], [ -49.5704982, -20.401866 ], [ -49.5704987, -20.4018661 ], [ -49.5704992, -20.4018661 ], [ -49.5704997, -20.4018662 ], [ -49.5705002, -20.4018663 ], [ -49.5705007, -20.4018663 ], [ -49.5705012, -20.4018664 ], [ -49.5705017, -20.4018665 ], [ -49.5705022, -20.4018665 ], [ -49.5705027, -20.4018666 ], [ -49.5705032, -20.4018667 ], [ -49.5705037, -20.4018667 ], [ -49.5705042, -20.4018668 ], [ -49.5705047, -20.4018669 ], [ -49.5705052, -20.4018669 ], [ -49.5705057, -20.401867 ], [ -49.5705062, -20.4018671 ], [ -49.5705068, -20.4018671 ], [ -49.5705073, -20.4018672 ], [ -49.5705073, -20.4018672 ] ] ] } },
{ "type": "Feature", "properties": { "linha_id": 56, "comp_m": 0.64, "ini_m": 27.8, "fim_m": 28.44, "faixa_id": 2, "classe": "0.50–1.50 m", "_coa_length_m": 0.64, "_coa_class": "0,50–1,50 m" }, "geometry": { "type": "MultiLineString", "coordinates": [ [ [ -49.5707198, -20.4018877 ], [ -49.5707259, -20.4018884 ] ] ] } },
{ "type": "Feature", "properties": { "linha_id": 56, "comp_m": 0.56, "ini_m": 31.56, "fim_m": 32.12, "faixa_id": 2, "classe": "0.50–1.50 m", "_coa_length_m": 0.56, "_coa_class": "0,50–1,50 m" }, "geometry": { "type": "MultiLineString", "coordinates": [ [ [ -49.5707555, -20.4018918 ], [ -49.5707609, -20.4018924 ] ] ] } },
{ "type": "Feature", "properties": { "linha_id": 56, "comp_m": 1.44, "ini_m": 375.48, "fim_m": 376.92, "faixa_id": 2, "classe": "0.50–1.50 m", "_coa_length_m": 1.44, "_coa_class": "0,50–1,50 m" }, "geometry": { "type": "MultiLineString", "coordinates": [ [ [ -49.5740317, -20.4022222 ], [ -49.5740321, -20.4022222 ], [ -49.5740329, -20.4022222 ], [ -49.5740338, -20.4022222 ], [ -49.5740346, -20.4022223 ], [ -49.5740355, -20.4022223 ], [ -49.5740363, -20.4022223 ], [ -49.5740372, -20.4022224 ], [ -49.574038, -20.4022224 ], [ -49.5740389, -20.4022224 ], [ -49.5740397, -20.4022224 ], [ -49.5740392, -20.4022236 ], [ -49.5740408, -20.4022238 ], [ -49.5740425, -20.402224 ], [ -49.5740434, -20.4022241 ] ] ] } },
{ "type": "Feature", "properties": { "linha_id": 56, "comp_m": 0.64, "ini_m": 400.6, "fim_m": 401.24, "faixa_id": 2, "classe": "0.50–1.50 m", "_coa_length_m": 0.64, "_coa_class": "0,50–1,50 m" }, "geometry": { "type": "MultiLineString", "coordinates": [ [ [ -49.5742687, -20.402246 ], [ -49.5742698, -20.4022461 ], [ -49.5742748, -20.4022465 ] ] ] } },
{ "type": "Feature", "properties": { "linha_id": 56, "comp_m": 1.2, "ini_m": 416.52, "fim_m": 417.72, "faixa_id": 2, "classe": "0.50–1.50 m", "_coa_length_m": 1.2, "_coa_class": "0,50–1,50 m" }, "geometry": { "type": "MultiLineString", "coordinates": [ [ [ -49.5744204, -20.4022616 ], [ -49.5744251, -20.4022621 ], [ -49.5744311, -20.4022628 ], [ -49.5744318, -20.4022628 ] ] ] } },
{ "type": "Feature", "properties": { "linha_id": 56, "comp_m": 0.8, "ini_m": 427.48, "fim_m": 428.28, "faixa_id": 2, "classe": "0.50–1.50 m", "_coa_length_m": 0.8, "_coa_class": "0,50–1,50 m" }, "geometry": { "type": "MultiLineString", "coordinates": [ [ [ -49.5745248, -20.4022722 ], [ -49.5745268, -20.4022723 ], [ -49.5745324, -20.4022728 ] ] ] } },
{ "type": "Feature", "properties": { "linha_id": 56, "comp_m": 0.96, "ini_m": 430.2, "fim_m": 431.16, "faixa_id": 2, "classe": "0.50–1.50 m", "_coa_length_m": 0.96, "_coa_class": "0,50–1,50 m" }, "geometry": { "type": "MultiLineString", "coordinates": [ [ [ -49.5745507, -20.4022744 ], [ -49.5745509, -20.4022744 ], [ -49.5745569, -20.4022749 ], [ -49.5745599, -20.4022752 ] ] ] } },
{ "type": "Feature", "properties": { "linha_id": 56, "comp_m": 0.56, "ini_m": 433.88, "fim_m": 434.44, "faixa_id": 2, "classe": "0.50–1.50 m", "_coa_length_m": 0.56, "_coa_class": "0,50–1,50 m" }, "geometry": { "type": "MultiLineString", "coordinates": [ [ [ -49.5745858, -20.4022777 ], [ -49.5745869, -20.4022778 ], [ -49.5745911, -20.4022783 ] ] ] } },
{ "type": "Feature", "properties": { "linha_id": 56, "comp_m": 0.96, "ini_m": 435.0, "fim_m": 435.96, "faixa_id": 2, "classe": "0.50–1.50 m", "_coa_length_m": 0.96, "_coa_class": "0,50–1,50 m" }, "geometry": { "type": "MultiLineString", "coordinates": [ [ [ -49.5745965, -20.4022789 ], [ -49.5745988, -20.4022792 ], [ -49.5746047, -20.4022798 ], [ -49.5746056, -20.4022799 ] ] ] } },
{ "type": "Feature", "properties": { "linha_id": 56, "comp_m": 0.96, "ini_m": 436.52, "fim_m": 437.48, "faixa_id": 2, "classe": "0.50–1.50 m", "_coa_length_m": 0.96, "_coa_class": "0,50–1,50 m" }, "geometry": { "type": "MultiLineString", "coordinates": [ [ [ -49.5746109, -20.4022806 ], [ -49.5746166, -20.4022813 ], [ -49.57462, -20.4022817 ] ] ] } },
{ "type": "Feature", "properties": { "linha_id": 56, "comp_m": 1.12, "ini_m": 454.84, "fim_m": 455.96, "faixa_id": 2, "classe": "0.50–1.50 m", "_coa_length_m": 1.121, "_coa_class": "0,50–1,50 m" }, "geometry": { "type": "MultiLineString", "coordinates": [ [ [ -49.5747855, -20.4022982 ], [ -49.5747902, -20.4022986 ], [ -49.5747961, -20.4022993 ] ] ] } },
{ "type": "Feature", "properties": { "linha_id": 57, "comp_m": 3.36, "ini_m": 5.72, "fim_m": 9.08, "faixa_id": 4, "classe": "3.00–5.00 m", "_coa_length_m": 3.36, "_coa_class": "3,00–5,00 m" }, "geometry": { "type": "MultiLineString", "coordinates": [ [ [ -49.5705226, -20.4019077 ], [ -49.5705248, -20.4019079 ], [ -49.570532, -20.4019085 ], [ -49.5705391, -20.4019092 ], [ -49.5705463, -20.4019099 ], [ -49.5705533, -20.4019107 ], [ -49.5705546, -20.4019109 ] ] ] } },
{ "type": "Feature", "properties": { "linha_id": 57, "comp_m": 1.12, "ini_m": 15.64, "fim_m": 16.76, "faixa_id": 2, "classe": "0.50–1.50 m", "_coa_length_m": 1.12, "_coa_class": "0,50–1,50 m" }, "geometry": { "type": "MultiLineString", "coordinates": [ [ [ -49.570617, -20.4019178 ], [ -49.570617, -20.4019178 ], [ -49.570624, -20.4019187 ], [ -49.5706276, -20.4019192 ] ] ] } },
{ "type": "Feature", "properties": { "linha_id": 57, "comp_m": 0.72, "ini_m": 295.96, "fim_m": 296.68, "faixa_id": 2, "classe": "0.50–1.50 m", "_coa_length_m": 0.72, "_coa_class": "0,50–1,50 m" }, "geometry": { "type": "MultiLineString", "coordinates": [ [ [ -49.5732865, -20.4021877 ], [ -49.5732933, -20.4021885 ] ] ] } },
{ "type": "Feature", "properties": { "linha_id": 57, "comp_m": 0.56, "ini_m": 433.4, "fim_m": 433.96, "faixa_id": 2, "classe": "0.50–1.50 m", "_coa_length_m": 0.56, "_coa_class": "0,50–1,50 m" }, "geometry": { "type": "MultiLineString", "coordinates": [ [ [ -49.5745958, -20.4023202 ], [ -49.5746009, -20.4023208 ], [ -49.5746011, -20.4023208 ] ] ] } },
{ "type": "Feature", "properties": { "linha_id": 57, "comp_m": 0.64, "ini_m": 436.44, "fim_m": 437.08, "faixa_id": 2, "classe": "0.50–1.50 m", "_coa_length_m": 0.64, "_coa_class": "0,50–1,50 m" }, "geometry": { "type": "MultiLineString", "coordinates": [ [ [ -49.5746248, -20.4023227 ], [ -49.5746309, -20.4023232 ] ] ] } },
{ "type": "Feature", "properties": { "linha_id": 57, "comp_m": 2.24, "ini_m": 437.8, "fim_m": 440.04, "faixa_id": 3, "classe": "1.50–3.00 m", "_coa_length_m": 2.24, "_coa_class": "1,50–3,00 m" }, "geometry": { "type": "MultiLineString", "coordinates": [ [ [ -49.5746378, -20.4023237 ], [ -49.5746536, -20.402326 ], [ -49.574659, -20.4023266 ] ] ] } },
{ "type": "Feature", "properties": { "linha_id": 57, "comp_m": 0.64, "ini_m": 453.16, "fim_m": 453.8, "faixa_id": 2, "classe": "0.50–1.50 m", "_coa_length_m": 0.64, "_coa_class": "0,50–1,50 m" }, "geometry": { "type": "MultiLineString", "coordinates": [ [ [ -49.574784, -20.4023388 ], [ -49.5747901, -20.4023394 ] ] ] } },
{ "type": "Feature", "properties": { "linha_id": 58, "comp_m": 0.72, "ini_m": 1.32, "fim_m": 2.04, "faixa_id": 2, "classe": "0.50–1.50 m", "_coa_length_m": 0.72, "_coa_class": "0,50–1,50 m" }, "geometry": { "type": "MultiLineString", "coordinates": [ [ [ -49.570485, -20.4017682 ], [ -49.5704919, -20.401769 ] ] ] } },
{ "type": "Feature", "properties": { "linha_id": 58, "comp_m": 0.72, "ini_m": 4.92, "fim_m": 5.64, "faixa_id": 2, "classe": "0.50–1.50 m", "_coa_length_m": 0.72, "_coa_class": "0,50–1,50 m" }, "geometry": { "type": "MultiLineString", "coordinates": [ [ [ -49.5705194, -20.4017715 ], [ -49.5705206, -20.4017716 ], [ -49.5705262, -20.401772 ] ] ] } },
{ "type": "Feature", "properties": { "linha_id": 58, "comp_m": 2.16, "ini_m": 6.12, "fim_m": 8.28, "faixa_id": 3, "classe": "1.50–3.00 m", "_coa_length_m": 2.16, "_coa_class": "1,50–3,00 m" }, "geometry": { "type": "MultiLineString", "coordinates": [ [ [ -49.5705308, -20.4017724 ], [ -49.5705328, -20.4017726 ], [ -49.5705449, -20.4017737 ], [ -49.5705514, -20.4017743 ] ] ] } },
{ "type": "Feature", "properties": { "linha_id": 58, "comp_m": 0.88, "ini_m": 23.8, "fim_m": 24.68, "faixa_id": 2, "classe": "0.50–1.50 m", "_coa_length_m": 0.88, "_coa_class": "0,50–1,50 m" }, "geometry": { "type": "MultiLineString", "coordinates": [ [ [ -49.5706992, -20.4017895 ], [ -49.5707012, -20.4017897 ], [ -49.5707076, -20.4017902 ] ] ] } },
{ "type": "Feature", "properties": { "linha_id": 58, "comp_m": 0.64, "ini_m": 134.6, "fim_m": 135.24, "faixa_id": 2, "classe": "0.50–1.50 m", "_coa_length_m": 0.64, "_coa_class": "0,50–1,50 m" }, "geometry": { "type": "MultiLineString", "coordinates": [ [ [ -49.5717543, -20.4018975 ], [ -49.5717598, -20.4018981 ], [ -49.5717604, -20.4018981 ] ] ] } },
{ "type": "Feature", "properties": { "linha_id": 58, "comp_m": 0.56, "ini_m": 149.32, "fim_m": 149.88, "faixa_id": 2, "classe": "0.50–1.50 m", "_coa_length_m": 0.56, "_coa_class": "0,50–1,50 m" }, "geometry": { "type": "MultiLineString", "coordinates": [ [ [ -49.5718945, -20.4019119 ], [ -49.5718974, -20.4019122 ], [ -49.5718998, -20.4019125 ] ] ] } },
{ "type": "Feature", "properties": { "linha_id": 58, "comp_m": 0.64, "ini_m": 340.12, "fim_m": 340.76, "faixa_id": 2, "classe": "0.50–1.50 m", "_coa_length_m": 0.64, "_coa_class": "0,50–1,50 m" }, "geometry": { "type": "MultiLineString", "coordinates": [ [ [ -49.5737114, -20.4020937 ], [ -49.5737175, -20.4020944 ] ] ] } },
{ "type": "Feature", "properties": { "linha_id": 58, "comp_m": 0.64, "ini_m": 391.72, "fim_m": 392.36, "faixa_id": 2, "classe": "0.50–1.50 m", "_coa_length_m": 0.64, "_coa_class": "0,50–1,50 m" }, "geometry": { "type": "MultiLineString", "coordinates": [ [ [ -49.5742028, -20.4021444 ], [ -49.5742089, -20.402145 ] ] ] } },
{ "type": "Feature", "properties": { "linha_id": 58, "comp_m": 1.6, "ini_m": 395.08, "fim_m": 396.68, "faixa_id": 3, "classe": "1.50–3.00 m", "_coa_length_m": 1.6, "_coa_class": "1,50–3,00 m" }, "geometry": { "type": "MultiLineString", "coordinates": [ [ [ -49.5742349, -20.4021472 ], [ -49.5742352, -20.4021473 ], [ -49.5742501, -20.4021486 ] ] ] } },
{ "type": "Feature", "properties": { "linha_id": 58, "comp_m": 0.64, "ini_m": 419.4, "fim_m": 420.04, "faixa_id": 2, "classe": "0.50–1.50 m", "_coa_length_m": 0.64, "_coa_class": "0,50–1,50 m" }, "geometry": { "type": "MultiLineString", "coordinates": [ [ [ -49.5744666, -20.4021703 ], [ -49.5744727, -20.402171 ] ] ] } },
{ "type": "Feature", "properties": { "linha_id": 58, "comp_m": 1.12, "ini_m": 449.08, "fim_m": 450.2, "faixa_id": 2, "classe": "0.50–1.50 m", "_coa_length_m": 1.12, "_coa_class": "0,50–1,50 m" }, "geometry": { "type": "MultiLineString", "coordinates": [ [ [ -49.5747494, -20.4021978 ], [ -49.57476, -20.4021994 ] ] ] } },
{ "type": "Feature", "properties": { "linha_id": 59, "comp_m": 0.52, "ini_m": 0.0, "fim_m": 0.52, "faixa_id": 2, "classe": "0.50–1.50 m", "_coa_length_m": 0.52, "_coa_class": "0,50–1,50 m" }, "geometry": { "type": "MultiLineString", "coordinates": [ [ [ -49.5704315, -20.4011078 ], [ -49.5704332, -20.401108 ], [ -49.5704349, -20.4011082 ], [ -49.5704364, -20.4011083 ] ] ] } },
{ "type": "Feature", "properties": { "linha_id": 59, "comp_m": 3.44, "ini_m": 2.44, "fim_m": 5.88, "faixa_id": 4, "classe": "3.00–5.00 m", "_coa_length_m": 3.44, "_coa_class": "3,00–5,00 m" }, "geometry": { "type": "MultiLineString", "coordinates": [ [ [ -49.5704547, -20.4011104 ], [ -49.5704555, -20.4011104 ], [ -49.5704572, -20.4011106 ], [ -49.5704589, -20.4011109 ], [ -49.5704606, -20.4011111 ], [ -49.5704624, -20.4011113 ], [ -49.5704641, -20.4011115 ], [ -49.5704658, -20.4011117 ], [ -49.5704676, -20.4011119 ], [ -49.5704693, -20.4011121 ], [ -49.570471, -20.4011123 ], [ -49.5704728, -20.4011125 ], [ -49.5704745, -20.4011127 ], [ -49.5704763, -20.4011129 ], [ -49.570478, -20.4011131 ], [ -49.5704798, -20.4011133 ], [ -49.5704815, -20.4011135 ], [ -49.5704833, -20.4011137 ], [ -49.570485, -20.4011139 ], [ -49.5704868, -20.4011141 ], [ -49.5704874, -20.4011142 ] ] ] } },
{ "type": "Feature", "properties": { "linha_id": 59, "comp_m": 0.88, "ini_m": 15.88, "fim_m": 16.76, "faixa_id": 2, "classe": "0.50–1.50 m", "_coa_length_m": 0.88, "_coa_class": "0,50–1,50 m" }, "geometry": { "type": "MultiLineString", "coordinates": [ [ [ -49.5705827, -20.4011234 ], [ -49.5705837, -20.4011235 ], [ -49.5705855, -20.4011237 ], [ -49.5705872, -20.4011239 ], [ -49.570589, -20.4011241 ], [ -49.5705907, -20.4011243 ], [ -49.5705911, -20.4011243 ] ] ] } },
{ "type": "Feature", "properties": { "linha_id": 59, "comp_m": 0.64, "ini_m": 17.4, "fim_m": 18.04, "faixa_id": 2, "classe": "0.50–1.50 m", "_coa_length_m": 0.64, "_coa_class": "0,50–1,50 m" }, "geometry": { "type": "MultiLineString", "coordinates": [ [ [ -49.5705972, -20.4011251 ], [ -49.5705977, -20.4011251 ], [ -49.5705994, -20.4011254 ], [ -49.5706012, -20.4011256 ], [ -49.5706029, -20.4011258 ], [ -49.5706033, -20.4011258 ] ] ] } },
{ "type": "Feature", "properties": { "linha_id": 59, "comp_m": 0.72, "ini_m": 25.56, "fim_m": 26.28, "faixa_id": 2, "classe": "0.50–1.50 m", "_coa_length_m": 0.72, "_coa_class": "0,50–1,50 m" }, "geometry": { "type": "MultiLineString", "coordinates": [ [ [ -49.5706746, -20.4011338 ], [ -49.5706815, -20.4011343 ] ] ] } },
{ "type": "Feature", "properties": { "linha_id": 59, "comp_m": 1.52, "ini_m": 31.56, "fim_m": 33.08, "faixa_id": 3, "classe": "1.50–3.00 m", "_coa_length_m": 1.52, "_coa_class": "1,50–3,00 m" }, "geometry": { "type": "MultiLineString", "coordinates": [ [ [ -49.5707318, -20.4011394 ], [ -49.5707383, -20.4011401 ], [ -49.5707463, -20.4011409 ] ] ] } },
{ "type": "Feature", "properties": { "linha_id": 59, "comp_m": 0.56, "ini_m": 455.0, "fim_m": 455.56, "faixa_id": 2, "classe": "0.50–1.50 m", "_coa_length_m": 0.56, "_coa_class": "0,50–1,50 m" }, "geometry": { "type": "MultiLineString", "coordinates": [ [ [ -49.5747636, -20.4015439 ], [ -49.574766, -20.4015441 ], [ -49.5747686, -20.4015444 ], [ -49.5747689, -20.4015444 ] ] ] } },
{ "type": "Feature", "properties": { "linha_id": 60, "comp_m": 1.56, "ini_m": 0.0, "fim_m": 1.56, "faixa_id": 3, "classe": "1.50–3.00 m", "_coa_length_m": 1.56, "_coa_class": "1,50–3,00 m" }, "geometry": { "type": "MultiLineString", "coordinates": [ [ [ -49.5704528, -20.4012612 ], [ -49.5704609, -20.4012622 ], [ -49.5704677, -20.401263 ] ] ] } },
{ "type": "Feature", "properties": { "linha_id": 60, "comp_m": 0.64, "ini_m": 63.4, "fim_m": 64.04, "faixa_id": 2, "classe": "0.50–1.50 m", "_coa_length_m": 0.64, "_coa_class": "0,50–1,50 m" }, "geometry": { "type": "MultiLineString", "coordinates": [ [ [ -49.5710568, -20.4013221 ], [ -49.5710629, -20.4013227 ] ] ] } },
{ "type": "Feature", "properties": { "linha_id": 60, "comp_m": 0.56, "ini_m": 454.28, "fim_m": 454.84, "faixa_id": 2, "classe": "0.50–1.50 m", "_coa_length_m": 0.56, "_coa_class": "0,50–1,50 m" }, "geometry": { "type": "MultiLineString", "coordinates": [ [ [ -49.5747778, -20.401699 ], [ -49.5747798, -20.4016992 ], [ -49.5747824, -20.4016995 ], [ -49.5747831, -20.4016996 ] ] ] } },
{ "type": "Feature", "properties": { "linha_id": 61, "comp_m": 0.8, "ini_m": 0.36, "fim_m": 1.16, "faixa_id": 2, "classe": "0.50–1.50 m", "_coa_length_m": 0.8, "_coa_class": "0,50–1,50 m" }, "geometry": { "type": "MultiLineString", "coordinates": [ [ [ -49.5704439, -20.4011239 ], [ -49.5704446, -20.401124 ], [ -49.5704455, -20.4011241 ], [ -49.5704463, -20.4011241 ], [ -49.5704471, -20.4011242 ], [ -49.570448, -20.4011243 ], [ -49.5704488, -20.4011244 ], [ -49.5704496, -20.4011245 ], [ -49.5704505, -20.4011246 ], [ -49.5704513, -20.4011247 ], [ -49.5704515, -20.4011247 ] ] ] } },
{ "type": "Feature", "properties": { "linha_id": 61, "comp_m": 5.28, "ini_m": 3.72, "fim_m": 9.0, "faixa_id": 5, "classe": "≥ 5.00 m", "_coa_length_m": 5.281, "_coa_class": ">= 5,00 m" }, "geometry": { "type": "MultiLineString", "coordinates": [ [ [ -49.5704759, -20.4011274 ], [ -49.5704762, -20.4011274 ], [ -49.5704771, -20.4011275 ], [ -49.5704779, -20.4011276 ], [ -49.5704787, -20.4011277 ], [ -49.5704796, -20.4011278 ], [ -49.5704804, -20.4011279 ], [ -49.5704812, -20.401128 ], [ -49.5704821, -20.4011281 ], [ -49.5704829, -20.4011282 ], [ -49.5704837, -20.4011283 ], [ -49.5704846, -20.4011284 ], [ -49.5704854, -20.4011285 ], [ -49.5704862, -20.4011286 ], [ -49.5704871, -20.4011287 ], [ -49.5704879, -20.4011288 ], [ -49.5704887, -20.4011289 ], [ -49.5704895, -20.4011289 ], [ -49.5704904, -20.401129 ], [ -49.5704912, -20.4011291 ], [ -49.570492, -20.4011292 ], [ -49.5704929, -20.4011293 ], [ -49.5704937, -20.4011294 ], [ -49.5704945, -20.4011295 ], [ -49.5704954, -20.4011296 ], [ -49.5704962, -20.4011297 ], [ -49.570497, -20.4011298 ], [ -49.5704979, -20.4011299 ], [ -49.5704987, -20.40113 ], [ -49.5704995, -20.4011301 ], [ -49.5705004, -20.4011302 ], [ -49.5705012, -20.4011303 ], [ -49.570502, -20.4011304 ], [ -49.5705029, -20.4011305 ], [ -49.5705037, -20.4011306 ], [ -49.5705045, -20.4011307 ], [ -49.5705053, -20.4011308 ], [ -49.5705062, -20.4011309 ], [ -49.570507, -20.4011309 ], [ -49.5705078, -20.401131 ], [ -49.5705087, -20.4011311 ], [ -49.5705095, -20.4011312 ], [ -49.5705103, -20.4011313 ], [ -49.5705112, -20.4011314 ], [ -49.570512, -20.4011315 ], [ -49.5705128, -20.4011316 ], [ -49.5705137, -20.4011317 ], [ -49.5705145, -20.4011318 ], [ -49.5705153, -20.4011319 ], [ -49.5705162, -20.401132 ], [ -49.570517, -20.4011321 ], [ -49.5705178, -20.4011322 ], [ -49.5705186, -20.4011323 ], [ -49.5705195, -20.4011323 ], [ -49.5705203, -20.4011324 ], [ -49.5705211, -20.4011325 ], [ -49.570522, -20.4011326 ], [ -49.5705228, -20.4011327 ], [ -49.5705227, -20.4011329 ], [ -49.5705236, -20.4011329 ], [ -49.5705244, -20.401133 ], [ -49.5705252, -20.4011331 ], [ -49.5705259, -20.4011332 ] ] ] } },
{ "type": "Feature", "properties": { "linha_id": 61, "comp_m": 0.8, "ini_m": 13.16, "fim_m": 13.96, "faixa_id": 2, "classe": "0.50–1.50 m", "_coa_length_m": 0.8, "_coa_class": "0,50–1,50 m" }, "geometry": { "type": "MultiLineString", "coordinates": [ [ [ -49.5705655, -20.4011377 ], [ -49.5705655, -20.4011377 ], [ -49.5705663, -20.4011378 ], [ -49.5705672, -20.4011379 ], [ -49.570568, -20.401138 ], [ -49.5705688, -20.4011381 ], [ -49.5705696, -20.4011382 ], [ -49.5705704, -20.4011383 ], [ -49.5705713, -20.4011383 ], [ -49.5705721, -20.4011384 ], [ -49.5705729, -20.4011385 ], [ -49.5705731, -20.4011386 ] ] ] } },
{ "type": "Feature", "properties": { "linha_id": 61, "comp_m": 1.28, "ini_m": 14.2, "fim_m": 15.48, "faixa_id": 2, "classe": "0.50–1.50 m", "_coa_length_m": 1.28, "_coa_class": "0,50–1,50 m" }, "geometry": { "type": "MultiLineString", "coordinates": [ [ [ -49.5705754, -20.4011388 ], [ -49.5705762, -20.4011389 ], [ -49.570577, -20.401139 ], [ -49.5705778, -20.4011391 ], [ -49.5705787, -20.4011392 ], [ -49.5705795, -20.4011393 ], [ -49.5705803, -20.4011394 ], [ -49.5705811, -20.4011395 ], [ -49.5705819, -20.4011395 ], [ -49.5705828, -20.4011396 ], [ -49.5705836, -20.4011397 ], [ -49.5705844, -20.4011398 ], [ -49.5705852, -20.4011399 ], [ -49.5705861, -20.40114 ], [ -49.5705869, -20.4011401 ], [ -49.5705876, -20.4011401 ] ] ] } },
{ "type": "Feature", "properties": { "linha_id": 61, "comp_m": 1.2, "ini_m": 16.76, "fim_m": 17.96, "faixa_id": 2, "classe": "0.50–1.50 m", "_coa_length_m": 1.2, "_coa_class": "0,50–1,50 m" }, "geometry": { "type": "MultiLineString", "coordinates": [ [ [ -49.5705998, -20.4011412 ], [ -49.5706002, -20.4011413 ], [ -49.570601, -20.4011413 ], [ -49.5706019, -20.4011414 ], [ -49.5706027, -20.4011415 ], [ -49.5706035, -20.4011415 ], [ -49.5706044, -20.4011416 ], [ -49.5706044, -20.4011414 ], [ -49.5706111, -20.4011422 ] ] ] } },
{ "type": "Feature", "properties": { "linha_id": 61, "comp_m": 0.88, "ini_m": 26.52, "fim_m": 27.4, "faixa_id": 2, "classe": "0.50–1.50 m", "_coa_length_m": 0.88, "_coa_class": "0,50–1,50 m" }, "geometry": { "type": "MultiLineString", "coordinates": [ [ [ -49.5706927, -20.4011501 ], [ -49.5707011, -20.4011509 ] ] ] } },
{ "type": "Feature", "properties": { "linha_id": 61, "comp_m": 0.72, "ini_m": 237.8, "fim_m": 238.52, "faixa_id": 2, "classe": "0.50–1.50 m", "_coa_length_m": 0.72, "_coa_class": "0,50–1,50 m" }, "geometry": { "type": "MultiLineString", "coordinates": [ [ [ -49.5727044, -20.4013535 ], [ -49.5727073, -20.4013538 ], [ -49.5727113, -20.4013542 ] ] ] } },
{ "type": "Feature", "properties": { "linha_id": 61, "comp_m": 0.96, "ini_m": 315.4, "fim_m": 316.36, "faixa_id": 2, "classe": "0.50–1.50 m", "_coa_length_m": 0.96, "_coa_class": "0,50–1,50 m" }, "geometry": { "type": "MultiLineString", "coordinates": [ [ [ -49.5734435, -20.4014279 ], [ -49.5734493, -20.4014285 ], [ -49.5734527, -20.4014288 ] ] ] } },
{ "type": "Feature", "properties": { "linha_id": 61, "comp_m": 1.04, "ini_m": 438.6, "fim_m": 439.64, "faixa_id": 2, "classe": "0.50–1.50 m", "_coa_length_m": 1.04, "_coa_class": "0,50–1,50 m" }, "geometry": { "type": "MultiLineString", "coordinates": [ [ [ -49.5746169, -20.4015452 ], [ -49.5746268, -20.4015463 ] ] ] } },
{ "type": "Feature", "properties": { "linha_id": 61, "comp_m": 0.8, "ini_m": 440.6, "fim_m": 441.4, "faixa_id": 2, "classe": "0.50–1.50 m", "_coa_length_m": 0.8, "_coa_class": "0,50–1,50 m" }, "geometry": { "type": "MultiLineString", "coordinates": [ [ [ -49.574636, -20.4015472 ], [ -49.574637, -20.4015473 ], [ -49.5746436, -20.4015478 ] ] ] } },
{ "type": "Feature", "properties": { "linha_id": 61, "comp_m": 0.88, "ini_m": 456.68, "fim_m": 457.56, "faixa_id": 2, "classe": "0.50–1.50 m", "_coa_length_m": 0.88, "_coa_class": "0,50–1,50 m" }, "geometry": { "type": "MultiLineString", "coordinates": [ [ [ -49.5747893, -20.4015612 ], [ -49.5747977, -20.4015617 ] ] ] } },
{ "type": "Feature", "properties": { "linha_id": 62, "comp_m": 0.56, "ini_m": 23.32, "fim_m": 23.88, "faixa_id": 2, "classe": "0.50–1.50 m", "_coa_length_m": 0.56, "_coa_class": "0,50–1,50 m" }, "geometry": { "type": "MultiLineString", "coordinates": [ [ [ -49.5706778, -20.4018686 ], [ -49.5706796, -20.4018688 ], [ -49.5706832, -20.4018692 ] ] ] } },
{ "type": "Feature", "properties": { "linha_id": 62, "comp_m": 0.56, "ini_m": 33.32, "fim_m": 33.88, "faixa_id": 2, "classe": "0.50–1.50 m", "_coa_length_m": 0.56, "_coa_class": "0,50–1,50 m" }, "geometry": { "type": "MultiLineString", "coordinates": [ [ [ -49.570773, -20.4018793 ], [ -49.5707732, -20.4018793 ], [ -49.5707771, -20.4018797 ], [ -49.5707783, -20.4018798 ] ] ] } },
{ "type": "Feature", "properties": { "linha_id": 62, "comp_m": 1.28, "ini_m": 384.28, "fim_m": 385.56, "faixa_id": 2, "classe": "0.50–1.50 m", "_coa_length_m": 1.28, "_coa_class": "0,50–1,50 m" }, "geometry": { "type": "MultiLineString", "coordinates": [ [ [ -49.5741145, -20.4022159 ], [ -49.5741179, -20.4022161 ], [ -49.5741221, -20.4022163 ], [ -49.5741214, -20.4022178 ], [ -49.5741231, -20.4022179 ], [ -49.5741243, -20.402218 ] ] ] } },
{ "type": "Feature", "properties": { "linha_id": 62, "comp_m": 0.72, "ini_m": 393.64, "fim_m": 394.36, "faixa_id": 2, "classe": "0.50–1.50 m", "_coa_length_m": 0.72, "_coa_class": "0,50–1,50 m" }, "geometry": { "type": "MultiLineString", "coordinates": [ [ [ -49.5742013, -20.402225 ], [ -49.5742018, -20.4022251 ], [ -49.5742034, -20.4022253 ], [ -49.5742051, -20.4022255 ], [ -49.5742068, -20.4022256 ], [ -49.5742082, -20.4022258 ] ] ] } },
{ "type": "Feature", "properties": { "linha_id": 62, "comp_m": 1.04, "ini_m": 395.8, "fim_m": 396.84, "faixa_id": 2, "classe": "0.50–1.50 m", "_coa_length_m": 1.04, "_coa_class": "0,50–1,50 m" }, "geometry": { "type": "MultiLineString", "coordinates": [ [ [ -49.5742219, -20.4022275 ], [ -49.5742233, -20.4022276 ], [ -49.5742249, -20.4022278 ], [ -49.5742266, -20.402228 ], [ -49.5742283, -20.4022282 ], [ -49.5742299, -20.4022284 ], [ -49.5742316, -20.4022286 ], [ -49.5742317, -20.4022287 ] ] ] } },
{ "type": "Feature", "properties": { "linha_id": 62, "comp_m": 1.04, "ini_m": 432.92, "fim_m": 433.96, "faixa_id": 2, "classe": "0.50–1.50 m", "_coa_length_m": 1.04, "_coa_class": "0,50–1,50 m" }, "geometry": { "type": "MultiLineString", "coordinates": [ [ [ -49.5745752, -20.4022634 ], [ -49.574576, -20.4022635 ], [ -49.5745811, -20.4022641 ], [ -49.5745851, -20.4022646 ] ] ] } },
{ "type": "Feature", "properties": { "linha_id": 62, "comp_m": 1.04, "ini_m": 435.72, "fim_m": 436.76, "faixa_id": 2, "classe": "0.50–1.50 m", "_coa_length_m": 1.04, "_coa_class": "0,50–1,50 m" }, "geometry": { "type": "MultiLineString", "coordinates": [ [ [ -49.5746018, -20.4022665 ], [ -49.5746063, -20.4022671 ], [ -49.5746114, -20.4022676 ], [ -49.5746117, -20.4022677 ] ] ] } },
{ "type": "Feature", "properties": { "linha_id": 62, "comp_m": 2.057, "ini_m": 453.32, "fim_m": 455.377, "faixa_id": 3, "classe": "1.50–3.00 m", "_coa_length_m": 2.058, "_coa_class": "1,50–3,00 m" }, "geometry": { "type": "MultiLineString", "coordinates": [ [ [ -49.5747697, -20.4022814 ], [ -49.5747698, -20.4022814 ], [ -49.5747748, -20.402282 ], [ -49.5747797, -20.4022828 ], [ -49.5747844, -20.4022839 ], [ -49.5747889, -20.4022855 ] ] ] } },
{ "type": "Feature", "properties": { "linha_id": 63, "comp_m": 0.64, "ini_m": 2.6, "fim_m": 3.24, "faixa_id": 2, "classe": "0.50–1.50 m", "_coa_length_m": 0.64, "_coa_class": "0,50–1,50 m" }, "geometry": { "type": "MultiLineString", "coordinates": [ [ [ -49.570494, -20.4017008 ], [ -49.5705001, -20.4017015 ] ] ] } },
{ "type": "Feature", "properties": { "linha_id": 63, "comp_m": 0.64, "ini_m": 8.36, "fim_m": 9.0, "faixa_id": 2, "classe": "0.50–1.50 m", "_coa_length_m": 0.64, "_coa_class": "0,50–1,50 m" }, "geometry": { "type": "MultiLineString", "coordinates": [ [ [ -49.5705489, -20.4017065 ], [ -49.5705534, -20.401707 ], [ -49.570555, -20.4017071 ] ] ] } },
{ "type": "Feature", "properties": { "linha_id": 63, "comp_m": 0.56, "ini_m": 63.08, "fim_m": 63.64, "faixa_id": 2, "classe": "0.50–1.50 m", "_coa_length_m": 0.56, "_coa_class": "0,50–1,50 m" }, "geometry": { "type": "MultiLineString", "coordinates": [ [ [ -49.57107, -20.4017599 ], [ -49.5710724, -20.4017602 ], [ -49.5710754, -20.4017605 ] ] ] } },
{ "type": "Feature", "properties": { "linha_id": 63, "comp_m": 0.56, "ini_m": 86.2, "fim_m": 86.76, "faixa_id": 2, "classe": "0.50–1.50 m", "_coa_length_m": 0.56, "_coa_class": "0,50–1,50 m" }, "geometry": { "type": "MultiLineString", "coordinates": [ [ [ -49.5712903, -20.4017823 ], [ -49.5712956, -20.4017828 ] ] ] } },
{ "type": "Feature", "properties": { "linha_id": 63, "comp_m": 0.64, "ini_m": 351.72, "fim_m": 352.36, "faixa_id": 2, "classe": "0.50–1.50 m", "_coa_length_m": 0.64, "_coa_class": "0,50–1,50 m" }, "geometry": { "type": "MultiLineString", "coordinates": [ [ [ -49.573818, -20.4020372 ], [ -49.5738241, -20.4020379 ] ] ] } },
{ "type": "Feature", "properties": { "linha_id": 63, "comp_m": 0.56, "ini_m": 354.6, "fim_m": 355.16, "faixa_id": 2, "classe": "0.50–1.50 m", "_coa_length_m": 0.56, "_coa_class": "0,50–1,50 m" }, "geometry": { "type": "MultiLineString", "coordinates": [ [ [ -49.5738455, -20.4020401 ], [ -49.5738476, -20.4020404 ], [ -49.5738508, -20.4020407 ] ] ] } },
{ "type": "Feature", "properties": { "linha_id": 63, "comp_m": 0.56, "ini_m": 356.04, "fim_m": 356.6, "faixa_id": 2, "classe": "0.50–1.50 m", "_coa_length_m": 0.56, "_coa_class": "0,50–1,50 m" }, "geometry": { "type": "MultiLineString", "coordinates": [ [ [ -49.5738592, -20.4020416 ], [ -49.5738624, -20.4020419 ], [ -49.5738645, -20.4020421 ] ] ] } },
{ "type": "Feature", "properties": { "linha_id": 63, "comp_m": 0.72, "ini_m": 358.92, "fim_m": 359.64, "faixa_id": 2, "classe": "0.50–1.50 m", "_coa_length_m": 0.72, "_coa_class": "0,50–1,50 m" }, "geometry": { "type": "MultiLineString", "coordinates": [ [ [ -49.5738866, -20.4020443 ], [ -49.5738923, -20.4020448 ], [ -49.5738935, -20.402045 ] ] ] } },
{ "type": "Feature", "properties": { "linha_id": 63, "comp_m": 0.72, "ini_m": 391.48, "fim_m": 392.2, "faixa_id": 2, "classe": "0.50–1.50 m", "_coa_length_m": 0.72, "_coa_class": "0,50–1,50 m" }, "geometry": { "type": "MultiLineString", "coordinates": [ [ [ -49.5741966, -20.4020757 ], [ -49.5741974, -20.4020758 ], [ -49.5742034, -20.4020764 ] ] ] } },
{ "type": "Feature", "properties": { "linha_id": 63, "comp_m": 1.2, "ini_m": 448.44, "fim_m": 449.64, "faixa_id": 2, "classe": "0.50–1.50 m", "_coa_length_m": 1.2, "_coa_class": "0,50–1,50 m" }, "geometry": { "type": "MultiLineString", "coordinates": [ [ [ -49.5747394, -20.4021294 ], [ -49.5747455, -20.4021301 ], [ -49.5747455, -20.4021299 ], [ -49.5747459, -20.40213 ], [ -49.5747464, -20.4021301 ], [ -49.5747468, -20.4021303 ], [ -49.5747473, -20.4021304 ], [ -49.5747477, -20.4021305 ], [ -49.5747482, -20.4021306 ], [ -49.5747486, -20.4021307 ], [ -49.5747491, -20.4021308 ], [ -49.5747495, -20.4021309 ], [ -49.57475, -20.402131 ], [ -49.5747504, -20.4021311 ] ] ] } },
{ "type": "Feature", "properties": { "linha_id": 63, "comp_m": 1.6, "ini_m": 450.84, "fim_m": 452.44, "faixa_id": 3, "classe": "1.50–3.00 m", "_coa_length_m": 1.6, "_coa_class": "1,50–3,00 m" }, "geometry": { "type": "MultiLineString", "coordinates": [ [ [ -49.5747618, -20.4021324 ], [ -49.574762, -20.4021324 ], [ -49.5747625, -20.4021324 ], [ -49.5747629, -20.4021324 ], [ -49.5747634, -20.4021324 ], [ -49.5747639, -20.4021324 ], [ -49.5747644, -20.4021325 ], [ -49.5747648, -20.4021325 ], [ -49.5747653, -20.4021325 ], [ -49.5747658, -20.4021325 ], [ -49.5747663, -20.4021325 ], [ -49.5747667, -20.4021325 ], [ -49.5747672, -20.4021325 ], [ -49.5747677, -20.4021325 ], [ -49.5747682, -20.4021325 ], [ -49.5747686, -20.4021326 ], [ -49.5747691, -20.4021326 ], [ -49.5747696, -20.4021326 ], [ -49.5747701, -20.4021326 ], [ -49.5747705, -20.4021326 ], [ -49.574771, -20.4021326 ], [ -49.5747715, -20.4021326 ], [ -49.574772, -20.4021326 ], [ -49.5747724, -20.4021326 ], [ -49.5747729, -20.4021326 ], [ -49.5747734, -20.4021326 ], [ -49.5747739, -20.4021326 ], [ -49.5747743, -20.4021327 ], [ -49.5747748, -20.4021327 ], [ -49.5747753, -20.4021327 ], [ -49.5747757, -20.4021327 ], [ -49.5747762, -20.4021327 ], [ -49.5747767, -20.4021327 ], [ -49.5747771, -20.4021327 ] ] ] } },
{ "type": "Feature", "properties": { "linha_id": 64, "comp_m": 1.76, "ini_m": 1.16, "fim_m": 2.92, "faixa_id": 3, "classe": "1.50–3.00 m", "_coa_length_m": 1.76, "_coa_class": "1,50–3,00 m" }, "geometry": { "type": "MultiLineString", "coordinates": [ [ [ -49.5704533, -20.4012464 ], [ -49.5704556, -20.4012464 ], [ -49.5704622, -20.4012466 ], [ -49.5704687, -20.4012472 ], [ -49.5704701, -20.4012475 ] ] ] } },
{ "type": "Feature", "properties": { "linha_id": 64, "comp_m": 0.56, "ini_m": 5.24, "fim_m": 5.8, "faixa_id": 2, "classe": "0.50–1.50 m", "_coa_length_m": 0.56, "_coa_class": "0,50–1,50 m" }, "geometry": { "type": "MultiLineString", "coordinates": [ [ [ -49.5704921, -20.4012508 ], [ -49.5704946, -20.4012511 ], [ -49.5704974, -20.4012514 ] ] ] } },
{ "type": "Feature", "properties": { "linha_id": 64, "comp_m": 0.64, "ini_m": 44.04, "fim_m": 44.68, "faixa_id": 2, "classe": "0.50–1.50 m", "_coa_length_m": 0.64, "_coa_class": "0,50–1,50 m" }, "geometry": { "type": "MultiLineString", "coordinates": [ [ [ -49.5708616, -20.4012888 ], [ -49.5708646, -20.4012891 ], [ -49.5708677, -20.4012895 ] ] ] } },
{ "type": "Feature", "properties": { "linha_id": 64, "comp_m": 1.44, "ini_m": 45.96, "fim_m": 47.4, "faixa_id": 2, "classe": "0.50–1.50 m", "_coa_length_m": 1.44, "_coa_class": "0,50–1,50 m" }, "geometry": { "type": "MultiLineString", "coordinates": [ [ [ -49.5708799, -20.4012907 ], [ -49.5708844, -20.4012912 ], [ -49.5708911, -20.4012918 ], [ -49.5708936, -20.4012921 ] ] ] } },
{ "type": "Feature", "properties": { "linha_id": 64, "comp_m": 0.56, "ini_m": 261.72, "fim_m": 262.28, "faixa_id": 2, "classe": "0.50–1.50 m", "_coa_length_m": 0.56, "_coa_class": "0,50–1,50 m" }, "geometry": { "type": "MultiLineString", "coordinates": [ [ [ -49.5729349, -20.4014987 ], [ -49.5729402, -20.4014992 ] ] ] } },
{ "type": "Feature", "properties": { "linha_id": 65, "comp_m": 1.28, "ini_m": 4.68, "fim_m": 5.96, "faixa_id": 2, "classe": "0.50–1.50 m", "_coa_length_m": 1.28, "_coa_class": "0,50–1,50 m" }, "geometry": { "type": "MultiLineString", "coordinates": [ [ [ -49.5705277, -20.4020177 ], [ -49.5705311, -20.4020181 ], [ -49.5705399, -20.402019 ] ] ] } },
{ "type": "Feature", "properties": { "linha_id": 65, "comp_m": 0.72, "ini_m": 311.72, "fim_m": 312.44, "faixa_id": 2, "classe": "0.50–1.50 m", "_coa_length_m": 0.72, "_coa_class": "0,50–1,50 m" }, "geometry": { "type": "MultiLineString", "coordinates": [ [ [ -49.5734516, -20.4023129 ], [ -49.5734549, -20.4023132 ], [ -49.5734582, -20.4023135 ], [ -49.5734585, -20.4023135 ] ] ] } },
{ "type": "Feature", "properties": { "linha_id": 65, "comp_m": 1.2, "ini_m": 449.4, "fim_m": 450.6, "faixa_id": 2, "classe": "0.50–1.50 m", "_coa_length_m": 1.2, "_coa_class": "0,50–1,50 m" }, "geometry": { "type": "MultiLineString", "coordinates": [ [ [ -49.574762, -20.4024456 ], [ -49.5747624, -20.4024456 ], [ -49.5747632, -20.4024457 ], [ -49.574764, -20.4024458 ], [ -49.5747648, -20.4024459 ], [ -49.5747655, -20.402446 ], [ -49.5747663, -20.4024461 ], [ -49.5747671, -20.4024462 ], [ -49.5747679, -20.4024463 ], [ -49.5747687, -20.4024464 ], [ -49.5747694, -20.4024465 ], [ -49.5747702, -20.4024467 ], [ -49.5747709, -20.4024468 ], [ -49.5747717, -20.4024469 ], [ -49.5747724, -20.402447 ], [ -49.5747732, -20.4024472 ], [ -49.5747733, -20.4024472 ] ] ] } },
{ "type": "Feature", "properties": { "linha_id": 66, "comp_m": 0.72, "ini_m": 0.84, "fim_m": 1.56, "faixa_id": 2, "classe": "0.50–1.50 m", "_coa_length_m": 0.72, "_coa_class": "0,50–1,50 m" }, "geometry": { "type": "MultiLineString", "coordinates": [ [ [ -49.5704712, -20.4018764 ], [ -49.570478, -20.4018773 ] ] ] } },
{ "type": "Feature", "properties": { "linha_id": 66, "comp_m": 0.56, "ini_m": 357.56, "fim_m": 358.12, "faixa_id": 2, "classe": "0.50–1.50 m", "_coa_length_m": 0.56, "_coa_class": "0,50–1,50 m" }, "geometry": { "type": "MultiLineString", "coordinates": [ [ [ -49.5738683, -20.4022187 ], [ -49.5738727, -20.4022192 ], [ -49.5738736, -20.4022193 ] ] ] } },
{ "type": "Feature", "properties": { "linha_id": 66, "comp_m": 0.56, "ini_m": 392.12, "fim_m": 392.68, "faixa_id": 2, "classe": "0.50–1.50 m", "_coa_length_m": 0.56, "_coa_class": "0,50–1,50 m" }, "geometry": { "type": "MultiLineString", "coordinates": [ [ [ -49.5741976, -20.4022519 ], [ -49.5742029, -20.4022523 ] ] ] } },
{ "type": "Feature", "properties": { "linha_id": 66, "comp_m": 0.8, "ini_m": 433.64, "fim_m": 434.44, "faixa_id": 2, "classe": "0.50–1.50 m", "_coa_length_m": 0.8, "_coa_class": "0,50–1,50 m" }, "geometry": { "type": "MultiLineString", "coordinates": [ [ [ -49.5745927, -20.4022916 ], [ -49.5745938, -20.4022917 ], [ -49.5745973, -20.4022921 ], [ -49.5746004, -20.4022924 ] ] ] } },
{ "type": "Feature", "properties": { "linha_id": 66, "comp_m": 0.96, "ini_m": 435.32, "fim_m": 436.28, "faixa_id": 2, "classe": "0.50–1.50 m", "_coa_length_m": 0.96, "_coa_class": "0,50–1,50 m" }, "geometry": { "type": "MultiLineString", "coordinates": [ [ [ -49.5746087, -20.4022933 ], [ -49.5746112, -20.4022936 ], [ -49.5746147, -20.402294 ], [ -49.5746179, -20.4022944 ] ] ] } },
{ "type": "Feature", "properties": { "linha_id": 67, "comp_m": 6.96, "ini_m": 2.04, "fim_m": 9.0, "faixa_id": 5, "classe": "≥ 5.00 m", "_coa_length_m": 6.961, "_coa_class": ">= 5,00 m" }, "geometry": { "type": "MultiLineString", "coordinates": [ [ [ -49.5704982, -20.4020566 ], [ -49.5704984, -20.4020566 ], [ -49.5704988, -20.4020566 ], [ -49.5704991, -20.4020567 ], [ -49.5704995, -20.4020567 ], [ -49.5704999, -20.4020568 ], [ -49.5705003, -20.4020568 ], [ -49.5705007, -20.4020568 ], [ -49.5705011, -20.4020569 ], [ -49.5705014, -20.4020569 ], [ -49.5705034, -20.4020579 ], [ -49.5705643, -20.402063 ] ] ] } },
{ "type": "Feature", "properties": { "linha_id": 67, "comp_m": 1.36, "ini_m": 25.8, "fim_m": 27.16, "faixa_id": 2, "classe": "0.50–1.50 m", "_coa_length_m": 1.36, "_coa_class": "0,50–1,50 m" }, "geometry": { "type": "MultiLineString", "coordinates": [ [ [ -49.5707244, -20.4020784 ], [ -49.5707312, -20.402079 ], [ -49.5707374, -20.4020795 ] ] ] } },
{ "type": "Feature", "properties": { "linha_id": 67, "comp_m": 0.56, "ini_m": 31.4, "fim_m": 31.96, "faixa_id": 2, "classe": "0.50–1.50 m", "_coa_length_m": 0.56, "_coa_class": "0,50–1,50 m" }, "geometry": { "type": "MultiLineString", "coordinates": [ [ [ -49.5707778, -20.4020834 ], [ -49.5707789, -20.4020836 ], [ -49.5707832, -20.402084 ] ] ] } },
{ "type": "Feature", "properties": { "linha_id": 67, "comp_m": 1.04, "ini_m": 39.8, "fim_m": 40.84, "faixa_id": 2, "classe": "0.50–1.50 m", "_coa_length_m": 1.04, "_coa_class": "0,50–1,50 m" }, "geometry": { "type": "MultiLineString", "coordinates": [ [ [ -49.5708578, -20.4020919 ], [ -49.5708581, -20.402092 ], [ -49.5708659, -20.402093 ], [ -49.5708677, -20.4020933 ] ] ] } },
{ "type": "Feature", "properties": { "linha_id": 67, "comp_m": 0.64, "ini_m": 45.64, "fim_m": 46.28, "faixa_id": 2, "classe": "0.50–1.50 m", "_coa_length_m": 0.64, "_coa_class": "0,50–1,50 m" }, "geometry": { "type": "MultiLineString", "coordinates": [ [ [ -49.5709134, -20.4020981 ], [ -49.5709134, -20.4020981 ], [ -49.5709195, -20.4020988 ] ] ] } },
{ "type": "Feature", "properties": { "linha_id": 67, "comp_m": 0.72, "ini_m": 81.4, "fim_m": 82.12, "faixa_id": 2, "classe": "0.50–1.50 m", "_coa_length_m": 0.72, "_coa_class": "0,50–1,50 m" }, "geometry": { "type": "MultiLineString", "coordinates": [ [ [ -49.571254, -20.4021326 ], [ -49.5712544, -20.4021327 ], [ -49.5712608, -20.4021335 ] ] ] } },
{ "type": "Feature", "properties": { "linha_id": 67, "comp_m": 0.56, "ini_m": 112.6, "fim_m": 113.16, "faixa_id": 2, "classe": "0.50–1.50 m", "_coa_length_m": 0.56, "_coa_class": "0,50–1,50 m" }, "geometry": { "type": "MultiLineString", "coordinates": [ [ [ -49.5715511, -20.4021631 ], [ -49.5715513, -20.4021632 ], [ -49.5715564, -20.4021637 ] ] ] } },
{ "type": "Feature", "properties": { "linha_id": 67, "comp_m": 0.96, "ini_m": 262.28, "fim_m": 263.24, "faixa_id": 2, "classe": "0.50–1.50 m", "_coa_length_m": 0.96, "_coa_class": "0,50–1,50 m" }, "geometry": { "type": "MultiLineString", "coordinates": [ [ [ -49.5729762, -20.4023066 ], [ -49.5729818, -20.4023072 ], [ -49.5729853, -20.4023075 ] ] ] } },
{ "type": "Feature", "properties": { "linha_id": 67, "comp_m": 0.64, "ini_m": 286.44, "fim_m": 287.08, "faixa_id": 2, "classe": "0.50–1.50 m", "_coa_length_m": 0.64, "_coa_class": "0,50–1,50 m" }, "geometry": { "type": "MultiLineString", "coordinates": [ [ [ -49.5732064, -20.4023293 ], [ -49.5732097, -20.4023297 ], [ -49.5732125, -20.40233 ] ] ] } },
{ "type": "Feature", "properties": { "linha_id": 67, "comp_m": 1.6, "ini_m": 302.44, "fim_m": 304.04, "faixa_id": 3, "classe": "1.50–3.00 m", "_coa_length_m": 1.6, "_coa_class": "1,50–3,00 m" }, "geometry": { "type": "MultiLineString", "coordinates": [ [ [ -49.5733587, -20.4023451 ], [ -49.5733643, -20.4023457 ], [ -49.5733733, -20.4023468 ], [ -49.573374, -20.4023469 ] ] ] } },
{ "type": "Feature", "properties": { "linha_id": 67, "comp_m": 0.64, "ini_m": 305.16, "fim_m": 305.8, "faixa_id": 2, "classe": "0.50–1.50 m", "_coa_length_m": 0.64, "_coa_class": "0,50–1,50 m" }, "geometry": { "type": "MultiLineString", "coordinates": [ [ [ -49.5733846, -20.402348 ], [ -49.5733907, -20.4023487 ] ] ] } },
{ "type": "Feature", "properties": { "linha_id": 67, "comp_m": 1.04, "ini_m": 358.84, "fim_m": 359.88, "faixa_id": 2, "classe": "0.50–1.50 m", "_coa_length_m": 1.04, "_coa_class": "0,50–1,50 m" }, "geometry": { "type": "MultiLineString", "coordinates": [ [ [ -49.5738955, -20.4024004 ], [ -49.5738962, -20.4024005 ], [ -49.5738987, -20.4024007 ], [ -49.5739012, -20.402401 ], [ -49.5739037, -20.4024012 ], [ -49.5739054, -20.4024014 ] ] ] } },
{ "type": "Feature", "properties": { "linha_id": 67, "comp_m": 1.6, "ini_m": 371.16, "fim_m": 372.76, "faixa_id": 3, "classe": "1.50–3.00 m", "_coa_length_m": 1.6, "_coa_class": "1,50–3,00 m" }, "geometry": { "type": "MultiLineString", "coordinates": [ [ [ -49.5740121, -20.4024119 ], [ -49.5740139, -20.4024121 ], [ -49.574018, -20.4024125 ], [ -49.5740222, -20.4024129 ], [ -49.5740263, -20.4024133 ], [ -49.5740273, -20.4024134 ] ] ] } },
{ "type": "Feature", "properties": { "linha_id": 67, "comp_m": 0.56, "ini_m": 386.52, "fim_m": 387.08, "faixa_id": 2, "classe": "0.50–1.50 m", "_coa_length_m": 0.56, "_coa_class": "0,50–1,50 m" }, "geometry": { "type": "MultiLineString", "coordinates": [ [ [ -49.5741584, -20.4024263 ], [ -49.5741589, -20.4024263 ], [ -49.574163, -20.4024268 ], [ -49.5741638, -20.4024269 ] ] ] } },
{ "type": "Feature", "properties": { "linha_id": 67, "comp_m": 0.56, "ini_m": 387.32, "fim_m": 387.88, "faixa_id": 2, "classe": "0.50–1.50 m", "_coa_length_m": 0.56, "_coa_class": "0,50–1,50 m" }, "geometry": { "type": "MultiLineString", "coordinates": [ [ [ -49.574166, -20.4024272 ], [ -49.5741672, -20.4024273 ], [ -49.5741713, -20.4024278 ], [ -49.5741714, -20.4024278 ] ] ] } },
{ "type": "Feature", "properties": { "linha_id": 67, "comp_m": 0.8, "ini_m": 391.16, "fim_m": 391.96, "faixa_id": 2, "classe": "0.50–1.50 m", "_coa_length_m": 0.8, "_coa_class": "0,50–1,50 m" }, "geometry": { "type": "MultiLineString", "coordinates": [ [ [ -49.5742026, -20.4024312 ], [ -49.5742043, -20.4024314 ], [ -49.5742084, -20.4024318 ], [ -49.5742102, -20.402432 ] ] ] } },
{ "type": "Feature", "properties": { "linha_id": 67, "comp_m": 0.72, "ini_m": 413.96, "fim_m": 414.68, "faixa_id": 2, "classe": "0.50–1.50 m", "_coa_length_m": 0.72, "_coa_class": "0,50–1,50 m" }, "geometry": { "type": "MultiLineString", "coordinates": [ [ [ -49.5744198, -20.4024526 ], [ -49.5744241, -20.4024531 ], [ -49.5744266, -20.4024533 ] ] ] } },
{ "type": "Feature", "properties": { "linha_id": 67, "comp_m": 2.0, "ini_m": 426.2, "fim_m": 428.2, "faixa_id": 3, "classe": "1.50–3.00 m", "_coa_length_m": 2.0, "_coa_class": "1,50–3,00 m" }, "geometry": { "type": "MultiLineString", "coordinates": [ [ [ -49.5745363, -20.4024652 ], [ -49.5745401, -20.4024655 ], [ -49.5745446, -20.402466 ], [ -49.5745491, -20.4024664 ], [ -49.5745536, -20.4024668 ], [ -49.5745554, -20.4024669 ] ] ] } },
{ "type": "Feature", "properties": { "linha_id": 67, "comp_m": 0.88, "ini_m": 450.36, "fim_m": 451.24, "faixa_id": 2, "classe": "0.50–1.50 m", "_coa_length_m": 0.88, "_coa_class": "0,50–1,50 m" }, "geometry": { "type": "MultiLineString", "coordinates": [ [ [ -49.5747666, -20.4024865 ], [ -49.5747691, -20.4024869 ], [ -49.5747734, -20.4024878 ], [ -49.5747749, -20.4024881 ] ] ] } },
{ "type": "Feature", "properties": { "linha_id": 68, "comp_m": 3.88, "ini_m": 0.0, "fim_m": 3.88, "faixa_id": 4, "classe": "3.00–5.00 m", "_coa_length_m": 3.88, "_coa_class": "3,00–5,00 m" }, "geometry": { "type": "MultiLineString", "coordinates": [ [ [ -49.5705189, -20.4021054 ], [ -49.5705197, -20.4021054 ], [ -49.5705205, -20.4021053 ], [ -49.5705213, -20.4021052 ], [ -49.5705221, -20.4021052 ], [ -49.5705229, -20.4021051 ], [ -49.5705236, -20.4021051 ], [ -49.5705244, -20.402105 ], [ -49.5705252, -20.4021049 ], [ -49.570526, -20.4021049 ], [ -49.5705267, -20.4021048 ], [ -49.5705275, -20.4021048 ], [ -49.5705283, -20.4021048 ], [ -49.5705291, -20.4021047 ], [ -49.5705299, -20.4021047 ], [ -49.5705306, -20.4021046 ], [ -49.5705314, -20.4021046 ], [ -49.5705322, -20.4021046 ], [ -49.5705329, -20.4021045 ], [ -49.5705337, -20.4021045 ], [ -49.5705345, -20.4021045 ], [ -49.5705353, -20.4021045 ], [ -49.570536, -20.4021044 ], [ -49.5705368, -20.4021044 ], [ -49.5705376, -20.4021044 ], [ -49.5705384, -20.4021044 ], [ -49.5705391, -20.4021043 ], [ -49.5705399, -20.4021043 ], [ -49.5705407, -20.4021043 ], [ -49.5705414, -20.4021043 ], [ -49.5705422, -20.4021043 ], [ -49.570543, -20.4021043 ], [ -49.5705437, -20.4021043 ], [ -49.5705445, -20.4021043 ], [ -49.5705453, -20.4021043 ], [ -49.570546, -20.4021043 ], [ -49.5705468, -20.4021043 ], [ -49.5705476, -20.4021043 ], [ -49.5705483, -20.4021043 ], [ -49.5705491, -20.4021043 ], [ -49.5705499, -20.4021043 ], [ -49.5705506, -20.4021043 ], [ -49.5705514, -20.4021043 ], [ -49.5705522, -20.4021043 ], [ -49.5705529, -20.4021043 ], [ -49.5705537, -20.4021043 ], [ -49.5705545, -20.4021043 ], [ -49.5705553, -20.4021043 ], [ -49.570556, -20.4021044 ], [ -49.5705561, -20.4021044 ] ] ] } },
{ "type": "Feature", "properties": { "linha_id": 68, "comp_m": 0.88, "ini_m": 4.36, "fim_m": 5.24, "faixa_id": 2, "classe": "0.50–1.50 m", "_coa_length_m": 0.88, "_coa_class": "0,50–1,50 m" }, "geometry": { "type": "MultiLineString", "coordinates": [ [ [ -49.5705607, -20.4021045 ], [ -49.5705614, -20.4021045 ], [ -49.5705622, -20.4021045 ], [ -49.5705629, -20.4021045 ], [ -49.5705637, -20.4021046 ], [ -49.5705645, -20.4021046 ], [ -49.5705653, -20.4021046 ], [ -49.570566, -20.4021046 ], [ -49.5705668, -20.4021047 ], [ -49.5705676, -20.4021047 ], [ -49.5705683, -20.4021047 ], [ -49.5705691, -20.4021048 ] ] ] } },
{ "type": "Feature", "properties": { "linha_id": 68, "comp_m": 0.64, "ini_m": 69.0, "fim_m": 69.64, "faixa_id": 2, "classe": "0.50–1.50 m", "_coa_length_m": 0.64, "_coa_class": "0,50–1,50 m" }, "geometry": { "type": "MultiLineString", "coordinates": [ [ [ -49.571176, -20.4021659 ], [ -49.5711782, -20.4021662 ], [ -49.5711821, -20.4021667 ] ] ] } },
{ "type": "Feature", "properties": { "linha_id": 68, "comp_m": 1.04, "ini_m": 385.0, "fim_m": 386.04, "faixa_id": 2, "classe": "0.50–1.50 m", "_coa_length_m": 1.04, "_coa_class": "0,50–1,50 m" }, "geometry": { "type": "MultiLineString", "coordinates": [ [ [ -49.5741851, -20.4024694 ], [ -49.5741894, -20.4024699 ], [ -49.574195, -20.4024704 ] ] ] } },
{ "type": "Feature", "properties": { "linha_id": 69, "comp_m": 0.56, "ini_m": 81.64, "fim_m": 82.2, "faixa_id": 2, "classe": "0.50–1.50 m", "_coa_length_m": 0.56, "_coa_class": "0,50–1,50 m" }, "geometry": { "type": "MultiLineString", "coordinates": [ [ [ -49.5740041, -20.4023971 ], [ -49.5739987, -20.4023966 ] ] ] } },
{ "type": "Feature", "properties": { "linha_id": 69, "comp_m": 4.4, "ini_m": 441.32, "fim_m": 445.72, "faixa_id": 4, "classe": "3.00–5.00 m", "_coa_length_m": 4.401, "_coa_class": "3,00–5,00 m" }, "geometry": { "type": "MultiLineString", "coordinates": [ [ [ -49.5705783, -20.4020508 ], [ -49.5705782, -20.4020507 ], [ -49.5705778, -20.4020507 ], [ -49.5705774, -20.4020507 ], [ -49.5705769, -20.4020506 ], [ -49.5705765, -20.4020506 ], [ -49.5705761, -20.4020506 ], [ -49.5705757, -20.4020505 ], [ -49.5705753, -20.4020505 ], [ -49.5705749, -20.4020505 ], [ -49.5705745, -20.4020505 ], [ -49.5705741, -20.4020504 ], [ -49.5705737, -20.4020504 ], [ -49.5705733, -20.4020504 ], [ -49.5705729, -20.4020504 ], [ -49.5705725, -20.4020503 ], [ -49.5705721, -20.4020503 ], [ -49.5705717, -20.4020503 ], [ -49.5705713, -20.4020503 ], [ -49.5705709, -20.4020503 ], [ -49.5705705, -20.4020503 ], [ -49.5705701, -20.4020502 ], [ -49.5705697, -20.4020502 ], [ -49.5705693, -20.4020502 ], [ -49.570539, -20.4020469 ], [ -49.5705377, -20.4020458 ], [ -49.5705373, -20.4020457 ], [ -49.5705369, -20.4020457 ], [ -49.5705368, -20.4020457 ] ] ] } },
{ "type": "Feature", "properties": { "linha_id": 69, "comp_m": 0.56, "ini_m": 448.68, "fim_m": 449.24, "faixa_id": 2, "classe": "0.50–1.50 m", "_coa_length_m": 0.56, "_coa_class": "0,50–1,50 m" }, "geometry": { "type": "MultiLineString", "coordinates": [ [ [ -49.5705086, -20.4020434 ], [ -49.5705082, -20.4020434 ], [ -49.5705078, -20.4020434 ], [ -49.5705075, -20.4020434 ], [ -49.5705071, -20.4020433 ], [ -49.5705067, -20.4020433 ], [ -49.5705063, -20.4020433 ], [ -49.570506, -20.4020433 ], [ -49.5705056, -20.4020433 ], [ -49.5705052, -20.4020432 ], [ -49.5705049, -20.4020432 ], [ -49.5705045, -20.4020432 ], [ -49.5705041, -20.4020432 ], [ -49.5705037, -20.4020432 ], [ -49.5705034, -20.4020431 ], [ -49.5705032, -20.4020431 ] ] ] } },
{ "type": "Feature", "properties": { "linha_id": 70, "comp_m": 0.88, "ini_m": 0.28, "fim_m": 1.16, "faixa_id": 2, "classe": "0.50–1.50 m", "_coa_length_m": 0.88, "_coa_class": "0,50–1,50 m" }, "geometry": { "type": "MultiLineString", "coordinates": [ [ [ -49.570474, -20.4018897 ], [ -49.5704824, -20.4018906 ] ] ] } },
{ "type": "Feature", "properties": { "linha_id": 70, "comp_m": 0.56, "ini_m": 7.0, "fim_m": 7.56, "faixa_id": 2, "classe": "0.50–1.50 m", "_coa_length_m": 0.56, "_coa_class": "0,50–1,50 m" }, "geometry": { "type": "MultiLineString", "coordinates": [ [ [ -49.5705381, -20.4018954 ], [ -49.5705387, -20.4018954 ], [ -49.5705434, -20.401896 ] ] ] } },
{ "type": "Feature", "properties": { "linha_id": 70, "comp_m": 0.96, "ini_m": 20.2, "fim_m": 21.16, "faixa_id": 2, "classe": "0.50–1.50 m", "_coa_length_m": 0.96, "_coa_class": "0,50–1,50 m" }, "geometry": { "type": "MultiLineString", "coordinates": [ [ [ -49.5706638, -20.4019086 ], [ -49.5706725, -20.4019095 ], [ -49.5706729, -20.4019096 ] ] ] } },
{ "type": "Feature", "properties": { "linha_id": 70, "comp_m": 0.56, "ini_m": 26.68, "fim_m": 27.24, "faixa_id": 2, "classe": "0.50–1.50 m", "_coa_length_m": 0.56, "_coa_class": "0,50–1,50 m" }, "geometry": { "type": "MultiLineString", "coordinates": [ [ [ -49.5707254, -20.4019155 ], [ -49.5707308, -20.4019161 ] ] ] } },
{ "type": "Feature", "properties": { "linha_id": 70, "comp_m": 0.56, "ini_m": 40.2, "fim_m": 40.76, "faixa_id": 2, "classe": "0.50–1.50 m", "_coa_length_m": 0.56, "_coa_class": "0,50–1,50 m" }, "geometry": { "type": "MultiLineString", "coordinates": [ [ [ -49.5708543, -20.401928 ], [ -49.5708596, -20.4019287 ] ] ] } },
{ "type": "Feature", "properties": { "linha_id": 70, "comp_m": 0.72, "ini_m": 42.44, "fim_m": 43.16, "faixa_id": 2, "classe": "0.50–1.50 m", "_coa_length_m": 0.72, "_coa_class": "0,50–1,50 m" }, "geometry": { "type": "MultiLineString", "coordinates": [ [ [ -49.5708756, -20.4019306 ], [ -49.5708825, -20.4019311 ] ] ] } },
{ "type": "Feature", "properties": { "linha_id": 70, "comp_m": 1.76, "ini_m": 263.96, "fim_m": 265.72, "faixa_id": 3, "classe": "1.50–3.00 m", "_coa_length_m": 1.76, "_coa_class": "1,50–3,00 m" }, "geometry": { "type": "MultiLineString", "coordinates": [ [ [ -49.5729856, -20.4021441 ], [ -49.572988, -20.4021444 ], [ -49.5729918, -20.4021448 ], [ -49.5729956, -20.4021452 ], [ -49.5729993, -20.4021456 ], [ -49.5730023, -20.4021459 ] ] ] } },
{ "type": "Feature", "properties": { "linha_id": 70, "comp_m": 1.6, "ini_m": 268.2, "fim_m": 269.8, "faixa_id": 3, "classe": "1.50–3.00 m", "_coa_length_m": 1.6, "_coa_class": "1,50–3,00 m" }, "geometry": { "type": "MultiLineString", "coordinates": [ [ [ -49.573026, -20.4021482 ], [ -49.5730295, -20.4021486 ], [ -49.5730333, -20.4021489 ], [ -49.573037, -20.4021492 ], [ -49.5730408, -20.4021496 ], [ -49.5730412, -20.4021496 ] ] ] } },
{ "type": "Feature", "properties": { "linha_id": 70, "comp_m": 0.8, "ini_m": 274.2, "fim_m": 275.0, "faixa_id": 2, "classe": "0.50–1.50 m", "_coa_length_m": 0.8, "_coa_class": "0,50–1,50 m" }, "geometry": { "type": "MultiLineString", "coordinates": [ [ [ -49.573083, -20.4021534 ], [ -49.5730906, -20.4021543 ] ] ] } },
{ "type": "Feature", "properties": { "linha_id": 70, "comp_m": 0.8, "ini_m": 276.36, "fim_m": 277.16, "faixa_id": 2, "classe": "0.50–1.50 m", "_coa_length_m": 0.8, "_coa_class": "0,50–1,50 m" }, "geometry": { "type": "MultiLineString", "coordinates": [ [ [ -49.5731036, -20.4021558 ], [ -49.5731112, -20.4021567 ] ] ] } },
{ "type": "Feature", "properties": { "linha_id": 70, "comp_m": 1.28, "ini_m": 277.96, "fim_m": 279.24, "faixa_id": 2, "classe": "0.50–1.50 m", "_coa_length_m": 1.28, "_coa_class": "0,50–1,50 m" }, "geometry": { "type": "MultiLineString", "coordinates": [ [ [ -49.5731188, -20.4021577 ], [ -49.5731253, -20.4021584 ], [ -49.5731309, -20.4021591 ] ] ] } },
{ "type": "Feature", "properties": { "linha_id": 70, "comp_m": 1.2, "ini_m": 345.64, "fim_m": 346.84, "faixa_id": 2, "classe": "0.50–1.50 m", "_coa_length_m": 1.2, "_coa_class": "0,50–1,50 m" }, "geometry": { "type": "MultiLineString", "coordinates": [ [ [ -49.5737636, -20.4022224 ], [ -49.5737748, -20.4022232 ], [ -49.573775, -20.4022232 ] ] ] } },
{ "type": "Feature", "properties": { "linha_id": 70, "comp_m": 0.8, "ini_m": 352.28, "fim_m": 353.08, "faixa_id": 2, "classe": "0.50–1.50 m", "_coa_length_m": 0.8, "_coa_class": "0,50–1,50 m" }, "geometry": { "type": "MultiLineString", "coordinates": [ [ [ -49.5738269, -20.4022284 ], [ -49.5738328, -20.402229 ], [ -49.5738345, -20.4022292 ] ] ] } },
{ "type": "Feature", "properties": { "linha_id": 70, "comp_m": 0.72, "ini_m": 356.04, "fim_m": 356.76, "faixa_id": 2, "classe": "0.50–1.50 m", "_coa_length_m": 0.72, "_coa_class": "0,50–1,50 m" }, "geometry": { "type": "MultiLineString", "coordinates": [ [ [ -49.5738626, -20.4022322 ], [ -49.5738675, -20.4022327 ], [ -49.5738695, -20.4022329 ] ] ] } },
{ "type": "Feature", "properties": { "linha_id": 70, "comp_m": 2.72, "ini_m": 358.52, "fim_m": 361.24, "faixa_id": 3, "classe": "1.50–3.00 m", "_coa_length_m": 2.72, "_coa_class": "1,50–3,00 m" }, "geometry": { "type": "MultiLineString", "coordinates": [ [ [ -49.5738863, -20.4022347 ], [ -49.5738907, -20.4022352 ], [ -49.5739022, -20.4022365 ], [ -49.5739121, -20.4022377 ] ] ] } },
{ "type": "Feature", "properties": { "linha_id": 70, "comp_m": 0.56, "ini_m": 361.96, "fim_m": 362.52, "faixa_id": 2, "classe": "0.50–1.50 m", "_coa_length_m": 0.56, "_coa_class": "0,50–1,50 m" }, "geometry": { "type": "MultiLineString", "coordinates": [ [ [ -49.573919, -20.4022385 ], [ -49.5739243, -20.4022391 ] ] ] } },
{ "type": "Feature", "properties": { "linha_id": 70, "comp_m": 1.04, "ini_m": 363.0, "fim_m": 364.04, "faixa_id": 2, "classe": "0.50–1.50 m", "_coa_length_m": 1.04, "_coa_class": "0,50–1,50 m" }, "geometry": { "type": "MultiLineString", "coordinates": [ [ [ -49.5739289, -20.4022396 ], [ -49.5739368, -20.4022404 ], [ -49.5739388, -20.4022406 ] ] ] } },
{ "type": "Feature", "properties": { "linha_id": 70, "comp_m": 0.64, "ini_m": 386.2, "fim_m": 386.84, "faixa_id": 2, "classe": "0.50–1.50 m", "_coa_length_m": 0.64, "_coa_class": "0,50–1,50 m" }, "geometry": { "type": "MultiLineString", "coordinates": [ [ [ -49.57415, -20.4022611 ], [ -49.5741561, -20.4022617 ] ] ] } },
{ "type": "Feature", "properties": { "linha_id": 70, "comp_m": 5.04, "ini_m": 388.04, "fim_m": 393.08, "faixa_id": 5, "classe": "≥ 5.00 m", "_coa_length_m": 5.041, "_coa_class": ">= 5,00 m" }, "geometry": { "type": "MultiLineString", "coordinates": [ [ [ -49.5741675, -20.4022629 ], [ -49.574169, -20.4022631 ], [ -49.5741804, -20.4022645 ], [ -49.574192, -20.4022658 ], [ -49.5742038, -20.4022664 ], [ -49.574204, -20.4022661 ], [ -49.5742098, -20.4022673 ], [ -49.5742151, -20.4022681 ] ] ] } },
{ "type": "Feature", "properties": { "linha_id": 70, "comp_m": 0.56, "ini_m": 396.92, "fim_m": 397.48, "faixa_id": 2, "classe": "0.50–1.50 m", "_coa_length_m": 0.56, "_coa_class": "0,50–1,50 m" }, "geometry": { "type": "MultiLineString", "coordinates": [ [ [ -49.5742518, -20.4022707 ], [ -49.5742533, -20.4022708 ], [ -49.5742572, -20.4022711 ] ] ] } },
{ "type": "Feature", "properties": { "linha_id": 70, "comp_m": 1.28, "ini_m": 413.08, "fim_m": 414.36, "faixa_id": 2, "classe": "0.50–1.50 m", "_coa_length_m": 1.28, "_coa_class": "0,50–1,50 m" }, "geometry": { "type": "MultiLineString", "coordinates": [ [ [ -49.5744057, -20.4022866 ], [ -49.5744071, -20.4022868 ], [ -49.5744132, -20.4022874 ], [ -49.5744179, -20.402288 ] ] ] } },
{ "type": "Feature", "properties": { "linha_id": 70, "comp_m": 2.4, "ini_m": 425.4, "fim_m": 427.8, "faixa_id": 3, "classe": "1.50–3.00 m", "_coa_length_m": 2.4, "_coa_class": "1,50–3,00 m" }, "geometry": { "type": "MultiLineString", "coordinates": [ [ [ -49.574523, -20.4022987 ], [ -49.5745239, -20.4022988 ], [ -49.57453, -20.4022996 ], [ -49.5745361, -20.4023004 ], [ -49.5745422, -20.4023011 ], [ -49.5745458, -20.4023015 ] ] ] } },
{ "type": "Feature", "properties": { "linha_id": 70, "comp_m": 2.0, "ini_m": 428.52, "fim_m": 430.52, "faixa_id": 3, "classe": "1.50–3.00 m", "_coa_length_m": 2.0, "_coa_class": "1,50–3,00 m" }, "geometry": { "type": "MultiLineString", "coordinates": [ [ [ -49.5745527, -20.4023022 ], [ -49.5745545, -20.4023024 ], [ -49.5745607, -20.4023029 ], [ -49.5745669, -20.4023034 ], [ -49.5745718, -20.4023037 ] ] ] } },
{ "type": "Feature", "properties": { "linha_id": 70, "comp_m": 0.72, "ini_m": 431.32, "fim_m": 432.04, "faixa_id": 2, "classe": "0.50–1.50 m", "_coa_length_m": 0.72, "_coa_class": "0,50–1,50 m" }, "geometry": { "type": "MultiLineString", "coordinates": [ [ [ -49.5745794, -20.4023043 ], [ -49.5745856, -20.4023048 ], [ -49.5745863, -20.4023048 ] ] ] } },
{ "type": "Feature", "properties": { "linha_id": 70, "comp_m": 6.0, "ini_m": 433.96, "fim_m": 439.96, "faixa_id": 5, "classe": "≥ 5.00 m", "_coa_length_m": 6.001, "_coa_class": ">= 5,00 m" }, "geometry": { "type": "MultiLineString", "coordinates": [ [ [ -49.5746046, -20.4023064 ], [ -49.5746104, -20.402307 ], [ -49.5746165, -20.4023076 ], [ -49.5746227, -20.4023083 ], [ -49.5746288, -20.4023089 ], [ -49.5746349, -20.4023096 ], [ -49.574641, -20.4023104 ], [ -49.5746471, -20.4023111 ], [ -49.5746532, -20.4023119 ], [ -49.5746593, -20.4023127 ], [ -49.5746617, -20.4023131 ] ] ] } },
{ "type": "Feature", "properties": { "linha_id": 70, "comp_m": 0.96, "ini_m": 451.0, "fim_m": 451.96, "faixa_id": 2, "classe": "0.50–1.50 m", "_coa_length_m": 0.96, "_coa_class": "0,50–1,50 m" }, "geometry": { "type": "MultiLineString", "coordinates": [ [ [ -49.5747668, -20.4023239 ], [ -49.5747699, -20.4023242 ], [ -49.5747759, -20.4023251 ] ] ] } },
{ "type": "Feature", "properties": { "linha_id": 71, "comp_m": 1.92, "ini_m": 0.76, "fim_m": 2.68, "faixa_id": 3, "classe": "1.50–3.00 m", "_coa_length_m": 1.92, "_coa_class": "1,50–3,00 m" }, "geometry": { "type": "MultiLineString", "coordinates": [ [ [ -49.5704417, -20.4011387 ], [ -49.5704424, -20.4011386 ], [ -49.570445, -20.4011386 ], [ -49.5704477, -20.4011386 ], [ -49.5704503, -20.4011386 ], [ -49.5704529, -20.4011387 ], [ -49.5704555, -20.4011387 ], [ -49.5704581, -20.4011388 ], [ -49.5704601, -20.4011389 ] ] ] } },
{ "type": "Feature", "properties": { "linha_id": 71, "comp_m": 1.12, "ini_m": 4.92, "fim_m": 6.04, "faixa_id": 2, "classe": "0.50–1.50 m", "_coa_length_m": 1.12, "_coa_class": "0,50–1,50 m" }, "geometry": { "type": "MultiLineString", "coordinates": [ [ [ -49.5704815, -20.4011406 ], [ -49.5704837, -20.4011408 ], [ -49.5704863, -20.401141 ], [ -49.5704888, -20.4011413 ], [ -49.5704914, -20.4011416 ], [ -49.5704922, -20.4011417 ] ] ] } },
{ "type": "Feature", "properties": { "linha_id": 71, "comp_m": 1.68, "ini_m": 7.0, "fim_m": 8.68, "faixa_id": 3, "classe": "1.50–3.00 m", "_coa_length_m": 1.68, "_coa_class": "1,50–3,00 m" }, "geometry": { "type": "MultiLineString", "coordinates": [ [ [ -49.5705013, -20.4011426 ], [ -49.5705015, -20.4011427 ], [ -49.5705041, -20.4011429 ], [ -49.5705066, -20.4011432 ], [ -49.5705091, -20.4011435 ], [ -49.5705117, -20.4011437 ], [ -49.5705142, -20.401144 ], [ -49.5705167, -20.4011443 ], [ -49.5705173, -20.4011443 ] ] ] } },
{ "type": "Feature", "properties": { "linha_id": 71, "comp_m": 0.56, "ini_m": 15.48, "fim_m": 16.04, "faixa_id": 2, "classe": "0.50–1.50 m", "_coa_length_m": 0.56, "_coa_class": "0,50–1,50 m" }, "geometry": { "type": "MultiLineString", "coordinates": [ [ [ -49.570582, -20.4011517 ], [ -49.5705826, -20.4011517 ], [ -49.5705852, -20.401152 ], [ -49.5705873, -20.4011523 ] ] ] } },
{ "type": "Feature", "properties": { "linha_id": 71, "comp_m": 0.56, "ini_m": 42.04, "fim_m": 42.6, "faixa_id": 2, "classe": "0.50–1.50 m", "_coa_length_m": 0.56, "_coa_class": "0,50–1,50 m" }, "geometry": { "type": "MultiLineString", "coordinates": [ [ [ -49.5708348, -20.4011771 ], [ -49.5708361, -20.4011773 ], [ -49.5708377, -20.4011775 ], [ -49.5708392, -20.4011777 ], [ -49.5708401, -20.4011778 ] ] ] } },
{ "type": "Feature", "properties": { "linha_id": 71, "comp_m": 0.56, "ini_m": 44.84, "fim_m": 45.4, "faixa_id": 2, "classe": "0.50–1.50 m", "_coa_length_m": 0.56, "_coa_class": "0,50–1,50 m" }, "geometry": { "type": "MultiLineString", "coordinates": [ [ [ -49.5708614, -20.4011804 ], [ -49.5708652, -20.4011809 ], [ -49.5708667, -20.4011811 ] ] ] } },
{ "type": "Feature", "properties": { "linha_id": 71, "comp_m": 0.72, "ini_m": 49.0, "fim_m": 49.72, "faixa_id": 2, "classe": "0.50–1.50 m", "_coa_length_m": 0.72, "_coa_class": "0,50–1,50 m" }, "geometry": { "type": "MultiLineString", "coordinates": [ [ [ -49.570901, -20.4011843 ], [ -49.5709027, -20.4011845 ], [ -49.5709079, -20.401185 ] ] ] } },
{ "type": "Feature", "properties": { "linha_id": 71, "comp_m": 1.2, "ini_m": 54.36, "fim_m": 55.56, "faixa_id": 2, "classe": "0.50–1.50 m", "_coa_length_m": 1.2, "_coa_class": "0,50–1,50 m" }, "geometry": { "type": "MultiLineString", "coordinates": [ [ [ -49.5709521, -20.4011898 ], [ -49.570955, -20.4011902 ], [ -49.5709624, -20.4011912 ], [ -49.5709635, -20.4011913 ] ] ] } },
{ "type": "Feature", "properties": { "linha_id": 71, "comp_m": 0.88, "ini_m": 77.08, "fim_m": 77.96, "faixa_id": 2, "classe": "0.50–1.50 m", "_coa_length_m": 0.88, "_coa_class": "0,50–1,50 m" }, "geometry": { "type": "MultiLineString", "coordinates": [ [ [ -49.5711685, -20.4012116 ], [ -49.5711724, -20.401212 ], [ -49.5711769, -20.4012124 ] ] ] } },
{ "type": "Feature", "properties": { "linha_id": 71, "comp_m": 1.04, "ini_m": 387.16, "fim_m": 388.2, "faixa_id": 2, "classe": "0.50–1.50 m", "_coa_length_m": 1.04, "_coa_class": "0,50–1,50 m" }, "geometry": { "type": "MultiLineString", "coordinates": [ [ [ -49.5741206, -20.4015097 ], [ -49.5741212, -20.4015098 ], [ -49.5741258, -20.4015102 ], [ -49.5741304, -20.4015105 ], [ -49.5741306, -20.4015106 ] ] ] } },
{ "type": "Feature", "properties": { "linha_id": 71, "comp_m": 0.72, "ini_m": 434.44, "fim_m": 435.16, "faixa_id": 2, "classe": "0.50–1.50 m", "_coa_length_m": 0.72, "_coa_class": "0,50–1,50 m" }, "geometry": { "type": "MultiLineString", "coordinates": [ [ [ -49.574571, -20.4015538 ], [ -49.5745735, -20.4015541 ], [ -49.574576, -20.4015544 ], [ -49.5745778, -20.4015546 ] ] ] } },
{ "type": "Feature", "properties": { "linha_id": 71, "comp_m": 1.04, "ini_m": 444.92, "fim_m": 445.96, "faixa_id": 2, "classe": "0.50–1.50 m", "_coa_length_m": 1.04, "_coa_class": "0,50–1,50 m" }, "geometry": { "type": "MultiLineString", "coordinates": [ [ [ -49.5746708, -20.4015646 ], [ -49.5746719, -20.4015647 ], [ -49.5746744, -20.4015649 ], [ -49.5746769, -20.4015652 ], [ -49.5746794, -20.4015654 ], [ -49.5746807, -20.4015655 ] ] ] } },
{ "type": "Feature", "properties": { "linha_id": 71, "comp_m": 0.64, "ini_m": 448.2, "fim_m": 448.84, "faixa_id": 2, "classe": "0.50–1.50 m", "_coa_length_m": 0.64, "_coa_class": "0,50–1,50 m" }, "geometry": { "type": "MultiLineString", "coordinates": [ [ [ -49.574702, -20.4015676 ], [ -49.5747023, -20.4015676 ], [ -49.5747048, -20.4015678 ], [ -49.5747073, -20.4015681 ], [ -49.5747081, -20.4015682 ] ] ] } },
{ "type": "Feature", "properties": { "linha_id": 71, "comp_m": 2.24, "ini_m": 449.96, "fim_m": 452.2, "faixa_id": 3, "classe": "1.50–3.00 m", "_coa_length_m": 2.24, "_coa_class": "1,50–3,00 m" }, "geometry": { "type": "MultiLineString", "coordinates": [ [ [ -49.5747188, -20.4015691 ], [ -49.57472, -20.4015692 ], [ -49.5747226, -20.4015695 ], [ -49.5747251, -20.4015697 ], [ -49.5747277, -20.4015699 ], [ -49.5747302, -20.4015701 ], [ -49.5747328, -20.4015703 ], [ -49.5747353, -20.4015706 ], [ -49.5747379, -20.4015708 ], [ -49.5747402, -20.401571 ] ] ] } },
{ "type": "Feature", "properties": { "linha_id": 71, "comp_m": 0.64, "ini_m": 452.52, "fim_m": 453.16, "faixa_id": 2, "classe": "0.50–1.50 m", "_coa_length_m": 0.64, "_coa_class": "0,50–1,50 m" }, "geometry": { "type": "MultiLineString", "coordinates": [ [ [ -49.5747432, -20.4015712 ], [ -49.5747455, -20.4015714 ], [ -49.5747481, -20.4015716 ], [ -49.5747493, -20.4015717 ] ] ] } },
{ "type": "Feature", "properties": { "linha_id": 71, "comp_m": 0.88, "ini_m": 454.84, "fim_m": 455.72, "faixa_id": 2, "classe": "0.50–1.50 m", "_coa_length_m": 0.88, "_coa_class": "0,50–1,50 m" }, "geometry": { "type": "MultiLineString", "coordinates": [ [ [ -49.5747654, -20.401573 ], [ -49.5747659, -20.401573 ], [ -49.5747685, -20.4015732 ], [ -49.574771, -20.4015734 ], [ -49.5747736, -20.4015736 ], [ -49.5747738, -20.4015736 ] ] ] } },
{ "type": "Feature", "properties": { "linha_id": 71, "comp_m": 0.87, "ini_m": 456.44, "fim_m": 457.31, "faixa_id": 2, "classe": "0.50–1.50 m", "_coa_length_m": 0.87, "_coa_class": "0,50–1,50 m" }, "geometry": { "type": "MultiLineString", "coordinates": [ [ [ -49.5747807, -20.4015741 ], [ -49.5747813, -20.4015742 ], [ -49.5747839, -20.4015743 ], [ -49.5747864, -20.4015745 ], [ -49.574789, -20.4015747 ] ] ] } },
{ "type": "Feature", "properties": { "linha_id": 72, "comp_m": 0.76, "ini_m": 0.0, "fim_m": 0.76, "faixa_id": 2, "classe": "0.50–1.50 m", "_coa_length_m": 0.76, "_coa_class": "0,50–1,50 m" }, "geometry": { "type": "MultiLineString", "coordinates": [ [ [ -49.5704694, -20.4020301 ], [ -49.5704699, -20.4020301 ], [ -49.5704704, -20.40203 ], [ -49.5704709, -20.40203 ], [ -49.5704714, -20.40203 ], [ -49.5704719, -20.40203 ], [ -49.5704724, -20.4020299 ], [ -49.5704729, -20.4020299 ], [ -49.5704734, -20.4020299 ], [ -49.5704739, -20.4020299 ], [ -49.5704744, -20.4020299 ], [ -49.5704749, -20.4020299 ], [ -49.5704754, -20.4020299 ], [ -49.5704759, -20.4020299 ], [ -49.5704764, -20.4020299 ], [ -49.5704767, -20.4020299 ] ] ] } },
{ "type": "Feature", "properties": { "linha_id": 72, "comp_m": 0.56, "ini_m": 2.52, "fim_m": 3.08, "faixa_id": 2, "classe": "0.50–1.50 m", "_coa_length_m": 0.56, "_coa_class": "0,50–1,50 m" }, "geometry": { "type": "MultiLineString", "coordinates": [ [ [ -49.5704935, -20.4020308 ], [ -49.5704938, -20.4020308 ], [ -49.5704943, -20.4020308 ], [ -49.5704948, -20.4020309 ], [ -49.5704953, -20.4020309 ], [ -49.5704958, -20.402031 ], [ -49.5704963, -20.402031 ], [ -49.5704968, -20.402031 ], [ -49.5704973, -20.4020311 ], [ -49.5704978, -20.4020311 ], [ -49.5704983, -20.4020311 ], [ -49.5704988, -20.4020312 ], [ -49.5704989, -20.4020312 ] ] ] } },
{ "type": "Feature", "properties": { "linha_id": 72, "comp_m": 1.12, "ini_m": 4.6, "fim_m": 5.72, "faixa_id": 2, "classe": "0.50–1.50 m", "_coa_length_m": 1.12, "_coa_class": "0,50–1,50 m" }, "geometry": { "type": "MultiLineString", "coordinates": [ [ [ -49.5705134, -20.4020316 ], [ -49.5705135, -20.4020316 ], [ -49.570514, -20.4020316 ], [ -49.5705145, -20.4020315 ], [ -49.5705161, -20.4020318 ], [ -49.5705241, -20.4020327 ] ] ] } },
{ "type": "Feature", "properties": { "linha_id": 72, "comp_m": 2.0, "ini_m": 7.32, "fim_m": 9.32, "faixa_id": 3, "classe": "1.50–3.00 m", "_coa_length_m": 2.0, "_coa_class": "1,50–3,00 m" }, "geometry": { "type": "MultiLineString", "coordinates": [ [ [ -49.5705393, -20.4020343 ], [ -49.5705583, -20.4020364 ] ] ] } },
{ "type": "Feature", "properties": { "linha_id": 72, "comp_m": 1.36, "ini_m": 9.72, "fim_m": 11.08, "faixa_id": 2, "classe": "0.50–1.50 m", "_coa_length_m": 1.36, "_coa_class": "0,50–1,50 m" }, "geometry": { "type": "MultiLineString", "coordinates": [ [ [ -49.5705621, -20.4020368 ], [ -49.5705666, -20.4020373 ], [ -49.5705751, -20.4020378 ] ] ] } },
{ "type": "Feature", "properties": { "linha_id": 72, "comp_m": 1.04, "ini_m": 439.48, "fim_m": 440.52, "faixa_id": 2, "classe": "0.50–1.50 m", "_coa_length_m": 1.04, "_coa_class": "0,50–1,50 m" }, "geometry": { "type": "MultiLineString", "coordinates": [ [ [ -49.5746552, -20.4024482 ], [ -49.5746584, -20.4024485 ], [ -49.5746635, -20.402449 ], [ -49.5746651, -20.4024491 ] ] ] } },
{ "type": "Feature", "properties": { "linha_id": 72, "comp_m": 1.28, "ini_m": 442.52, "fim_m": 443.8, "faixa_id": 2, "classe": "0.50–1.50 m", "_coa_length_m": 1.28, "_coa_class": "0,50–1,50 m" }, "geometry": { "type": "MultiLineString", "coordinates": [ [ [ -49.5746842, -20.4024508 ], [ -49.5746892, -20.4024513 ], [ -49.5746942, -20.4024519 ], [ -49.5746964, -20.4024521 ] ] ] } },
{ "type": "Feature", "properties": { "linha_id": 72, "comp_m": 0.549, "ini_m": 452.12, "fim_m": 452.669, "faixa_id": 2, "classe": "0.50–1.50 m", "_coa_length_m": 0.549, "_coa_class": "0,50–1,50 m" }, "geometry": { "type": "MultiLineString", "coordinates": [ [ [ -49.5747755, -20.4024607 ], [ -49.5747758, -20.4024607 ], [ -49.5747807, -20.4024614 ] ] ] } },
{ "type": "Feature", "properties": { "linha_id": 73, "comp_m": 0.92, "ini_m": 0.0, "fim_m": 0.92, "faixa_id": 2, "classe": "0.50–1.50 m", "_coa_length_m": 0.92, "_coa_class": "0,50–1,50 m" }, "geometry": { "type": "MultiLineString", "coordinates": [ [ [ -49.570475, -20.4017132 ], [ -49.5704755, -20.4017131 ], [ -49.5704759, -20.4017131 ], [ -49.5704763, -20.4017131 ], [ -49.5704768, -20.4017131 ], [ -49.5704772, -20.401713 ], [ -49.5704776, -20.401713 ], [ -49.570478, -20.401713 ], [ -49.5704785, -20.401713 ], [ -49.5704789, -20.401713 ], [ -49.5704793, -20.401713 ], [ -49.5704797, -20.401713 ], [ -49.5704802, -20.401713 ], [ -49.5704806, -20.401713 ], [ -49.570481, -20.401713 ], [ -49.5704814, -20.401713 ], [ -49.5704819, -20.401713 ], [ -49.5704823, -20.401713 ], [ -49.5704827, -20.401713 ], [ -49.5704832, -20.4017131 ], [ -49.5704836, -20.4017131 ], [ -49.5704839, -20.4017131 ] ] ] } },
{ "type": "Feature", "properties": { "linha_id": 73, "comp_m": 0.56, "ini_m": 2.2, "fim_m": 2.76, "faixa_id": 2, "classe": "0.50–1.50 m", "_coa_length_m": 0.56, "_coa_class": "0,50–1,50 m" }, "geometry": { "type": "MultiLineString", "coordinates": [ [ [ -49.570496, -20.4017146 ], [ -49.5704964, -20.4017147 ], [ -49.5704969, -20.4017148 ], [ -49.5704973, -20.4017149 ], [ -49.5704977, -20.4017149 ], [ -49.5704981, -20.401715 ], [ -49.5704986, -20.4017151 ], [ -49.570499, -20.4017152 ], [ -49.5704994, -20.4017152 ], [ -49.5704999, -20.4017153 ], [ -49.5705003, -20.4017154 ], [ -49.5705007, -20.4017155 ], [ -49.5705011, -20.4017156 ], [ -49.5705013, -20.4017156 ] ] ] } },
{ "type": "Feature", "properties": { "linha_id": 73, "comp_m": 0.56, "ini_m": 3.32, "fim_m": 3.88, "faixa_id": 2, "classe": "0.50–1.50 m", "_coa_length_m": 0.56, "_coa_class": "0,50–1,50 m" }, "geometry": { "type": "MultiLineString", "coordinates": [ [ [ -49.5705065, -20.4017165 ], [ -49.5705067, -20.4017165 ], [ -49.5705071, -20.4017166 ], [ -49.5705076, -20.4017167 ], [ -49.570508, -20.4017168 ], [ -49.5705084, -20.4017168 ], [ -49.5705089, -20.4017169 ], [ -49.5705093, -20.401717 ], [ -49.5705097, -20.401717 ], [ -49.5705101, -20.4017171 ], [ -49.5705106, -20.4017172 ], [ -49.570511, -20.4017172 ], [ -49.5705114, -20.4017173 ], [ -49.5705118, -20.4017173 ] ] ] } },
{ "type": "Feature", "properties": { "linha_id": 73, "comp_m": 0.72, "ini_m": 23.56, "fim_m": 24.28, "faixa_id": 2, "classe": "0.50–1.50 m", "_coa_length_m": 0.72, "_coa_class": "0,50–1,50 m" }, "geometry": { "type": "MultiLineString", "coordinates": [ [ [ -49.5706991, -20.401735 ], [ -49.5707059, -20.4017358 ] ] ] } },
{ "type": "Feature", "properties": { "linha_id": 73, "comp_m": 2.56, "ini_m": 25.96, "fim_m": 28.52, "faixa_id": 3, "classe": "1.50–3.00 m", "_coa_length_m": 2.56, "_coa_class": "1,50–3,00 m" }, "geometry": { "type": "MultiLineString", "coordinates": [ [ [ -49.5707219, -20.4017377 ], [ -49.5707222, -20.4017378 ], [ -49.5707378, -20.4017397 ], [ -49.5707463, -20.4017404 ] ] ] } },
{ "type": "Feature", "properties": { "linha_id": 73, "comp_m": 1.92, "ini_m": 32.6, "fim_m": 34.52, "faixa_id": 3, "classe": "1.50–3.00 m", "_coa_length_m": 1.92, "_coa_class": "1,50–3,00 m" }, "geometry": { "type": "MultiLineString", "coordinates": [ [ [ -49.5707852, -20.401744 ], [ -49.5707852, -20.401744 ], [ -49.5708008, -20.4017458 ], [ -49.5708034, -20.401746 ] ] ] } },
{ "type": "Feature", "properties": { "linha_id": 73, "comp_m": 0.88, "ini_m": 62.76, "fim_m": 63.64, "faixa_id": 2, "classe": "0.50–1.50 m", "_coa_length_m": 0.88, "_coa_class": "0,50–1,50 m" }, "geometry": { "type": "MultiLineString", "coordinates": [ [ [ -49.5710724, -20.4017736 ], [ -49.5710808, -20.4017746 ] ] ] } },
{ "type": "Feature", "properties": { "linha_id": 73, "comp_m": 0.96, "ini_m": 439.8, "fim_m": 440.76, "faixa_id": 2, "classe": "0.50–1.50 m", "_coa_length_m": 0.96, "_coa_class": "0,50–1,50 m" }, "geometry": { "type": "MultiLineString", "coordinates": [ [ [ -49.5746641, -20.4021354 ], [ -49.5746732, -20.4021363 ] ] ] } },
{ "type": "Feature", "properties": { "linha_id": 74, "comp_m": 2.52, "ini_m": 0.0, "fim_m": 2.52, "faixa_id": 3, "classe": "1.50–3.00 m", "_coa_length_m": 2.52, "_coa_class": "1,50–3,00 m" }, "geometry": { "type": "MultiLineString", "coordinates": [ [ [ -49.5705163, -20.4020888 ], [ -49.5705188, -20.4020889 ], [ -49.5705212, -20.402089 ], [ -49.5705237, -20.402089 ], [ -49.5705261, -20.4020891 ], [ -49.5705286, -20.4020892 ], [ -49.5705311, -20.4020893 ], [ -49.5705335, -20.4020894 ], [ -49.570536, -20.4020895 ], [ -49.5705384, -20.4020896 ], [ -49.5705404, -20.4020897 ] ] ] } },
{ "type": "Feature", "properties": { "linha_id": 74, "comp_m": 0.72, "ini_m": 20.84, "fim_m": 21.56, "faixa_id": 2, "classe": "0.50–1.50 m", "_coa_length_m": 0.72, "_coa_class": "0,50–1,50 m" }, "geometry": { "type": "MultiLineString", "coordinates": [ [ [ -49.5707151, -20.4021059 ], [ -49.5707154, -20.402106 ], [ -49.5707178, -20.4021062 ], [ -49.5707203, -20.4021065 ], [ -49.570722, -20.4021066 ] ] ] } },
{ "type": "Feature", "properties": { "linha_id": 74, "comp_m": 2.16, "ini_m": 22.2, "fim_m": 24.36, "faixa_id": 3, "classe": "1.50–3.00 m", "_coa_length_m": 2.16, "_coa_class": "1,50–3,00 m" }, "geometry": { "type": "MultiLineString", "coordinates": [ [ [ -49.5707281, -20.4021072 ], [ -49.5707301, -20.4021074 ], [ -49.5707325, -20.4021077 ], [ -49.570735, -20.4021079 ], [ -49.5707374, -20.4021081 ], [ -49.5707399, -20.4021084 ], [ -49.5707423, -20.4021086 ], [ -49.5707448, -20.4021088 ], [ -49.5707472, -20.402109 ], [ -49.5707487, -20.4021092 ] ] ] } },
{ "type": "Feature", "properties": { "linha_id": 74, "comp_m": 0.72, "ini_m": 25.96, "fim_m": 26.68, "faixa_id": 2, "classe": "0.50–1.50 m", "_coa_length_m": 0.72, "_coa_class": "0,50–1,50 m" }, "geometry": { "type": "MultiLineString", "coordinates": [ [ [ -49.5707635, -20.4021097 ], [ -49.5707704, -20.4021102 ] ] ] } },
{ "type": "Feature", "properties": { "linha_id": 74, "comp_m": 0.56, "ini_m": 27.8, "fim_m": 28.36, "faixa_id": 2, "classe": "0.50–1.50 m", "_coa_length_m": 0.56, "_coa_class": "0,50–1,50 m" }, "geometry": { "type": "MultiLineString", "coordinates": [ [ [ -49.5707811, -20.4021109 ], [ -49.5707864, -20.4021113 ] ] ] } },
{ "type": "Feature", "properties": { "linha_id": 74, "comp_m": 0.56, "ini_m": 30.04, "fim_m": 30.6, "faixa_id": 2, "classe": "0.50–1.50 m", "_coa_length_m": 0.56, "_coa_class": "0,50–1,50 m" }, "geometry": { "type": "MultiLineString", "coordinates": [ [ [ -49.5708024, -20.4021132 ], [ -49.5708047, -20.4021135 ], [ -49.5708077, -20.4021138 ] ] ] } },
{ "type": "Feature", "properties": { "linha_id": 74, "comp_m": 0.56, "ini_m": 67.64, "fim_m": 68.2, "faixa_id": 2, "classe": "0.50–1.50 m", "_coa_length_m": 0.56, "_coa_class": "0,50–1,50 m" }, "geometry": { "type": "MultiLineString", "coordinates": [ [ [ -49.5711605, -20.4021504 ], [ -49.571162, -20.4021506 ], [ -49.5711658, -20.4021511 ] ] ] } },
{ "type": "Feature", "properties": { "linha_id": 74, "comp_m": 0.56, "ini_m": 108.84, "fim_m": 109.4, "faixa_id": 2, "classe": "0.50–1.50 m", "_coa_length_m": 0.56, "_coa_class": "0,50–1,50 m" }, "geometry": { "type": "MultiLineString", "coordinates": [ [ [ -49.5715529, -20.40219 ], [ -49.5715582, -20.4021905 ] ] ] } },
{ "type": "Feature", "properties": { "linha_id": 74, "comp_m": 0.56, "ini_m": 332.92, "fim_m": 333.48, "faixa_id": 2, "classe": "0.50–1.50 m", "_coa_length_m": 0.56, "_coa_class": "0,50–1,50 m" }, "geometry": { "type": "MultiLineString", "coordinates": [ [ [ -49.5736871, -20.4024071 ], [ -49.5736925, -20.4024076 ] ] ] } },
{ "type": "Feature", "properties": { "linha_id": 74, "comp_m": 0.56, "ini_m": 426.04, "fim_m": 426.6, "faixa_id": 2, "classe": "0.50–1.50 m", "_coa_length_m": 0.56, "_coa_class": "0,50–1,50 m" }, "geometry": { "type": "MultiLineString", "coordinates": [ [ [ -49.5745744, -20.4024953 ], [ -49.5745747, -20.4024954 ], [ -49.5745797, -20.4024958 ] ] ] } },
{ "type": "Feature", "properties": { "linha_id": 74, "comp_m": 0.64, "ini_m": 436.52, "fim_m": 437.16, "faixa_id": 2, "classe": "0.50–1.50 m", "_coa_length_m": 0.64, "_coa_class": "0,50–1,50 m" }, "geometry": { "type": "MultiLineString", "coordinates": [ [ [ -49.5746742, -20.4025055 ], [ -49.5746774, -20.4025059 ], [ -49.5746803, -20.4025062 ] ] ] } },
{ "type": "Feature", "properties": { "linha_id": 74, "comp_m": 0.56, "ini_m": 439.16, "fim_m": 439.72, "faixa_id": 2, "classe": "0.50–1.50 m", "_coa_length_m": 0.56, "_coa_class": "0,50–1,50 m" }, "geometry": { "type": "MultiLineString", "coordinates": [ [ [ -49.5746994, -20.4025078 ], [ -49.5747033, -20.4025082 ], [ -49.5747047, -20.4025083 ] ] ] } },
{ "type": "Feature", "properties": { "linha_id": 75, "comp_m": 1.28, "ini_m": 0.52, "fim_m": 1.8, "faixa_id": 2, "classe": "0.50–1.50 m", "_coa_length_m": 1.28, "_coa_class": "0,50–1,50 m" }, "geometry": { "type": "MultiLineString", "coordinates": [ [ [ -49.5704498, -20.4011527 ], [ -49.5704498, -20.4011527 ], [ -49.5704507, -20.4011528 ], [ -49.5704515, -20.4011529 ], [ -49.5704523, -20.4011529 ], [ -49.5704532, -20.401153 ], [ -49.570454, -20.4011531 ], [ -49.5704548, -20.4011532 ], [ -49.5704557, -20.4011533 ], [ -49.5704565, -20.4011534 ], [ -49.5704573, -20.4011535 ], [ -49.5704582, -20.4011536 ], [ -49.570459, -20.4011537 ], [ -49.5704598, -20.4011538 ], [ -49.5704607, -20.4011539 ], [ -49.5704615, -20.401154 ], [ -49.570462, -20.401154 ] ] ] } },
{ "type": "Feature", "properties": { "linha_id": 75, "comp_m": 0.8, "ini_m": 2.52, "fim_m": 3.32, "faixa_id": 2, "classe": "0.50–1.50 m", "_coa_length_m": 0.8, "_coa_class": "0,50–1,50 m" }, "geometry": { "type": "MultiLineString", "coordinates": [ [ [ -49.5704688, -20.4011548 ], [ -49.570469, -20.4011548 ], [ -49.5704698, -20.4011549 ], [ -49.5704706, -20.401155 ], [ -49.5704715, -20.4011551 ], [ -49.5704723, -20.4011552 ], [ -49.5704731, -20.4011553 ], [ -49.570474, -20.4011554 ], [ -49.5704748, -20.4011554 ], [ -49.5704756, -20.4011555 ], [ -49.5704764, -20.4011556 ] ] ] } },
{ "type": "Feature", "properties": { "linha_id": 75, "comp_m": 1.52, "ini_m": 3.8, "fim_m": 5.32, "faixa_id": 3, "classe": "1.50–3.00 m", "_coa_length_m": 1.52, "_coa_class": "1,50–3,00 m" }, "geometry": { "type": "MultiLineString", "coordinates": [ [ [ -49.570481, -20.4011561 ], [ -49.5704815, -20.4011562 ], [ -49.5704823, -20.4011563 ], [ -49.5704831, -20.4011564 ], [ -49.570484, -20.4011564 ], [ -49.5704848, -20.4011565 ], [ -49.5704856, -20.4011566 ], [ -49.5704865, -20.4011567 ], [ -49.5704873, -20.4011568 ], [ -49.5704882, -20.4011569 ], [ -49.570489, -20.401157 ], [ -49.5704898, -20.4011571 ], [ -49.5704907, -20.4011571 ], [ -49.5704915, -20.4011572 ], [ -49.5704923, -20.4011573 ], [ -49.5704932, -20.4011574 ], [ -49.570494, -20.4011575 ], [ -49.5704948, -20.4011576 ], [ -49.5704955, -20.4011576 ] ] ] } },
{ "type": "Feature", "properties": { "linha_id": 75, "comp_m": 0.64, "ini_m": 5.72, "fim_m": 6.36, "faixa_id": 2, "classe": "0.50–1.50 m", "_coa_length_m": 0.64, "_coa_class": "0,50–1,50 m" }, "geometry": { "type": "MultiLineString", "coordinates": [ [ [ -49.5704993, -20.401158 ], [ -49.5704999, -20.401158 ], [ -49.5705007, -20.4011581 ], [ -49.5705016, -20.4011582 ], [ -49.5705024, -20.4011583 ], [ -49.5705032, -20.4011583 ], [ -49.5705041, -20.4011584 ], [ -49.5705049, -20.4011585 ], [ -49.5705054, -20.4011585 ] ] ] } },
{ "type": "Feature", "properties": { "linha_id": 75, "comp_m": 0.72, "ini_m": 7.56, "fim_m": 8.28, "faixa_id": 2, "classe": "0.50–1.50 m", "_coa_length_m": 0.72, "_coa_class": "0,50–1,50 m" }, "geometry": { "type": "MultiLineString", "coordinates": [ [ [ -49.5705168, -20.4011594 ], [ -49.5705176, -20.4011595 ], [ -49.5705184, -20.4011595 ], [ -49.5705193, -20.4011596 ], [ -49.5705201, -20.4011596 ], [ -49.570521, -20.4011597 ], [ -49.5705218, -20.4011597 ], [ -49.5705227, -20.4011598 ], [ -49.5705235, -20.4011598 ], [ -49.5705237, -20.4011599 ] ] ] } },
{ "type": "Feature", "properties": { "linha_id": 75, "comp_m": 0.56, "ini_m": 114.52, "fim_m": 115.08, "faixa_id": 2, "classe": "0.50–1.50 m", "_coa_length_m": 0.56, "_coa_class": "0,50–1,50 m" }, "geometry": { "type": "MultiLineString", "coordinates": [ [ [ -49.5715345, -20.4012627 ], [ -49.5715361, -20.4012629 ], [ -49.5715398, -20.4012633 ] ] ] } },
{ "type": "Feature", "properties": { "linha_id": 75, "comp_m": 0.56, "ini_m": 133.08, "fim_m": 133.64, "faixa_id": 2, "classe": "0.50–1.50 m", "_coa_length_m": 0.56, "_coa_class": "0,50–1,50 m" }, "geometry": { "type": "MultiLineString", "coordinates": [ [ [ -49.5717113, -20.4012806 ], [ -49.5717133, -20.4012808 ], [ -49.5717167, -20.4012811 ] ] ] } },
{ "type": "Feature", "properties": { "linha_id": 75, "comp_m": 0.72, "ini_m": 226.04, "fim_m": 226.76, "faixa_id": 2, "classe": "0.50–1.50 m", "_coa_length_m": 0.72, "_coa_class": "0,50–1,50 m" }, "geometry": { "type": "MultiLineString", "coordinates": [ [ [ -49.5725969, -20.4013698 ], [ -49.5725992, -20.40137 ], [ -49.5726038, -20.4013705 ] ] ] } },
{ "type": "Feature", "properties": { "linha_id": 75, "comp_m": 0.72, "ini_m": 291.32, "fim_m": 292.04, "faixa_id": 2, "classe": "0.50–1.50 m", "_coa_length_m": 0.72, "_coa_class": "0,50–1,50 m" }, "geometry": { "type": "MultiLineString", "coordinates": [ [ [ -49.5732187, -20.401433 ], [ -49.5732241, -20.4014336 ], [ -49.5732255, -20.4014337 ] ] ] } },
{ "type": "Feature", "properties": { "linha_id": 75, "comp_m": 0.56, "ini_m": 310.92, "fim_m": 311.48, "faixa_id": 2, "classe": "0.50–1.50 m", "_coa_length_m": 0.56, "_coa_class": "0,50–1,50 m" }, "geometry": { "type": "MultiLineString", "coordinates": [ [ [ -49.5734054, -20.4014521 ], [ -49.5734094, -20.4014525 ], [ -49.5734107, -20.4014526 ] ] ] } },
{ "type": "Feature", "properties": { "linha_id": 75, "comp_m": 0.72, "ini_m": 360.44, "fim_m": 361.16, "faixa_id": 2, "classe": "0.50–1.50 m", "_coa_length_m": 0.72, "_coa_class": "0,50–1,50 m" }, "geometry": { "type": "MultiLineString", "coordinates": [ [ [ -49.5738769, -20.4014991 ], [ -49.5738789, -20.4014993 ], [ -49.5738838, -20.4014997 ] ] ] } },
{ "type": "Feature", "properties": { "linha_id": 75, "comp_m": 0.56, "ini_m": 396.36, "fim_m": 396.92, "faixa_id": 2, "classe": "0.50–1.50 m", "_coa_length_m": 0.56, "_coa_class": "0,50–1,50 m" }, "geometry": { "type": "MultiLineString", "coordinates": [ [ [ -49.5742192, -20.4015331 ], [ -49.5742245, -20.4015337 ] ] ] } },
{ "type": "Feature", "properties": { "linha_id": 75, "comp_m": 0.72, "ini_m": 451.72, "fim_m": 452.44, "faixa_id": 2, "classe": "0.50–1.50 m", "_coa_length_m": 0.72, "_coa_class": "0,50–1,50 m" }, "geometry": { "type": "MultiLineString", "coordinates": [ [ [ -49.5747467, -20.4015856 ], [ -49.5747526, -20.401586 ], [ -49.5747535, -20.4015861 ] ] ] } },
{ "type": "Feature", "properties": { "linha_id": 75, "comp_m": 1.04, "ini_m": 453.32, "fim_m": 454.36, "faixa_id": 2, "classe": "0.50–1.50 m", "_coa_length_m": 1.04, "_coa_class": "0,50–1,50 m" }, "geometry": { "type": "MultiLineString", "coordinates": [ [ [ -49.5747619, -20.4015868 ], [ -49.5747651, -20.4015871 ], [ -49.5747718, -20.4015877 ] ] ] } },
{ "type": "Feature", "properties": { "linha_id": 75, "comp_m": 0.973, "ini_m": 455.16, "fim_m": 456.133, "faixa_id": 2, "classe": "0.50–1.50 m", "_coa_length_m": 0.973, "_coa_class": "0,50–1,50 m" }, "geometry": { "type": "MultiLineString", "coordinates": [ [ [ -49.5747794, -20.4015879 ], [ -49.5747885, -20.4015858 ] ] ] } },
{ "type": "Feature", "properties": { "linha_id": 76, "comp_m": 1.72, "ini_m": 0.0, "fim_m": 1.72, "faixa_id": 3, "classe": "1.50–3.00 m", "_coa_length_m": 1.72, "_coa_class": "1,50–3,00 m" }, "geometry": { "type": "MultiLineString", "coordinates": [ [ [ -49.5704331, -20.4024846 ], [ -49.5704495, -20.4024862 ] ] ] } },
{ "type": "Feature", "properties": { "linha_id": 76, "comp_m": 0.72, "ini_m": 370.28, "fim_m": 371.0, "faixa_id": 2, "classe": "0.50–1.50 m", "_coa_length_m": 0.72, "_coa_class": "0,50–1,50 m" }, "geometry": { "type": "MultiLineString", "coordinates": [ [ [ -49.5739581, -20.4028412 ], [ -49.5739581, -20.4028412 ], [ -49.573965, -20.4028418 ] ] ] } },
{ "type": "Feature", "properties": { "linha_id": 77, "comp_m": 1.4, "ini_m": 0.0, "fim_m": 1.4, "faixa_id": 2, "classe": "0.50–1.50 m", "_coa_length_m": 1.4, "_coa_class": "0,50–1,50 m" }, "geometry": { "type": "MultiLineString", "coordinates": [ [ [ -49.5704374, -20.402474 ], [ -49.5704508, -20.4024745 ] ] ] } },
{ "type": "Feature", "properties": { "linha_id": 77, "comp_m": 1.04, "ini_m": 359.48, "fim_m": 360.52, "faixa_id": 2, "classe": "0.50–1.50 m", "_coa_length_m": 1.04, "_coa_class": "0,50–1,50 m" }, "geometry": { "type": "MultiLineString", "coordinates": [ [ [ -49.5738619, -20.4028185 ], [ -49.5738701, -20.4028193 ], [ -49.5738719, -20.4028194 ] ] ] } },
{ "type": "Feature", "properties": { "linha_id": 77, "comp_m": 0.72, "ini_m": 369.0, "fim_m": 369.72, "faixa_id": 2, "classe": "0.50–1.50 m", "_coa_length_m": 0.72, "_coa_class": "0,50–1,50 m" }, "geometry": { "type": "MultiLineString", "coordinates": [ [ [ -49.5739526, -20.4028282 ], [ -49.5739569, -20.4028287 ], [ -49.5739594, -20.4028289 ] ] ] } },
{ "type": "Feature", "properties": { "linha_id": 77, "comp_m": 0.52, "ini_m": 454.84, "fim_m": 455.36, "faixa_id": 2, "classe": "0.50–1.50 m", "_coa_length_m": 0.52, "_coa_class": "0,50–1,50 m" }, "geometry": { "type": "MultiLineString", "coordinates": [ [ [ -49.5747703, -20.4029111 ], [ -49.5747752, -20.4029117 ] ] ] } },
{ "type": "Feature", "properties": { "linha_id": 78, "comp_m": 0.84, "ini_m": 0.0, "fim_m": 0.84, "faixa_id": 2, "classe": "0.50–1.50 m", "_coa_length_m": 0.84, "_coa_class": "0,50–1,50 m" }, "geometry": { "type": "MultiLineString", "coordinates": [ [ [ -49.5704399, -20.4024322 ], [ -49.5704402, -20.4024322 ], [ -49.5704405, -20.4024322 ], [ -49.5704408, -20.4024322 ], [ -49.5704411, -20.4024323 ], [ -49.5704414, -20.4024323 ], [ -49.5704417, -20.4024323 ], [ -49.570442, -20.4024323 ], [ -49.5704423, -20.4024323 ], [ -49.5704426, -20.4024324 ], [ -49.5704429, -20.4024324 ], [ -49.5704432, -20.4024324 ], [ -49.5704435, -20.4024324 ], [ -49.5704438, -20.4024325 ], [ -49.5704442, -20.4024325 ], [ -49.5704445, -20.4024325 ], [ -49.5704448, -20.4024325 ], [ -49.5704451, -20.4024325 ], [ -49.5704454, -20.4024326 ], [ -49.5704457, -20.4024326 ], [ -49.570446, -20.4024326 ], [ -49.5704463, -20.4024326 ], [ -49.5704466, -20.4024326 ], [ -49.5704469, -20.4024327 ], [ -49.5704472, -20.4024327 ], [ -49.5704475, -20.4024327 ], [ -49.5704478, -20.4024327 ], [ -49.5704479, -20.4024327 ] ] ] } },
{ "type": "Feature", "properties": { "linha_id": 78, "comp_m": 1.36, "ini_m": 3.08, "fim_m": 4.44, "faixa_id": 2, "classe": "0.50–1.50 m", "_coa_length_m": 1.36, "_coa_class": "0,50–1,50 m" }, "geometry": { "type": "MultiLineString", "coordinates": [ [ [ -49.5704694, -20.4024336 ], [ -49.5704695, -20.4024336 ], [ -49.5704698, -20.4024336 ], [ -49.5704702, -20.4024336 ], [ -49.5704705, -20.4024336 ], [ -49.5704708, -20.4024336 ], [ -49.5704725, -20.4024338 ], [ -49.5704744, -20.4024339 ], [ -49.5704762, -20.4024342 ], [ -49.5704782, -20.4024344 ], [ -49.5704801, -20.4024347 ], [ -49.5704819, -20.402435 ], [ -49.5704823, -20.402435 ] ] ] } },
{ "type": "Feature", "properties": { "linha_id": 78, "comp_m": 1.6, "ini_m": 5.24, "fim_m": 6.84, "faixa_id": 3, "classe": "1.50–3.00 m", "_coa_length_m": 1.6, "_coa_class": "1,50–3,00 m" }, "geometry": { "type": "MultiLineString", "coordinates": [ [ [ -49.5704899, -20.4024358 ], [ -49.5704923, -20.4024361 ], [ -49.5704992, -20.4024368 ], [ -49.5705051, -20.4024374 ] ] ] } },
{ "type": "Feature", "properties": { "linha_id": 78, "comp_m": 0.64, "ini_m": 25.88, "fim_m": 26.52, "faixa_id": 2, "classe": "0.50–1.50 m", "_coa_length_m": 0.64, "_coa_class": "0,50–1,50 m" }, "geometry": { "type": "MultiLineString", "coordinates": [ [ [ -49.5706865, -20.4024558 ], [ -49.5706916, -20.4024563 ], [ -49.5706926, -20.4024564 ] ] ] } },
{ "type": "Feature", "properties": { "linha_id": 78, "comp_m": 0.8, "ini_m": 222.76, "fim_m": 223.56, "faixa_id": 2, "classe": "0.50–1.50 m", "_coa_length_m": 0.8, "_coa_class": "0,50–1,50 m" }, "geometry": { "type": "MultiLineString", "coordinates": [ [ [ -49.5725615, -20.4026469 ], [ -49.5725668, -20.4026475 ], [ -49.5725692, -20.4026477 ] ] ] } },
{ "type": "Feature", "properties": { "linha_id": 78, "comp_m": 1.2, "ini_m": 434.28, "fim_m": 435.48, "faixa_id": 2, "classe": "0.50–1.50 m", "_coa_length_m": 1.2, "_coa_class": "0,50–1,50 m" }, "geometry": { "type": "MultiLineString", "coordinates": [ [ [ -49.5745763, -20.4028497 ], [ -49.5745877, -20.4028511 ] ] ] } },
{ "type": "Feature", "properties": { "linha_id": 78, "comp_m": 2.11, "ini_m": 453.08, "fim_m": 455.19, "faixa_id": 3, "classe": "1.50–3.00 m", "_coa_length_m": 2.11, "_coa_class": "1,50–3,00 m" }, "geometry": { "type": "MultiLineString", "coordinates": [ [ [ -49.5747553, -20.4028682 ], [ -49.5747755, -20.4028685 ] ] ] } },
{ "type": "Feature", "properties": { "linha_id": 79, "comp_m": 8.72, "ini_m": 1.24, "fim_m": 9.96, "faixa_id": 5, "classe": "≥ 5.00 m", "_coa_length_m": 8.721, "_coa_class": ">= 5,00 m" }, "geometry": { "type": "MultiLineString", "coordinates": [ [ [ -49.5704842, -20.4020685 ], [ -49.5704844, -20.4020686 ], [ -49.5704847, -20.4020686 ], [ -49.5704849, -20.4020686 ], [ -49.5704852, -20.4020686 ], [ -49.5704854, -20.4020687 ], [ -49.5704857, -20.4020687 ], [ -49.5704859, -20.4020687 ], [ -49.5704862, -20.4020687 ], [ -49.5704864, -20.4020688 ], [ -49.5704867, -20.4020688 ], [ -49.5704869, -20.4020688 ], [ -49.5704872, -20.4020688 ], [ -49.5704874, -20.4020689 ], [ -49.5704877, -20.4020689 ], [ -49.570488, -20.4020689 ], [ -49.5704882, -20.4020689 ], [ -49.5704885, -20.4020689 ], [ -49.5704887, -20.402069 ], [ -49.570489, -20.402069 ], [ -49.5704892, -20.402069 ], [ -49.5704895, -20.402069 ], [ -49.5704897, -20.402069 ], [ -49.57049, -20.4020691 ], [ -49.5704902, -20.4020691 ], [ -49.5704905, -20.4020691 ], [ -49.5704907, -20.4020691 ], [ -49.570491, -20.4020691 ], [ -49.5704913, -20.4020692 ], [ -49.5704915, -20.4020692 ], [ -49.5704918, -20.4020692 ], [ -49.570492, -20.4020692 ], [ -49.5704923, -20.4020692 ], [ -49.5704925, -20.4020692 ], [ -49.5704928, -20.4020692 ], [ -49.570493, -20.4020692 ], [ -49.5704933, -20.4020693 ], [ -49.5704936, -20.4020693 ], [ -49.5704938, -20.4020693 ], [ -49.5704941, -20.4020693 ], [ -49.5704943, -20.4020693 ], [ -49.5704946, -20.4020693 ], [ -49.5704948, -20.4020693 ], [ -49.5704951, -20.4020693 ], [ -49.5704954, -20.4020693 ], [ -49.5704956, -20.4020693 ], [ -49.5704959, -20.4020693 ], [ -49.5704961, -20.4020693 ], [ -49.5704964, -20.4020693 ], [ -49.5704966, -20.4020693 ], [ -49.5704969, -20.4020693 ], [ -49.5704972, -20.4020693 ], [ -49.5704974, -20.4020693 ], [ -49.5704995, -20.402071 ], [ -49.5705407, -20.4020739 ], [ -49.5705552, -20.4020748 ], [ -49.5705668, -20.4020762 ] ] ] } },
{ "type": "Feature", "properties": { "linha_id": 79, "comp_m": 0.56, "ini_m": 22.52, "fim_m": 23.08, "faixa_id": 2, "classe": "0.50–1.50 m", "_coa_length_m": 0.56, "_coa_class": "0,50–1,50 m" }, "geometry": { "type": "MultiLineString", "coordinates": [ [ [ -49.5706865, -20.4020886 ], [ -49.570688, -20.4020888 ], [ -49.5706918, -20.4020892 ] ] ] } },
{ "type": "Feature", "properties": { "linha_id": 79, "comp_m": 0.56, "ini_m": 287.4, "fim_m": 287.96, "faixa_id": 2, "classe": "0.50–1.50 m", "_coa_length_m": 0.56, "_coa_class": "0,50–1,50 m" }, "geometry": { "type": "MultiLineString", "coordinates": [ [ [ -49.5732087, -20.4023431 ], [ -49.5732113, -20.4023434 ], [ -49.573214, -20.4023436 ] ] ] } },
{ "type": "Feature", "properties": { "linha_id": 79, "comp_m": 1.2, "ini_m": 448.44, "fim_m": 449.64, "faixa_id": 2, "classe": "0.50–1.50 m", "_coa_length_m": 1.2, "_coa_class": "0,50–1,50 m" }, "geometry": { "type": "MultiLineString", "coordinates": [ [ [ -49.5747427, -20.4024989 ], [ -49.5747523, -20.4025002 ], [ -49.5747541, -20.4025004 ] ] ] } },
{ "type": "Feature", "properties": { "linha_id": 80, "comp_m": 0.68, "ini_m": 0.0, "fim_m": 0.68, "faixa_id": 2, "classe": "0.50–1.50 m", "_coa_length_m": 0.68, "_coa_class": "0,50–1,50 m" }, "geometry": { "type": "MultiLineString", "coordinates": [ [ [ -49.5704373, -20.4024607 ], [ -49.5704438, -20.4024606 ] ] ] } },
{ "type": "Feature", "properties": { "linha_id": 80, "comp_m": 2.0, "ini_m": 8.36, "fim_m": 10.36, "faixa_id": 3, "classe": "1.50–3.00 m", "_coa_length_m": 2.0, "_coa_class": "1,50–3,00 m" }, "geometry": { "type": "MultiLineString", "coordinates": [ [ [ -49.5705169, -20.4024677 ], [ -49.5705184, -20.4024679 ], [ -49.5705258, -20.4024686 ], [ -49.5705333, -20.4024692 ], [ -49.570536, -20.4024694 ] ] ] } },
{ "type": "Feature", "properties": { "linha_id": 80, "comp_m": 0.56, "ini_m": 130.12, "fim_m": 130.68, "faixa_id": 2, "classe": "0.50–1.50 m", "_coa_length_m": 0.56, "_coa_class": "0,50–1,50 m" }, "geometry": { "type": "MultiLineString", "coordinates": [ [ [ -49.5716764, -20.4025853 ], [ -49.5716817, -20.402586 ] ] ] } },
{ "type": "Feature", "properties": { "linha_id": 80, "comp_m": 0.56, "ini_m": 337.24, "fim_m": 337.8, "faixa_id": 2, "classe": "0.50–1.50 m", "_coa_length_m": 0.56, "_coa_class": "0,50–1,50 m" }, "geometry": { "type": "MultiLineString", "coordinates": [ [ [ -49.5736496, -20.4027839 ], [ -49.5736549, -20.4027844 ] ] ] } },
{ "type": "Feature", "properties": { "linha_id": 80, "comp_m": 1.12, "ini_m": 362.04, "fim_m": 363.16, "faixa_id": 2, "classe": "0.50–1.50 m", "_coa_length_m": 1.12, "_coa_class": "0,50–1,50 m" }, "geometry": { "type": "MultiLineString", "coordinates": [ [ [ -49.5738857, -20.4028073 ], [ -49.5738869, -20.4028074 ], [ -49.5738886, -20.4028077 ], [ -49.5738902, -20.4028079 ], [ -49.5738919, -20.4028081 ], [ -49.5738935, -20.4028083 ], [ -49.5738952, -20.4028085 ], [ -49.5738964, -20.4028086 ] ] ] } },
{ "type": "Feature", "properties": { "linha_id": 80, "comp_m": 1.2, "ini_m": 439.8, "fim_m": 441.0, "faixa_id": 2, "classe": "0.50–1.50 m", "_coa_length_m": 1.2, "_coa_class": "0,50–1,50 m" }, "geometry": { "type": "MultiLineString", "coordinates": [ [ [ -49.5746264, -20.4028829 ], [ -49.5746323, -20.4028837 ], [ -49.5746378, -20.4028842 ] ] ] } },
{ "type": "Feature", "properties": { "linha_id": 80, "comp_m": 0.56, "ini_m": 447.96, "fim_m": 448.52, "faixa_id": 2, "classe": "0.50–1.50 m", "_coa_length_m": 0.56, "_coa_class": "0,50–1,50 m" }, "geometry": { "type": "MultiLineString", "coordinates": [ [ [ -49.5747042, -20.4028894 ], [ -49.5747076, -20.4028898 ], [ -49.5747096, -20.40289 ] ] ] } },
{ "type": "Feature", "properties": { "linha_id": 80, "comp_m": 0.509, "ini_m": 454.84, "fim_m": 455.349, "faixa_id": 2, "classe": "0.50–1.50 m", "_coa_length_m": 0.51, "_coa_class": "0,50–1,50 m" }, "geometry": { "type": "MultiLineString", "coordinates": [ [ [ -49.5747697, -20.4028969 ], [ -49.5747745, -20.4028973 ] ] ] } },
{ "type": "Feature", "properties": { "linha_id": 81, "comp_m": 1.2, "ini_m": 0.6, "fim_m": 1.8, "faixa_id": 2, "classe": "0.50–1.50 m", "_coa_length_m": 1.2, "_coa_class": "0,50–1,50 m" }, "geometry": { "type": "MultiLineString", "coordinates": [ [ [ -49.5705227, -20.4023164 ], [ -49.5705284, -20.4023171 ], [ -49.5705341, -20.4023177 ] ] ] } },
{ "type": "Feature", "properties": { "linha_id": 81, "comp_m": 0.88, "ini_m": 13.64, "fim_m": 14.52, "faixa_id": 2, "classe": "0.50–1.50 m", "_coa_length_m": 0.88, "_coa_class": "0,50–1,50 m" }, "geometry": { "type": "MultiLineString", "coordinates": [ [ [ -49.5706469, -20.4023293 ], [ -49.5706489, -20.4023295 ], [ -49.5706547, -20.4023301 ], [ -49.5706553, -20.4023301 ] ] ] } },
{ "type": "Feature", "properties": { "linha_id": 81, "comp_m": 1.12, "ini_m": 285.48, "fim_m": 286.6, "faixa_id": 2, "classe": "0.50–1.50 m", "_coa_length_m": 1.12, "_coa_class": "0,50–1,50 m" }, "geometry": { "type": "MultiLineString", "coordinates": [ [ [ -49.5732362, -20.4025912 ], [ -49.573237, -20.4025913 ], [ -49.5732387, -20.4025915 ], [ -49.5732404, -20.4025916 ], [ -49.573242, -20.4025918 ], [ -49.5732437, -20.4025919 ], [ -49.5732453, -20.4025921 ], [ -49.5732468, -20.4025922 ] ] ] } },
{ "type": "Feature", "properties": { "linha_id": 81, "comp_m": 0.8, "ini_m": 442.28, "fim_m": 443.08, "faixa_id": 2, "classe": "0.50–1.50 m", "_coa_length_m": 0.8, "_coa_class": "0,50–1,50 m" }, "geometry": { "type": "MultiLineString", "coordinates": [ [ [ -49.5747299, -20.4027412 ], [ -49.5747319, -20.4027414 ], [ -49.5747375, -20.4027423 ] ] ] } },
{ "type": "Feature", "properties": { "linha_id": 81, "comp_m": 1.68, "ini_m": 444.04, "fim_m": 445.72, "faixa_id": 3, "classe": "1.50–3.00 m", "_coa_length_m": 1.68, "_coa_class": "1,50–3,00 m" }, "geometry": { "type": "MultiLineString", "coordinates": [ [ [ -49.5747466, -20.4027436 ], [ -49.5747611, -20.4027458 ], [ -49.5747625, -20.402746 ] ] ] } },
{ "type": "Feature", "properties": { "linha_id": 81, "comp_m": 0.76, "ini_m": 446.36, "fim_m": 447.12, "faixa_id": 2, "classe": "0.50–1.50 m", "_coa_length_m": 0.761, "_coa_class": "0,50–1,50 m" }, "geometry": { "type": "MultiLineString", "coordinates": [ [ [ -49.5747686, -20.4027468 ], [ -49.5747758, -20.4027477 ] ] ] } },
{ "type": "Feature", "properties": { "linha_id": 82, "comp_m": 0.76, "ini_m": 0.0, "fim_m": 0.76, "faixa_id": 2, "classe": "0.50–1.50 m", "_coa_length_m": 0.76, "_coa_class": "0,50–1,50 m" }, "geometry": { "type": "MultiLineString", "coordinates": [ [ [ -49.5704369, -20.4024472 ], [ -49.5704372, -20.4024472 ], [ -49.5704375, -20.4024472 ], [ -49.5704378, -20.4024472 ], [ -49.5704381, -20.4024472 ], [ -49.5704385, -20.4024473 ], [ -49.5704388, -20.4024473 ], [ -49.5704391, -20.4024473 ], [ -49.5704394, -20.4024473 ], [ -49.5704397, -20.4024473 ], [ -49.57044, -20.4024474 ], [ -49.5704404, -20.4024474 ], [ -49.5704407, -20.4024474 ], [ -49.570441, -20.4024474 ], [ -49.5704413, -20.4024474 ], [ -49.5704416, -20.4024474 ], [ -49.570442, -20.4024475 ], [ -49.5704423, -20.4024475 ], [ -49.5704426, -20.4024475 ], [ -49.5704429, -20.4024475 ], [ -49.5704432, -20.4024475 ], [ -49.5704436, -20.4024475 ], [ -49.5704439, -20.4024475 ], [ -49.5704441, -20.4024476 ] ] ] } },
{ "type": "Feature", "properties": { "linha_id": 82, "comp_m": 0.96, "ini_m": 2.84, "fim_m": 3.8, "faixa_id": 2, "classe": "0.50–1.50 m", "_coa_length_m": 0.96, "_coa_class": "0,50–1,50 m" }, "geometry": { "type": "MultiLineString", "coordinates": [ [ [ -49.5704641, -20.4024483 ], [ -49.5704642, -20.4024483 ], [ -49.5704645, -20.4024483 ], [ -49.5704648, -20.4024483 ], [ -49.5704652, -20.4024483 ], [ -49.5704655, -20.4024483 ], [ -49.5704658, -20.4024483 ], [ -49.5704661, -20.4024483 ], [ -49.5704665, -20.4024484 ], [ -49.5704668, -20.4024484 ], [ -49.5704671, -20.4024484 ], [ -49.5704674, -20.4024484 ], [ -49.5704678, -20.4024484 ], [ -49.5704681, -20.4024484 ], [ -49.5704684, -20.4024484 ], [ -49.5704687, -20.4024484 ], [ -49.5704694, -20.4024485 ], [ -49.5704702, -20.4024486 ], [ -49.5704709, -20.4024487 ], [ -49.5704717, -20.4024489 ], [ -49.5704725, -20.402449 ], [ -49.5704732, -20.4024491 ] ] ] } },
{ "type": "Feature", "properties": { "linha_id": 82, "comp_m": 0.64, "ini_m": 5.4, "fim_m": 6.04, "faixa_id": 2, "classe": "0.50–1.50 m", "_coa_length_m": 0.64, "_coa_class": "0,50–1,50 m" }, "geometry": { "type": "MultiLineString", "coordinates": [ [ [ -49.5704885, -20.40245 ], [ -49.5704886, -20.4024501 ], [ -49.5704889, -20.4024501 ], [ -49.5704893, -20.4024501 ], [ -49.5704897, -20.4024502 ], [ -49.57049, -20.4024502 ], [ -49.5704904, -20.4024503 ], [ -49.5704907, -20.4024503 ], [ -49.5704911, -20.4024503 ], [ -49.5704914, -20.4024504 ], [ -49.5704918, -20.4024504 ], [ -49.5704921, -20.4024505 ], [ -49.5704925, -20.4024505 ], [ -49.5704929, -20.4024505 ], [ -49.5704932, -20.4024506 ], [ -49.5704936, -20.4024506 ], [ -49.5704939, -20.4024507 ], [ -49.5704943, -20.4024507 ], [ -49.5704946, -20.4024508 ] ] ] } },
{ "type": "Feature", "properties": { "linha_id": 82, "comp_m": 0.76, "ini_m": 454.6, "fim_m": 455.36, "faixa_id": 2, "classe": "0.50–1.50 m", "_coa_length_m": 0.76, "_coa_class": "0,50–1,50 m" }, "geometry": { "type": "MultiLineString", "coordinates": [ [ [ -49.5747673, -20.4028812 ], [ -49.5747746, -20.402881 ] ] ] } },
{ "type": "Feature", "properties": { "linha_id": 83, "comp_m": 0.56, "ini_m": 1.64, "fim_m": 2.2, "faixa_id": 2, "classe": "0.50–1.50 m", "_coa_length_m": 0.56, "_coa_class": "0,50–1,50 m" }, "geometry": { "type": "MultiLineString", "coordinates": [ [ [ -49.5704601, -20.4012209 ], [ -49.5704654, -20.4012215 ] ] ] } },
{ "type": "Feature", "properties": { "linha_id": 83, "comp_m": 0.8, "ini_m": 5.48, "fim_m": 6.28, "faixa_id": 2, "classe": "0.50–1.50 m", "_coa_length_m": 0.8, "_coa_class": "0,50–1,50 m" }, "geometry": { "type": "MultiLineString", "coordinates": [ [ [ -49.5704966, -20.401225 ], [ -49.5705042, -20.4012259 ] ] ] } },
{ "type": "Feature", "properties": { "linha_id": 83, "comp_m": 0.72, "ini_m": 44.12, "fim_m": 44.84, "faixa_id": 2, "classe": "0.50–1.50 m", "_coa_length_m": 0.72, "_coa_class": "0,50–1,50 m" }, "geometry": { "type": "MultiLineString", "coordinates": [ [ [ -49.5708647, -20.4012625 ], [ -49.5708715, -20.4012633 ] ] ] } },
{ "type": "Feature", "properties": { "linha_id": 83, "comp_m": 0.96, "ini_m": 52.92, "fim_m": 53.88, "faixa_id": 2, "classe": "0.50–1.50 m", "_coa_length_m": 0.96, "_coa_class": "0,50–1,50 m" }, "geometry": { "type": "MultiLineString", "coordinates": [ [ [ -49.5709486, -20.4012705 ], [ -49.5709577, -20.4012716 ] ] ] } },
{ "type": "Feature", "properties": { "linha_id": 84, "comp_m": 1.4, "ini_m": 0.0, "fim_m": 1.4, "faixa_id": 2, "classe": "0.50–1.50 m", "_coa_length_m": 1.4, "_coa_class": "0,50–1,50 m" }, "geometry": { "type": "MultiLineString", "coordinates": [ [ [ -49.5704449, -20.4012343 ], [ -49.5704465, -20.4012343 ], [ -49.5704481, -20.4012344 ], [ -49.5704497, -20.4012345 ], [ -49.5704513, -20.4012345 ], [ -49.5704529, -20.4012346 ], [ -49.5704545, -20.4012347 ], [ -49.5704561, -20.4012348 ], [ -49.5704577, -20.4012349 ], [ -49.5704583, -20.4012349 ] ] ] } },
{ "type": "Feature", "properties": { "linha_id": 84, "comp_m": 0.96, "ini_m": 1.8, "fim_m": 2.76, "faixa_id": 2, "classe": "0.50–1.50 m", "_coa_length_m": 0.96, "_coa_class": "0,50–1,50 m" }, "geometry": { "type": "MultiLineString", "coordinates": [ [ [ -49.5704621, -20.4012351 ], [ -49.5704626, -20.4012351 ], [ -49.5704642, -20.4012352 ], [ -49.5704658, -20.4012353 ], [ -49.5704674, -20.4012354 ], [ -49.570469, -20.4012355 ], [ -49.5704707, -20.4012356 ], [ -49.5704713, -20.4012356 ] ] ] } },
{ "type": "Feature", "properties": { "linha_id": 84, "comp_m": 0.88, "ini_m": 4.6, "fim_m": 5.48, "faixa_id": 2, "classe": "0.50–1.50 m", "_coa_length_m": 0.88, "_coa_class": "0,50–1,50 m" }, "geometry": { "type": "MultiLineString", "coordinates": [ [ [ -49.5704889, -20.4012369 ], [ -49.5704901, -20.401237 ], [ -49.5704917, -20.4012372 ], [ -49.5704933, -20.4012373 ], [ -49.5704949, -20.4012375 ], [ -49.5704965, -20.4012376 ], [ -49.5704973, -20.4012377 ] ] ] } },
{ "type": "Feature", "properties": { "linha_id": 84, "comp_m": 0.8, "ini_m": 14.36, "fim_m": 15.16, "faixa_id": 2, "classe": "0.50–1.50 m", "_coa_length_m": 0.8, "_coa_class": "0,50–1,50 m" }, "geometry": { "type": "MultiLineString", "coordinates": [ [ [ -49.5705817, -20.4012471 ], [ -49.5705819, -20.4012471 ], [ -49.5705835, -20.4012473 ], [ -49.5705851, -20.4012475 ], [ -49.5705867, -20.4012477 ], [ -49.5705883, -20.401248 ], [ -49.5705893, -20.4012481 ] ] ] } },
{ "type": "Feature", "properties": { "linha_id": 84, "comp_m": 1.36, "ini_m": 121.48, "fim_m": 122.84, "faixa_id": 2, "classe": "0.50–1.50 m", "_coa_length_m": 1.36, "_coa_class": "0,50–1,50 m" }, "geometry": { "type": "MultiLineString", "coordinates": [ [ [ -49.5716017, -20.4013509 ], [ -49.5716018, -20.4013509 ], [ -49.5716146, -20.4013523 ] ] ] } },
{ "type": "Feature", "properties": { "linha_id": 84, "comp_m": 0.72, "ini_m": 206.6, "fim_m": 207.32, "faixa_id": 2, "classe": "0.50–1.50 m", "_coa_length_m": 0.72, "_coa_class": "0,50–1,50 m" }, "geometry": { "type": "MultiLineString", "coordinates": [ [ [ -49.5724125, -20.4014333 ], [ -49.5724187, -20.4014341 ], [ -49.5724193, -20.4014342 ] ] ] } },
{ "type": "Feature", "properties": { "linha_id": 84, "comp_m": 0.88, "ini_m": 318.52, "fim_m": 319.4, "faixa_id": 2, "classe": "0.50–1.50 m", "_coa_length_m": 0.88, "_coa_class": "0,50–1,50 m" }, "geometry": { "type": "MultiLineString", "coordinates": [ [ [ -49.5734787, -20.4015402 ], [ -49.5734799, -20.4015404 ], [ -49.5734871, -20.4015412 ] ] ] } },
{ "type": "Feature", "properties": { "linha_id": 85, "comp_m": 1.72, "ini_m": 0.0, "fim_m": 1.72, "faixa_id": 3, "classe": "1.50–3.00 m", "_coa_length_m": 1.72, "_coa_class": "1,50–3,00 m" }, "geometry": { "type": "MultiLineString", "coordinates": [ [ [ -49.5704426, -20.4011786 ], [ -49.5704484, -20.4011806 ], [ -49.5704549, -20.4011814 ], [ -49.5704587, -20.4011816 ] ] ] } },
{ "type": "Feature", "properties": { "linha_id": 85, "comp_m": 0.88, "ini_m": 2.44, "fim_m": 3.32, "faixa_id": 2, "classe": "0.50–1.50 m", "_coa_length_m": 0.88, "_coa_class": "0,50–1,50 m" }, "geometry": { "type": "MultiLineString", "coordinates": [ [ [ -49.5704656, -20.4011819 ], [ -49.5704684, -20.4011821 ], [ -49.570474, -20.4011826 ] ] ] } },
{ "type": "Feature", "properties": { "linha_id": 85, "comp_m": 2.48, "ini_m": 5.08, "fim_m": 7.56, "faixa_id": 3, "classe": "1.50–3.00 m", "_coa_length_m": 2.48, "_coa_class": "1,50–3,00 m" }, "geometry": { "type": "MultiLineString", "coordinates": [ [ [ -49.5704907, -20.4011843 ], [ -49.5704948, -20.4011847 ], [ -49.5705015, -20.4011853 ], [ -49.5705082, -20.4011858 ], [ -49.5705144, -20.4011863 ] ] ] } },
{ "type": "Feature", "properties": { "linha_id": 85, "comp_m": 1.68, "ini_m": 9.4, "fim_m": 11.08, "faixa_id": 3, "classe": "1.50–3.00 m", "_coa_length_m": 1.68, "_coa_class": "1,50–3,00 m" }, "geometry": { "type": "MultiLineString", "coordinates": [ [ [ -49.570532, -20.4011878 ], [ -49.5705348, -20.4011881 ], [ -49.5705414, -20.4011887 ], [ -49.570548, -20.4011894 ], [ -49.570548, -20.4011894 ] ] ] } },
{ "type": "Feature", "properties": { "linha_id": 85, "comp_m": 0.56, "ini_m": 16.76, "fim_m": 17.32, "faixa_id": 2, "classe": "0.50–1.50 m", "_coa_length_m": 0.56, "_coa_class": "0,50–1,50 m" }, "geometry": { "type": "MultiLineString", "coordinates": [ [ [ -49.570602, -20.4011956 ], [ -49.570607, -20.4011962 ], [ -49.5706073, -20.4011962 ] ] ] } },
{ "type": "Feature", "properties": { "linha_id": 85, "comp_m": 1.04, "ini_m": 40.04, "fim_m": 41.08, "faixa_id": 2, "classe": "0.50–1.50 m", "_coa_length_m": 1.04, "_coa_class": "0,50–1,50 m" }, "geometry": { "type": "MultiLineString", "coordinates": [ [ [ -49.5708237, -20.4012183 ], [ -49.5708249, -20.4012185 ], [ -49.5708315, -20.4012192 ], [ -49.5708336, -20.4012194 ] ] ] } },
{ "type": "Feature", "properties": { "linha_id": 85, "comp_m": 0.96, "ini_m": 80.12, "fim_m": 81.08, "faixa_id": 2, "classe": "0.50–1.50 m", "_coa_length_m": 0.96, "_coa_class": "0,50–1,50 m" }, "geometry": { "type": "MultiLineString", "coordinates": [ [ [ -49.5712054, -20.4012572 ], [ -49.5712074, -20.4012574 ], [ -49.5712099, -20.4012576 ], [ -49.5712124, -20.4012579 ], [ -49.5712146, -20.4012581 ] ] ] } },
{ "type": "Feature", "properties": { "linha_id": 85, "comp_m": 0.56, "ini_m": 107.16, "fim_m": 107.72, "faixa_id": 2, "classe": "0.50–1.50 m", "_coa_length_m": 0.56, "_coa_class": "0,50–1,50 m" }, "geometry": { "type": "MultiLineString", "coordinates": [ [ [ -49.5714629, -20.4012831 ], [ -49.5714634, -20.4012832 ], [ -49.5714658, -20.4012834 ], [ -49.5714683, -20.4012837 ] ] ] } },
{ "type": "Feature", "properties": { "linha_id": 85, "comp_m": 0.56, "ini_m": 154.04, "fim_m": 154.6, "faixa_id": 2, "classe": "0.50–1.50 m", "_coa_length_m": 0.56, "_coa_class": "0,50–1,50 m" }, "geometry": { "type": "MultiLineString", "coordinates": [ [ [ -49.5719094, -20.4013286 ], [ -49.5719103, -20.4013287 ], [ -49.5719128, -20.4013289 ], [ -49.5719147, -20.4013291 ] ] ] } },
{ "type": "Feature", "properties": { "linha_id": 85, "comp_m": 0.88, "ini_m": 181.96, "fim_m": 182.84, "faixa_id": 2, "classe": "0.50–1.50 m", "_coa_length_m": 0.88, "_coa_class": "0,50–1,50 m" }, "geometry": { "type": "MultiLineString", "coordinates": [ [ [ -49.5721753, -20.4013548 ], [ -49.5721804, -20.4013553 ], [ -49.5721837, -20.4013556 ] ] ] } },
{ "type": "Feature", "properties": { "linha_id": 85, "comp_m": 0.96, "ini_m": 183.72, "fim_m": 184.68, "faixa_id": 2, "classe": "0.50–1.50 m", "_coa_length_m": 0.96, "_coa_class": "0,50–1,50 m" }, "geometry": { "type": "MultiLineString", "coordinates": [ [ [ -49.5721921, -20.4013564 ], [ -49.572197, -20.4013569 ], [ -49.5722012, -20.4013573 ] ] ] } },
{ "type": "Feature", "properties": { "linha_id": 85, "comp_m": 1.52, "ini_m": 188.28, "fim_m": 189.8, "faixa_id": 3, "classe": "1.50–3.00 m", "_coa_length_m": 1.52, "_coa_class": "1,50–3,00 m" }, "geometry": { "type": "MultiLineString", "coordinates": [ [ [ -49.5722355, -20.4013608 ], [ -49.5722384, -20.4013611 ], [ -49.5722466, -20.401362 ], [ -49.57225, -20.4013623 ] ] ] } },
{ "type": "Feature", "properties": { "linha_id": 85, "comp_m": 0.56, "ini_m": 250.44, "fim_m": 251.0, "faixa_id": 2, "classe": "0.50–1.50 m", "_coa_length_m": 0.56, "_coa_class": "0,50–1,50 m" }, "geometry": { "type": "MultiLineString", "coordinates": [ [ [ -49.5728274, -20.4014207 ], [ -49.5728276, -20.4014207 ], [ -49.5728309, -20.401421 ], [ -49.5728328, -20.4014212 ] ] ] } },
{ "type": "Feature", "properties": { "linha_id": 85, "comp_m": 0.64, "ini_m": 253.32, "fim_m": 253.96, "faixa_id": 2, "classe": "0.50–1.50 m", "_coa_length_m": 0.64, "_coa_class": "0,50–1,50 m" }, "geometry": { "type": "MultiLineString", "coordinates": [ [ [ -49.5728549, -20.4014233 ], [ -49.5728574, -20.4014236 ], [ -49.5728607, -20.4014239 ], [ -49.572861, -20.4014239 ] ] ] } },
{ "type": "Feature", "properties": { "linha_id": 85, "comp_m": 1.04, "ini_m": 383.88, "fim_m": 384.92, "faixa_id": 2, "classe": "0.50–1.50 m", "_coa_length_m": 1.04, "_coa_class": "0,50–1,50 m" }, "geometry": { "type": "MultiLineString", "coordinates": [ [ [ -49.5740976, -20.4015484 ], [ -49.5740999, -20.4015487 ], [ -49.5741032, -20.401549 ], [ -49.5741065, -20.4015493 ], [ -49.5741075, -20.4015494 ] ] ] } },
{ "type": "Feature", "properties": { "linha_id": 85, "comp_m": 0.56, "ini_m": 385.64, "fim_m": 386.2, "faixa_id": 2, "classe": "0.50–1.50 m", "_coa_length_m": 0.56, "_coa_class": "0,50–1,50 m" }, "geometry": { "type": "MultiLineString", "coordinates": [ [ [ -49.5741144, -20.4015501 ], [ -49.5741164, -20.4015503 ], [ -49.5741197, -20.4015506 ] ] ] } },
{ "type": "Feature", "properties": { "linha_id": 85, "comp_m": 0.56, "ini_m": 390.2, "fim_m": 390.76, "faixa_id": 2, "classe": "0.50–1.50 m", "_coa_length_m": 0.56, "_coa_class": "0,50–1,50 m" }, "geometry": { "type": "MultiLineString", "coordinates": [ [ [ -49.5741578, -20.4015545 ], [ -49.5741595, -20.4015547 ], [ -49.5741628, -20.401555 ], [ -49.5741632, -20.401555 ] ] ] } },
{ "type": "Feature", "properties": { "linha_id": 85, "comp_m": 0.56, "ini_m": 391.64, "fim_m": 392.2, "faixa_id": 2, "classe": "0.50–1.50 m", "_coa_length_m": 0.56, "_coa_class": "0,50–1,50 m" }, "geometry": { "type": "MultiLineString", "coordinates": [ [ [ -49.5741716, -20.4015559 ], [ -49.5741728, -20.401556 ], [ -49.5741761, -20.4015563 ], [ -49.5741769, -20.4015564 ] ] ] } },
{ "type": "Feature", "properties": { "linha_id": 85, "comp_m": 0.56, "ini_m": 414.28, "fim_m": 414.84, "faixa_id": 2, "classe": "0.50–1.50 m", "_coa_length_m": 0.56, "_coa_class": "0,50–1,50 m" }, "geometry": { "type": "MultiLineString", "coordinates": [ [ [ -49.574387, -20.4015777 ], [ -49.5743912, -20.4015782 ], [ -49.5743923, -20.4015783 ] ] ] } },
{ "type": "Feature", "properties": { "linha_id": 85, "comp_m": 0.56, "ini_m": 417.24, "fim_m": 417.8, "faixa_id": 2, "classe": "0.50–1.50 m", "_coa_length_m": 0.56, "_coa_class": "0,50–1,50 m" }, "geometry": { "type": "MultiLineString", "coordinates": [ [ [ -49.5744152, -20.4015806 ], [ -49.574416, -20.4015807 ], [ -49.5744205, -20.4015812 ] ] ] } },
{ "type": "Feature", "properties": { "linha_id": 85, "comp_m": 0.56, "ini_m": 454.04, "fim_m": 454.6, "faixa_id": 2, "classe": "0.50–1.50 m", "_coa_length_m": 0.56, "_coa_class": "0,50–1,50 m" }, "geometry": { "type": "MultiLineString", "coordinates": [ [ [ -49.5747659, -20.4016145 ], [ -49.5747692, -20.4016147 ], [ -49.5747713, -20.4016149 ] ] ] } },
{ "type": "Feature", "properties": { "linha_id": 86, "comp_m": 1.64, "ini_m": 0.0, "fim_m": 1.64, "faixa_id": 3, "classe": "1.50–3.00 m", "_coa_length_m": 1.64, "_coa_class": "1,50–3,00 m" }, "geometry": { "type": "MultiLineString", "coordinates": [ [ [ -49.5704431, -20.4011644 ], [ -49.5704439, -20.4011647 ], [ -49.5704447, -20.4011649 ], [ -49.5704455, -20.4011651 ], [ -49.5704463, -20.4011653 ], [ -49.5704471, -20.4011655 ], [ -49.570448, -20.4011657 ], [ -49.5704488, -20.4011658 ], [ -49.5704496, -20.401166 ], [ -49.5704504, -20.4011662 ], [ -49.5704513, -20.4011663 ], [ -49.5704521, -20.4011665 ], [ -49.5704529, -20.4011667 ], [ -49.5704538, -20.4011668 ], [ -49.5704546, -20.4011669 ], [ -49.5704555, -20.4011671 ], [ -49.5704563, -20.4011672 ], [ -49.5704572, -20.4011673 ], [ -49.570458, -20.4011675 ], [ -49.5704585, -20.4011675 ] ] ] } },
{ "type": "Feature", "properties": { "linha_id": 86, "comp_m": 2.96, "ini_m": 5.56, "fim_m": 8.52, "faixa_id": 3, "classe": "1.50–3.00 m", "_coa_length_m": 2.96, "_coa_class": "1,50–3,00 m" }, "geometry": { "type": "MultiLineString", "coordinates": [ [ [ -49.5704959, -20.40117 ], [ -49.5704967, -20.40117 ], [ -49.5704976, -20.4011701 ], [ -49.5704985, -20.4011701 ], [ -49.5704994, -20.4011702 ], [ -49.5705002, -20.4011702 ], [ -49.5705011, -20.4011703 ], [ -49.570502, -20.4011703 ], [ -49.5705029, -20.4011703 ], [ -49.5705038, -20.4011704 ], [ -49.5705046, -20.4011704 ], [ -49.5705055, -20.4011705 ], [ -49.5705064, -20.4011706 ], [ -49.5705072, -20.4011706 ], [ -49.5705081, -20.4011707 ], [ -49.570509, -20.4011707 ], [ -49.5705098, -20.4011708 ], [ -49.5705107, -20.4011709 ], [ -49.5705116, -20.4011709 ], [ -49.5705124, -20.401171 ], [ -49.5705133, -20.4011711 ], [ -49.5705141, -20.4011712 ], [ -49.570515, -20.4011713 ], [ -49.5705158, -20.4011714 ], [ -49.5705167, -20.4011715 ], [ -49.5705175, -20.4011715 ], [ -49.5705184, -20.4011716 ], [ -49.5705192, -20.4011718 ], [ -49.57052, -20.4011719 ], [ -49.5705209, -20.401172 ], [ -49.5705217, -20.4011721 ], [ -49.5705225, -20.4011722 ], [ -49.5705234, -20.4011723 ], [ -49.5705241, -20.4011725 ] ] ] } },
{ "type": "Feature", "properties": { "linha_id": 86, "comp_m": 1.36, "ini_m": 15.24, "fim_m": 16.6, "faixa_id": 2, "classe": "0.50–1.50 m", "_coa_length_m": 1.36, "_coa_class": "0,50–1,50 m" }, "geometry": { "type": "MultiLineString", "coordinates": [ [ [ -49.5705862, -20.4011804 ], [ -49.5705907, -20.4011809 ], [ -49.5705991, -20.4011819 ] ] ] } },
{ "type": "Feature", "properties": { "linha_id": 86, "comp_m": 0.72, "ini_m": 107.8, "fim_m": 108.52, "faixa_id": 2, "classe": "0.50–1.50 m", "_coa_length_m": 0.72, "_coa_class": "0,50–1,50 m" }, "geometry": { "type": "MultiLineString", "coordinates": [ [ [ -49.5714674, -20.4012698 ], [ -49.571468, -20.4012698 ], [ -49.5714742, -20.4012706 ] ] ] } },
{ "type": "Feature", "properties": { "linha_id": 86, "comp_m": 0.56, "ini_m": 111.0, "fim_m": 111.56, "faixa_id": 2, "classe": "0.50–1.50 m", "_coa_length_m": 0.56, "_coa_class": "0,50–1,50 m" }, "geometry": { "type": "MultiLineString", "coordinates": [ [ [ -49.5714978, -20.4012732 ], [ -49.5715032, -20.4012737 ] ] ] } },
{ "type": "Feature", "properties": { "linha_id": 86, "comp_m": 0.56, "ini_m": 116.04, "fim_m": 116.6, "faixa_id": 2, "classe": "0.50–1.50 m", "_coa_length_m": 0.56, "_coa_class": "0,50–1,50 m" }, "geometry": { "type": "MultiLineString", "coordinates": [ [ [ -49.5715459, -20.4012776 ], [ -49.5715512, -20.4012781 ] ] ] } },
{ "type": "Feature", "properties": { "linha_id": 86, "comp_m": 1.12, "ini_m": 124.52, "fim_m": 125.64, "faixa_id": 2, "classe": "0.50–1.50 m", "_coa_length_m": 1.12, "_coa_class": "0,50–1,50 m" }, "geometry": { "type": "MultiLineString", "coordinates": [ [ [ -49.5716267, -20.4012858 ], [ -49.571632, -20.4012863 ], [ -49.5716373, -20.4012869 ] ] ] } },
{ "type": "Feature", "properties": { "linha_id": 86, "comp_m": 0.88, "ini_m": 125.72, "fim_m": 126.6, "faixa_id": 2, "classe": "0.50–1.50 m", "_coa_length_m": 0.88, "_coa_class": "0,50–1,50 m" }, "geometry": { "type": "MultiLineString", "coordinates": [ [ [ -49.5716381, -20.401287 ], [ -49.5716465, -20.4012879 ] ] ] } },
{ "type": "Feature", "properties": { "linha_id": 86, "comp_m": 0.56, "ini_m": 132.52, "fim_m": 133.08, "faixa_id": 2, "classe": "0.50–1.50 m", "_coa_length_m": 0.56, "_coa_class": "0,50–1,50 m" }, "geometry": { "type": "MultiLineString", "coordinates": [ [ [ -49.5717028, -20.401294 ], [ -49.5717063, -20.4012944 ], [ -49.5717082, -20.4012945 ] ] ] } },
{ "type": "Feature", "properties": { "linha_id": 86, "comp_m": 0.56, "ini_m": 133.48, "fim_m": 134.04, "faixa_id": 2, "classe": "0.50–1.50 m", "_coa_length_m": 0.56, "_coa_class": "0,50–1,50 m" }, "geometry": { "type": "MultiLineString", "coordinates": [ [ [ -49.571712, -20.4012949 ], [ -49.5717173, -20.4012953 ] ] ] } },
{ "type": "Feature", "properties": { "linha_id": 86, "comp_m": 0.56, "ini_m": 166.84, "fim_m": 167.4, "faixa_id": 2, "classe": "0.50–1.50 m", "_coa_length_m": 0.56, "_coa_class": "0,50–1,50 m" }, "geometry": { "type": "MultiLineString", "coordinates": [ [ [ -49.5720298, -20.401327 ], [ -49.5720342, -20.4013275 ], [ -49.5720351, -20.4013276 ] ] ] } },
{ "type": "Feature", "properties": { "linha_id": 86, "comp_m": 0.56, "ini_m": 190.12, "fim_m": 190.68, "faixa_id": 2, "classe": "0.50–1.50 m", "_coa_length_m": 0.56, "_coa_class": "0,50–1,50 m" }, "geometry": { "type": "MultiLineString", "coordinates": [ [ [ -49.5722515, -20.401349 ], [ -49.5722569, -20.4013496 ] ] ] } },
{ "type": "Feature", "properties": { "linha_id": 86, "comp_m": 0.56, "ini_m": 431.8, "fim_m": 432.36, "faixa_id": 2, "classe": "0.50–1.50 m", "_coa_length_m": 0.56, "_coa_class": "0,50–1,50 m" }, "geometry": { "type": "MultiLineString", "coordinates": [ [ [ -49.574552, -20.4015796 ], [ -49.5745527, -20.4015797 ], [ -49.5745552, -20.4015799 ], [ -49.5745573, -20.4015801 ] ] ] } },
{ "type": "Feature", "properties": { "linha_id": 86, "comp_m": 0.88, "ini_m": 453.16, "fim_m": 454.04, "faixa_id": 2, "classe": "0.50–1.50 m", "_coa_length_m": 0.88, "_coa_class": "0,50–1,50 m" }, "geometry": { "type": "MultiLineString", "coordinates": [ [ [ -49.5747555, -20.4015995 ], [ -49.5747566, -20.4015996 ], [ -49.5747592, -20.4015998 ], [ -49.5747617, -20.4016 ], [ -49.5747639, -20.4016001 ] ] ] } },
{ "type": "Feature", "properties": { "linha_id": 86, "comp_m": 1.338, "ini_m": 454.84, "fim_m": 456.178, "faixa_id": 2, "classe": "0.50–1.50 m", "_coa_length_m": 1.339, "_coa_class": "0,50–1,50 m" }, "geometry": { "type": "MultiLineString", "coordinates": [ [ [ -49.5747716, -20.4016006 ], [ -49.5747717, -20.4016007 ], [ -49.5747743, -20.4016008 ], [ -49.5747768, -20.401601 ], [ -49.5747793, -20.4016011 ], [ -49.5747818, -20.4016013 ], [ -49.5747844, -20.4016014 ] ] ] } },
{ "type": "Feature", "properties": { "linha_id": 87, "comp_m": 1.56, "ini_m": 0.0, "fim_m": 1.56, "faixa_id": 3, "classe": "1.50–3.00 m", "_coa_length_m": 1.56, "_coa_class": "1,50–3,00 m" }, "geometry": { "type": "MultiLineString", "coordinates": [ [ [ -49.5704417, -20.4012065 ], [ -49.570444, -20.401207 ], [ -49.5704463, -20.4012074 ], [ -49.5704487, -20.4012078 ], [ -49.5704511, -20.4012082 ], [ -49.5704535, -20.4012085 ], [ -49.570456, -20.4012088 ], [ -49.5704564, -20.4012089 ] ] ] } },
{ "type": "Feature", "properties": { "linha_id": 87, "comp_m": 2.64, "ini_m": 7.96, "fim_m": 10.6, "faixa_id": 3, "classe": "1.50–3.00 m", "_coa_length_m": 2.64, "_coa_class": "1,50–3,00 m" }, "geometry": { "type": "MultiLineString", "coordinates": [ [ [ -49.5705175, -20.4012137 ], [ -49.5705182, -20.4012137 ], [ -49.5705207, -20.401214 ], [ -49.5705232, -20.4012142 ], [ -49.5705257, -20.4012144 ], [ -49.5705281, -20.4012147 ], [ -49.5705306, -20.4012149 ], [ -49.5705331, -20.4012152 ], [ -49.5705355, -20.4012154 ], [ -49.570538, -20.4012157 ], [ -49.5705405, -20.4012159 ], [ -49.5705427, -20.4012162 ] ] ] } },
{ "type": "Feature", "properties": { "linha_id": 87, "comp_m": 0.56, "ini_m": 12.52, "fim_m": 13.08, "faixa_id": 2, "classe": "0.50–1.50 m", "_coa_length_m": 0.56, "_coa_class": "0,50–1,50 m" }, "geometry": { "type": "MultiLineString", "coordinates": [ [ [ -49.5705609, -20.4012182 ], [ -49.5705626, -20.4012183 ], [ -49.570565, -20.4012186 ], [ -49.5705663, -20.4012188 ] ] ] } },
{ "type": "Feature", "properties": { "linha_id": 87, "comp_m": 0.56, "ini_m": 13.8, "fim_m": 14.36, "faixa_id": 2, "classe": "0.50–1.50 m", "_coa_length_m": 0.56, "_coa_class": "0,50–1,50 m" }, "geometry": { "type": "MultiLineString", "coordinates": [ [ [ -49.5705731, -20.4012195 ], [ -49.5705749, -20.4012197 ], [ -49.5705773, -20.40122 ], [ -49.5705784, -20.4012201 ] ] ] } },
{ "type": "Feature", "properties": { "linha_id": 87, "comp_m": 0.64, "ini_m": 17.24, "fim_m": 17.88, "faixa_id": 2, "classe": "0.50–1.50 m", "_coa_length_m": 0.64, "_coa_class": "0,50–1,50 m" }, "geometry": { "type": "MultiLineString", "coordinates": [ [ [ -49.5706058, -20.4012231 ], [ -49.5706068, -20.4012232 ], [ -49.5706093, -20.4012235 ], [ -49.5706117, -20.4012238 ], [ -49.5706119, -20.4012238 ] ] ] } },
{ "type": "Feature", "properties": { "linha_id": 87, "comp_m": 0.88, "ini_m": 31.16, "fim_m": 32.04, "faixa_id": 2, "classe": "0.50–1.50 m", "_coa_length_m": 0.88, "_coa_class": "0,50–1,50 m" }, "geometry": { "type": "MultiLineString", "coordinates": [ [ [ -49.5707383, -20.4012372 ], [ -49.5707435, -20.4012377 ], [ -49.5707467, -20.401238 ] ] ] } },
{ "type": "Feature", "properties": { "linha_id": 87, "comp_m": 0.72, "ini_m": 67.88, "fim_m": 68.6, "faixa_id": 2, "classe": "0.50–1.50 m", "_coa_length_m": 0.72, "_coa_class": "0,50–1,50 m" }, "geometry": { "type": "MultiLineString", "coordinates": [ [ [ -49.5710881, -20.4012721 ], [ -49.5710915, -20.4012724 ], [ -49.571095, -20.4012728 ] ] ] } },
{ "type": "Feature", "properties": { "linha_id": 87, "comp_m": 1.76, "ini_m": 72.6, "fim_m": 74.36, "faixa_id": 3, "classe": "1.50–3.00 m", "_coa_length_m": 1.76, "_coa_class": "1,50–3,00 m" }, "geometry": { "type": "MultiLineString", "coordinates": [ [ [ -49.571133, -20.4012773 ], [ -49.5711408, -20.4012782 ], [ -49.5711491, -20.4012791 ], [ -49.5711498, -20.4012791 ] ] ] } },
{ "type": "Feature", "properties": { "linha_id": 87, "comp_m": 1.44, "ini_m": 82.92, "fim_m": 84.36, "faixa_id": 2, "classe": "0.50–1.50 m", "_coa_length_m": 1.44, "_coa_class": "0,50–1,50 m" }, "geometry": { "type": "MultiLineString", "coordinates": [ [ [ -49.5712314, -20.4012864 ], [ -49.5712323, -20.4012865 ], [ -49.5712406, -20.4012875 ], [ -49.5712451, -20.4012881 ] ] ] } },
{ "type": "Feature", "properties": { "linha_id": 87, "comp_m": 0.72, "ini_m": 86.04, "fim_m": 86.76, "faixa_id": 2, "classe": "0.50–1.50 m", "_coa_length_m": 0.72, "_coa_class": "0,50–1,50 m" }, "geometry": { "type": "MultiLineString", "coordinates": [ [ [ -49.5712611, -20.40129 ], [ -49.5712652, -20.4012904 ], [ -49.5712679, -20.4012907 ] ] ] } },
{ "type": "Feature", "properties": { "linha_id": 87, "comp_m": 1.76, "ini_m": 96.76, "fim_m": 98.52, "faixa_id": 3, "classe": "1.50–3.00 m", "_coa_length_m": 1.76, "_coa_class": "1,50–3,00 m" }, "geometry": { "type": "MultiLineString", "coordinates": [ [ [ -49.5713632, -20.4013004 ], [ -49.5713646, -20.4013006 ], [ -49.5713729, -20.4013013 ], [ -49.57138, -20.401302 ] ] ] } },
{ "type": "Feature", "properties": { "linha_id": 87, "comp_m": 0.72, "ini_m": 117.0, "fim_m": 117.72, "faixa_id": 2, "classe": "0.50–1.50 m", "_coa_length_m": 0.72, "_coa_class": "0,50–1,50 m" }, "geometry": { "type": "MultiLineString", "coordinates": [ [ [ -49.5715551, -20.4013198 ], [ -49.5715574, -20.40132 ], [ -49.5715599, -20.4013203 ], [ -49.571562, -20.4013204 ] ] ] } },
{ "type": "Feature", "properties": { "linha_id": 87, "comp_m": 0.64, "ini_m": 121.16, "fim_m": 121.8, "faixa_id": 2, "classe": "0.50–1.50 m", "_coa_length_m": 0.64, "_coa_class": "0,50–1,50 m" }, "geometry": { "type": "MultiLineString", "coordinates": [ [ [ -49.5715947, -20.4013236 ], [ -49.5715972, -20.4013239 ], [ -49.5715997, -20.4013241 ], [ -49.5716008, -20.4013242 ] ] ] } },
{ "type": "Feature", "properties": { "linha_id": 87, "comp_m": 1.36, "ini_m": 126.04, "fim_m": 127.4, "faixa_id": 2, "classe": "0.50–1.50 m", "_coa_length_m": 1.36, "_coa_class": "0,50–1,50 m" }, "geometry": { "type": "MultiLineString", "coordinates": [ [ [ -49.5716412, -20.4013283 ], [ -49.5716419, -20.4013283 ], [ -49.5716444, -20.4013286 ], [ -49.5716469, -20.4013288 ], [ -49.5716494, -20.4013291 ], [ -49.5716519, -20.4013293 ], [ -49.5716542, -20.4013296 ] ] ] } },
{ "type": "Feature", "properties": { "linha_id": 87, "comp_m": 0.64, "ini_m": 128.36, "fim_m": 129.0, "faixa_id": 2, "classe": "0.50–1.50 m", "_coa_length_m": 0.64, "_coa_class": "0,50–1,50 m" }, "geometry": { "type": "MultiLineString", "coordinates": [ [ [ -49.5716633, -20.4013305 ], [ -49.5716643, -20.4013306 ], [ -49.5716668, -20.4013309 ], [ -49.5716692, -20.4013311 ], [ -49.5716694, -20.4013311 ] ] ] } },
{ "type": "Feature", "properties": { "linha_id": 87, "comp_m": 0.8, "ini_m": 130.44, "fim_m": 131.24, "faixa_id": 2, "classe": "0.50–1.50 m", "_coa_length_m": 0.8, "_coa_class": "0,50–1,50 m" }, "geometry": { "type": "MultiLineString", "coordinates": [ [ [ -49.5716832, -20.4013326 ], [ -49.5716841, -20.4013327 ], [ -49.5716866, -20.4013329 ], [ -49.5716891, -20.4013332 ], [ -49.5716908, -20.4013333 ] ] ] } },
{ "type": "Feature", "properties": { "linha_id": 87, "comp_m": 1.44, "ini_m": 207.64, "fim_m": 209.08, "faixa_id": 2, "classe": "0.50–1.50 m", "_coa_length_m": 1.44, "_coa_class": "0,50–1,50 m" }, "geometry": { "type": "MultiLineString", "coordinates": [ [ [ -49.5724185, -20.4014066 ], [ -49.5724221, -20.4014069 ], [ -49.5724295, -20.4014077 ], [ -49.5724322, -20.401408 ] ] ] } },
{ "type": "Feature", "properties": { "linha_id": 87, "comp_m": 0.88, "ini_m": 209.64, "fim_m": 210.52, "faixa_id": 2, "classe": "0.50–1.50 m", "_coa_length_m": 0.88, "_coa_class": "0,50–1,50 m" }, "geometry": { "type": "MultiLineString", "coordinates": [ [ [ -49.5724375, -20.4014087 ], [ -49.5724442, -20.4014096 ], [ -49.5724459, -20.4014098 ] ] ] } },
{ "type": "Feature", "properties": { "linha_id": 87, "comp_m": 0.8, "ini_m": 357.32, "fim_m": 358.12, "faixa_id": 2, "classe": "0.50–1.50 m", "_coa_length_m": 0.8, "_coa_class": "0,50–1,50 m" }, "geometry": { "type": "MultiLineString", "coordinates": [ [ [ -49.5738436, -20.4015506 ], [ -49.5738501, -20.4015513 ], [ -49.5738512, -20.4015514 ] ] ] } },
{ "type": "Feature", "properties": { "linha_id": 87, "comp_m": 0.72, "ini_m": 365.08, "fim_m": 365.8, "faixa_id": 2, "classe": "0.50–1.50 m", "_coa_length_m": 0.72, "_coa_class": "0,50–1,50 m" }, "geometry": { "type": "MultiLineString", "coordinates": [ [ [ -49.5739176, -20.4015576 ], [ -49.5739234, -20.4015581 ], [ -49.5739245, -20.4015582 ] ] ] } },
{ "type": "Feature", "properties": { "linha_id": 87, "comp_m": 0.8, "ini_m": 386.12, "fim_m": 386.92, "faixa_id": 2, "classe": "0.50–1.50 m", "_coa_length_m": 0.8, "_coa_class": "0,50–1,50 m" }, "geometry": { "type": "MultiLineString", "coordinates": [ [ [ -49.5741179, -20.4015783 ], [ -49.5741224, -20.4015788 ], [ -49.5741256, -20.4015791 ] ] ] } },
{ "type": "Feature", "properties": { "linha_id": 87, "comp_m": 0.56, "ini_m": 409.4, "fim_m": 409.96, "faixa_id": 2, "classe": "0.50–1.50 m", "_coa_length_m": 0.56, "_coa_class": "0,50–1,50 m" }, "geometry": { "type": "MultiLineString", "coordinates": [ [ [ -49.5743395, -20.4015996 ], [ -49.5743433, -20.4016 ], [ -49.5743448, -20.4016001 ] ] ] } },
{ "type": "Feature", "properties": { "linha_id": 87, "comp_m": 0.72, "ini_m": 437.0, "fim_m": 437.72, "faixa_id": 2, "classe": "0.50–1.50 m", "_coa_length_m": 0.72, "_coa_class": "0,50–1,50 m" }, "geometry": { "type": "MultiLineString", "coordinates": [ [ [ -49.5746025, -20.4016258 ], [ -49.5746045, -20.401626 ], [ -49.5746093, -20.4016264 ] ] ] } },
{ "type": "Feature", "properties": { "linha_id": 87, "comp_m": 0.8, "ini_m": 454.28, "fim_m": 455.08, "faixa_id": 2, "classe": "0.50–1.50 m", "_coa_length_m": 0.8, "_coa_class": "0,50–1,50 m" }, "geometry": { "type": "MultiLineString", "coordinates": [ [ [ -49.5747669, -20.4016437 ], [ -49.5747721, -20.4016443 ], [ -49.5747745, -20.4016446 ] ] ] } },
{ "type": "Feature", "properties": { "linha_id": 88, "comp_m": 0.64, "ini_m": 143.88, "fim_m": 144.52, "faixa_id": 2, "classe": "0.50–1.50 m", "_coa_length_m": 0.64, "_coa_class": "0,50–1,50 m" }, "geometry": { "type": "MultiLineString", "coordinates": [ [ [ -49.5718515, -20.402466 ], [ -49.5718576, -20.4024667 ] ] ] } },
{ "type": "Feature", "properties": { "linha_id": 88, "comp_m": 0.64, "ini_m": 387.0, "fim_m": 387.64, "faixa_id": 2, "classe": "0.50–1.50 m", "_coa_length_m": 0.64, "_coa_class": "0,50–1,50 m" }, "geometry": { "type": "MultiLineString", "coordinates": [ [ [ -49.5741676, -20.4026994 ], [ -49.5741712, -20.4026998 ], [ -49.5741737, -20.4027001 ] ] ] } },
{ "type": "Feature", "properties": { "linha_id": 88, "comp_m": 0.72, "ini_m": 397.88, "fim_m": 398.6, "faixa_id": 2, "classe": "0.50–1.50 m", "_coa_length_m": 0.72, "_coa_class": "0,50–1,50 m" }, "geometry": { "type": "MultiLineString", "coordinates": [ [ [ -49.5742713, -20.4027093 ], [ -49.5742774, -20.40271 ], [ -49.5742781, -20.40271 ] ] ] } },
{ "type": "Feature", "properties": { "linha_id": 88, "comp_m": 0.64, "ini_m": 405.24, "fim_m": 405.88, "faixa_id": 2, "classe": "0.50–1.50 m", "_coa_length_m": 0.64, "_coa_class": "0,50–1,50 m" }, "geometry": { "type": "MultiLineString", "coordinates": [ [ [ -49.5743413, -20.4027172 ], [ -49.5743433, -20.4027173 ], [ -49.5743474, -20.4027177 ] ] ] } },
{ "type": "Feature", "properties": { "linha_id": 88, "comp_m": 0.8, "ini_m": 413.32, "fim_m": 414.12, "faixa_id": 2, "classe": "0.50–1.50 m", "_coa_length_m": 0.8, "_coa_class": "0,50–1,50 m" }, "geometry": { "type": "MultiLineString", "coordinates": [ [ [ -49.574418, -20.4027243 ], [ -49.5744213, -20.4027247 ], [ -49.5744254, -20.4027251 ], [ -49.5744256, -20.4027251 ] ] ] } },
{ "type": "Feature", "properties": { "linha_id": 88, "comp_m": 0.56, "ini_m": 445.48, "fim_m": 446.04, "faixa_id": 2, "classe": "0.50–1.50 m", "_coa_length_m": 0.56, "_coa_class": "0,50–1,50 m" }, "geometry": { "type": "MultiLineString", "coordinates": [ [ [ -49.5747244, -20.4027554 ], [ -49.5747275, -20.4027558 ], [ -49.5747297, -20.402756 ] ] ] } },
{ "type": "Feature", "properties": { "linha_id": 88, "comp_m": 0.563, "ini_m": 450.04, "fim_m": 450.603, "faixa_id": 2, "classe": "0.50–1.50 m", "_coa_length_m": 0.563, "_coa_class": "0,50–1,50 m" }, "geometry": { "type": "MultiLineString", "coordinates": [ [ [ -49.5747678, -20.4027596 ], [ -49.574769, -20.4027597 ], [ -49.5747732, -20.40276 ] ] ] } },
{ "type": "Feature", "properties": { "linha_id": 89, "comp_m": 1.08, "ini_m": 0.0, "fim_m": 1.08, "faixa_id": 2, "classe": "0.50–1.50 m", "_coa_length_m": 1.08, "_coa_class": "0,50–1,50 m" }, "geometry": { "type": "MultiLineString", "coordinates": [ [ [ -49.5704423, -20.4011936 ], [ -49.5704431, -20.4011937 ], [ -49.5704439, -20.4011938 ], [ -49.5704447, -20.4011938 ], [ -49.5704455, -20.4011939 ], [ -49.5704463, -20.4011939 ], [ -49.5704471, -20.401194 ], [ -49.5704479, -20.4011941 ], [ -49.5704487, -20.4011941 ], [ -49.5704495, -20.4011942 ], [ -49.5704504, -20.4011943 ], [ -49.5704512, -20.4011943 ], [ -49.570452, -20.4011944 ], [ -49.5704526, -20.4011944 ] ] ] } },
{ "type": "Feature", "properties": { "linha_id": 89, "comp_m": 0.56, "ini_m": 3.0, "fim_m": 3.56, "faixa_id": 2, "classe": "0.50–1.50 m", "_coa_length_m": 0.56, "_coa_class": "0,50–1,50 m" }, "geometry": { "type": "MultiLineString", "coordinates": [ [ [ -49.5704709, -20.4011958 ], [ -49.5704713, -20.4011959 ], [ -49.5704721, -20.4011959 ], [ -49.5704729, -20.401196 ], [ -49.5704737, -20.401196 ], [ -49.5704746, -20.4011961 ], [ -49.5704754, -20.4011962 ], [ -49.5704762, -20.4011962 ], [ -49.5704763, -20.4011962 ] ] ] } },
{ "type": "Feature", "properties": { "linha_id": 89, "comp_m": 1.36, "ini_m": 5.48, "fim_m": 6.84, "faixa_id": 2, "classe": "0.50–1.50 m", "_coa_length_m": 1.36, "_coa_class": "0,50–1,50 m" }, "geometry": { "type": "MultiLineString", "coordinates": [ [ [ -49.5704946, -20.4011976 ], [ -49.5704946, -20.4011976 ], [ -49.5704954, -20.4011977 ], [ -49.5704962, -20.4011978 ], [ -49.570497, -20.4011978 ], [ -49.5704978, -20.4011979 ], [ -49.5704986, -20.4011979 ], [ -49.5704995, -20.401198 ], [ -49.5705003, -20.4011981 ], [ -49.5705011, -20.4011981 ], [ -49.5705019, -20.4011982 ], [ -49.5705027, -20.4011983 ], [ -49.5705035, -20.4011983 ], [ -49.5705043, -20.4011984 ], [ -49.5705051, -20.4011985 ], [ -49.5705059, -20.4011985 ], [ -49.5705067, -20.4011986 ], [ -49.5705075, -20.4011987 ], [ -49.5705076, -20.4011987 ] ] ] } },
{ "type": "Feature", "properties": { "linha_id": 89, "comp_m": 0.56, "ini_m": 11.48, "fim_m": 12.04, "faixa_id": 2, "classe": "0.50–1.50 m", "_coa_length_m": 0.56, "_coa_class": "0,50–1,50 m" }, "geometry": { "type": "MultiLineString", "coordinates": [ [ [ -49.5705516, -20.4012039 ], [ -49.5705569, -20.4012045 ] ] ] } },
{ "type": "Feature", "properties": { "linha_id": 89, "comp_m": 0.96, "ini_m": 14.68, "fim_m": 15.64, "faixa_id": 2, "classe": "0.50–1.50 m", "_coa_length_m": 0.96, "_coa_class": "0,50–1,50 m" }, "geometry": { "type": "MultiLineString", "coordinates": [ [ [ -49.570582, -20.4012073 ], [ -49.570591, -20.4012082 ], [ -49.5705912, -20.4012082 ] ] ] } },
{ "type": "Feature", "properties": { "linha_id": 89, "comp_m": 0.64, "ini_m": 75.88, "fim_m": 76.52, "faixa_id": 2, "classe": "0.50–1.50 m", "_coa_length_m": 0.64, "_coa_class": "0,50–1,50 m" }, "geometry": { "type": "MultiLineString", "coordinates": [ [ [ -49.571165, -20.4012663 ], [ -49.5711677, -20.4012666 ], [ -49.5711711, -20.401267 ] ] ] } },
{ "type": "Feature", "properties": { "linha_id": 89, "comp_m": 0.64, "ini_m": 82.92, "fim_m": 83.56, "faixa_id": 2, "classe": "0.50–1.50 m", "_coa_length_m": 0.64, "_coa_class": "0,50–1,50 m" }, "geometry": { "type": "MultiLineString", "coordinates": [ [ [ -49.5712321, -20.401273 ], [ -49.5712373, -20.4012735 ], [ -49.5712382, -20.4012736 ] ] ] } },
{ "type": "Feature", "properties": { "linha_id": 89, "comp_m": 0.64, "ini_m": 88.84, "fim_m": 89.48, "faixa_id": 2, "classe": "0.50–1.50 m", "_coa_length_m": 0.64, "_coa_class": "0,50–1,50 m" }, "geometry": { "type": "MultiLineString", "coordinates": [ [ [ -49.5712884, -20.4012796 ], [ -49.5712945, -20.4012803 ] ] ] } },
{ "type": "Feature", "properties": { "linha_id": 89, "comp_m": 0.56, "ini_m": 105.16, "fim_m": 105.72, "faixa_id": 2, "classe": "0.50–1.50 m", "_coa_length_m": 0.56, "_coa_class": "0,50–1,50 m" }, "geometry": { "type": "MultiLineString", "coordinates": [ [ [ -49.571444, -20.4012945 ], [ -49.5714461, -20.4012947 ], [ -49.5714493, -20.401295 ] ] ] } },
{ "type": "Feature", "properties": { "linha_id": 89, "comp_m": 0.56, "ini_m": 107.48, "fim_m": 108.04, "faixa_id": 2, "classe": "0.50–1.50 m", "_coa_length_m": 0.56, "_coa_class": "0,50–1,50 m" }, "geometry": { "type": "MultiLineString", "coordinates": [ [ [ -49.5714661, -20.4012967 ], [ -49.5714714, -20.4012973 ] ] ] } },
{ "type": "Feature", "properties": { "linha_id": 89, "comp_m": 0.56, "ini_m": 111.4, "fim_m": 111.96, "faixa_id": 2, "classe": "0.50–1.50 m", "_coa_length_m": 0.56, "_coa_class": "0,50–1,50 m" }, "geometry": { "type": "MultiLineString", "coordinates": [ [ [ -49.5715034, -20.4013008 ], [ -49.5715056, -20.4013011 ], [ -49.5715057, -20.4013009 ], [ -49.5715086, -20.4013013 ] ] ] } },
{ "type": "Feature", "properties": { "linha_id": 89, "comp_m": 0.8, "ini_m": 117.56, "fim_m": 118.36, "faixa_id": 2, "classe": "0.50–1.50 m", "_coa_length_m": 0.8, "_coa_class": "0,50–1,50 m" }, "geometry": { "type": "MultiLineString", "coordinates": [ [ [ -49.5715619, -20.4013068 ], [ -49.5715695, -20.4013075 ] ] ] } },
{ "type": "Feature", "properties": { "linha_id": 89, "comp_m": 1.12, "ini_m": 120.6, "fim_m": 121.72, "faixa_id": 2, "classe": "0.50–1.50 m", "_coa_length_m": 1.12, "_coa_class": "0,50–1,50 m" }, "geometry": { "type": "MultiLineString", "coordinates": [ [ [ -49.5715909, -20.4013094 ], [ -49.5716016, -20.4013104 ] ] ] } },
{ "type": "Feature", "properties": { "linha_id": 89, "comp_m": 0.64, "ini_m": 145.56, "fim_m": 146.2, "faixa_id": 2, "classe": "0.50–1.50 m", "_coa_length_m": 0.64, "_coa_class": "0,50–1,50 m" }, "geometry": { "type": "MultiLineString", "coordinates": [ [ [ -49.5718286, -20.4013342 ], [ -49.5718289, -20.4013342 ], [ -49.5718347, -20.4013347 ] ] ] } },
{ "type": "Feature", "properties": { "linha_id": 89, "comp_m": 0.96, "ini_m": 151.4, "fim_m": 152.36, "faixa_id": 2, "classe": "0.50–1.50 m", "_coa_length_m": 0.96, "_coa_class": "0,50–1,50 m" }, "geometry": { "type": "MultiLineString", "coordinates": [ [ [ -49.5718843, -20.4013388 ], [ -49.5718856, -20.4013389 ], [ -49.5718935, -20.4013399 ] ] ] } },
{ "type": "Feature", "properties": { "linha_id": 89, "comp_m": 0.56, "ini_m": 157.16, "fim_m": 157.72, "faixa_id": 2, "classe": "0.50–1.50 m", "_coa_length_m": 0.56, "_coa_class": "0,50–1,50 m" }, "geometry": { "type": "MultiLineString", "coordinates": [ [ [ -49.5719392, -20.4013447 ], [ -49.5719417, -20.401345 ], [ -49.5719445, -20.4013453 ] ] ] } },
{ "type": "Feature", "properties": { "linha_id": 89, "comp_m": 1.44, "ini_m": 394.28, "fim_m": 395.72, "faixa_id": 2, "classe": "0.50–1.50 m", "_coa_length_m": 1.44, "_coa_class": "0,50–1,50 m" }, "geometry": { "type": "MultiLineString", "coordinates": [ [ [ -49.5741963, -20.4015716 ], [ -49.5742024, -20.4015723 ], [ -49.5742098, -20.4015731 ], [ -49.57421, -20.4015731 ] ] ] } },
{ "type": "Feature", "properties": { "linha_id": 89, "comp_m": 0.56, "ini_m": 424.44, "fim_m": 425.0, "faixa_id": 2, "classe": "0.50–1.50 m", "_coa_length_m": 0.56, "_coa_class": "0,50–1,50 m" }, "geometry": { "type": "MultiLineString", "coordinates": [ [ [ -49.5744837, -20.4016001 ], [ -49.5744854, -20.4016003 ], [ -49.574489, -20.4016007 ] ] ] } },
{ "type": "Feature", "properties": { "linha_id": 89, "comp_m": 0.64, "ini_m": 426.36, "fim_m": 427.0, "faixa_id": 2, "classe": "0.50–1.50 m", "_coa_length_m": 0.64, "_coa_class": "0,50–1,50 m" }, "geometry": { "type": "MultiLineString", "coordinates": [ [ [ -49.5745019, -20.4016023 ], [ -49.5745075, -20.401603 ], [ -49.574508, -20.401603 ] ] ] } },
{ "type": "Feature", "properties": { "linha_id": 89, "comp_m": 0.88, "ini_m": 441.56, "fim_m": 442.44, "faixa_id": 2, "classe": "0.50–1.50 m", "_coa_length_m": 0.88, "_coa_class": "0,50–1,50 m" }, "geometry": { "type": "MultiLineString", "coordinates": [ [ [ -49.5746468, -20.4016168 ], [ -49.5746489, -20.4016171 ], [ -49.5746551, -20.4016177 ] ] ] } },
{ "type": "Feature", "properties": { "linha_id": 89, "comp_m": 0.56, "ini_m": 454.12, "fim_m": 454.68, "faixa_id": 2, "classe": "0.50–1.50 m", "_coa_length_m": 0.56, "_coa_class": "0,50–1,50 m" }, "geometry": { "type": "MultiLineString", "coordinates": [ [ [ -49.5747665, -20.401628 ], [ -49.5747684, -20.4016281 ], [ -49.5747718, -20.4016285 ] ] ] } },
{ "type": "Feature", "properties": { "linha_id": 90, "comp_m": 0.6, "ini_m": 0.0, "fim_m": 0.6, "faixa_id": 2, "classe": "0.50–1.50 m", "_coa_length_m": 0.6, "_coa_class": "0,50–1,50 m" }, "geometry": { "type": "MultiLineString", "coordinates": [ [ [ -49.5704951, -20.4023031 ], [ -49.5705009, -20.402303 ] ] ] } },
{ "type": "Feature", "properties": { "linha_id": 90, "comp_m": 0.96, "ini_m": 4.92, "fim_m": 5.88, "faixa_id": 2, "classe": "0.50–1.50 m", "_coa_length_m": 0.96, "_coa_class": "0,50–1,50 m" }, "geometry": { "type": "MultiLineString", "coordinates": [ [ [ -49.5705421, -20.4023054 ], [ -49.5705495, -20.4023062 ], [ -49.5705513, -20.4023065 ] ] ] } },
{ "type": "Feature", "properties": { "linha_id": 90, "comp_m": 0.88, "ini_m": 15.56, "fim_m": 16.44, "faixa_id": 2, "classe": "0.50–1.50 m", "_coa_length_m": 0.88, "_coa_class": "0,50–1,50 m" }, "geometry": { "type": "MultiLineString", "coordinates": [ [ [ -49.5706435, -20.4023159 ], [ -49.570649, -20.4023164 ], [ -49.5706518, -20.4023167 ] ] ] } },
{ "type": "Feature", "properties": { "linha_id": 90, "comp_m": 0.8, "ini_m": 24.12, "fim_m": 24.92, "faixa_id": 2, "classe": "0.50–1.50 m", "_coa_length_m": 0.8, "_coa_class": "0,50–1,50 m" }, "geometry": { "type": "MultiLineString", "coordinates": [ [ [ -49.5707249, -20.4023246 ], [ -49.5707253, -20.4023247 ], [ -49.5707326, -20.4023254 ] ] ] } },
{ "type": "Feature", "properties": { "linha_id": 90, "comp_m": 0.72, "ini_m": 26.36, "fim_m": 27.08, "faixa_id": 2, "classe": "0.50–1.50 m", "_coa_length_m": 0.72, "_coa_class": "0,50–1,50 m" }, "geometry": { "type": "MultiLineString", "coordinates": [ [ [ -49.5707463, -20.4023266 ], [ -49.5707484, -20.4023268 ], [ -49.5707532, -20.4023273 ] ] ] } },
{ "type": "Feature", "properties": { "linha_id": 90, "comp_m": 0.64, "ini_m": 309.0, "fim_m": 309.64, "faixa_id": 2, "classe": "0.50–1.50 m", "_coa_length_m": 0.64, "_coa_class": "0,50–1,50 m" }, "geometry": { "type": "MultiLineString", "coordinates": [ [ [ -49.5734377, -20.4025984 ], [ -49.5734386, -20.4025985 ], [ -49.5734411, -20.4025987 ], [ -49.5734436, -20.402599 ], [ -49.5734438, -20.402599 ] ] ] } },
{ "type": "Feature", "properties": { "linha_id": 90, "comp_m": 1.12, "ini_m": 392.52, "fim_m": 393.64, "faixa_id": 2, "classe": "0.50–1.50 m", "_coa_length_m": 1.12, "_coa_class": "0,50–1,50 m" }, "geometry": { "type": "MultiLineString", "coordinates": [ [ [ -49.5742332, -20.4026786 ], [ -49.5742385, -20.4026792 ], [ -49.5742438, -20.4026798 ] ] ] } },
{ "type": "Feature", "properties": { "linha_id": 90, "comp_m": 0.64, "ini_m": 431.64, "fim_m": 432.28, "faixa_id": 2, "classe": "0.50–1.50 m", "_coa_length_m": 0.64, "_coa_class": "0,50–1,50 m" }, "geometry": { "type": "MultiLineString", "coordinates": [ [ [ -49.5746058, -20.4027166 ], [ -49.5746081, -20.4027168 ], [ -49.5746119, -20.4027172 ] ] ] } },
{ "type": "Feature", "properties": { "linha_id": 90, "comp_m": 1.12, "ini_m": 435.48, "fim_m": 436.6, "faixa_id": 2, "classe": "0.50–1.50 m", "_coa_length_m": 1.12, "_coa_class": "0,50–1,50 m" }, "geometry": { "type": "MultiLineString", "coordinates": [ [ [ -49.5746424, -20.4027204 ], [ -49.5746467, -20.4027208 ], [ -49.5746522, -20.4027214 ], [ -49.5746531, -20.4027215 ] ] ] } },
{ "type": "Feature", "properties": { "linha_id": 90, "comp_m": 0.96, "ini_m": 437.88, "fim_m": 438.84, "faixa_id": 2, "classe": "0.50–1.50 m", "_coa_length_m": 0.96, "_coa_class": "0,50–1,50 m" }, "geometry": { "type": "MultiLineString", "coordinates": [ [ [ -49.5746653, -20.4027226 ], [ -49.5746688, -20.402723 ], [ -49.5746744, -20.4027235 ], [ -49.5746744, -20.4027235 ] ] ] } },
{ "type": "Feature", "properties": { "linha_id": 90, "comp_m": 2.0, "ini_m": 443.88, "fim_m": 445.88, "faixa_id": 3, "classe": "1.50–3.00 m", "_coa_length_m": 2.0, "_coa_class": "1,50–3,00 m" }, "geometry": { "type": "MultiLineString", "coordinates": [ [ [ -49.5747225, -20.402728 ], [ -49.5747242, -20.4027282 ], [ -49.5747296, -20.4027289 ], [ -49.5747351, -20.4027297 ], [ -49.5747405, -20.4027305 ], [ -49.5747414, -20.4027306 ] ] ] } },
{ "type": "Feature", "properties": { "linha_id": 90, "comp_m": 2.612, "ini_m": 446.52, "fim_m": 449.132, "faixa_id": 3, "classe": "1.50–3.00 m", "_coa_length_m": 2.612, "_coa_class": "1,50–3,00 m" }, "geometry": { "type": "MultiLineString", "coordinates": [ [ [ -49.5747465, -20.4027321 ], [ -49.5747467, -20.4027321 ], [ -49.574747, -20.4027321 ], [ -49.5747472, -20.4027321 ], [ -49.5747475, -20.4027322 ], [ -49.5747478, -20.4027322 ], [ -49.5747481, -20.4027322 ], [ -49.5747484, -20.4027322 ], [ -49.5747487, -20.4027323 ], [ -49.5747489, -20.4027323 ], [ -49.5747492, -20.4027323 ], [ -49.5747495, -20.4027324 ], [ -49.5747498, -20.4027324 ], [ -49.5747501, -20.4027324 ], [ -49.5747504, -20.4027324 ], [ -49.5747506, -20.4027325 ], [ -49.5747509, -20.4027325 ], [ -49.5747512, -20.4027325 ], [ -49.5747515, -20.4027325 ], [ -49.5747518, -20.4027326 ], [ -49.5747521, -20.4027326 ], [ -49.5747524, -20.4027326 ], [ -49.5747527, -20.4027327 ], [ -49.5747529, -20.4027327 ], [ -49.5747532, -20.4027327 ], [ -49.5747535, -20.4027327 ], [ -49.5747538, -20.4027328 ], [ -49.5747541, -20.4027328 ], [ -49.5747544, -20.4027328 ], [ -49.5747547, -20.4027329 ], [ -49.574755, -20.4027329 ], [ -49.5747553, -20.4027329 ], [ -49.5747555, -20.4027329 ], [ -49.5747558, -20.402733 ], [ -49.5747561, -20.402733 ], [ -49.5747564, -20.402733 ], [ -49.5747567, -20.402733 ], [ -49.574757, -20.4027331 ], [ -49.5747573, -20.4027331 ], [ -49.5747576, -20.4027331 ], [ -49.5747579, -20.4027331 ], [ -49.5747582, -20.4027332 ], [ -49.5747585, -20.4027332 ], [ -49.5747588, -20.4027332 ], [ -49.574759, -20.4027333 ], [ -49.5747593, -20.4027333 ], [ -49.5747596, -20.4027333 ], [ -49.5747599, -20.4027333 ], [ -49.5747602, -20.4027334 ], [ -49.5747605, -20.4027334 ], [ -49.5747608, -20.4027334 ], [ -49.5747611, -20.4027334 ], [ -49.5747614, -20.4027334 ], [ -49.5747617, -20.4027335 ], [ -49.574762, -20.4027335 ], [ -49.5747623, -20.4027335 ], [ -49.5747626, -20.4027335 ], [ -49.5747629, -20.4027336 ], [ -49.5747631, -20.4027336 ], [ -49.5747634, -20.4027336 ], [ -49.5747637, -20.4027336 ], [ -49.574764, -20.4027337 ], [ -49.5747643, -20.4027337 ], [ -49.5747646, -20.4027337 ], [ -49.5747649, -20.4027337 ], [ -49.5747652, -20.4027337 ], [ -49.5747655, -20.4027338 ], [ -49.5747658, -20.4027338 ], [ -49.5747661, -20.4027338 ], [ -49.5747664, -20.4027338 ], [ -49.5747667, -20.4027338 ], [ -49.574767, -20.4027338 ], [ -49.5747673, -20.4027339 ], [ -49.5747676, -20.4027339 ], [ -49.5747679, -20.4027339 ], [ -49.5747682, -20.4027339 ], [ -49.5747684, -20.4027339 ], [ -49.5747687, -20.4027339 ], [ -49.574769, -20.402734 ], [ -49.5747693, -20.402734 ], [ -49.5747696, -20.402734 ], [ -49.5747699, -20.402734 ], [ -49.5747702, -20.402734 ], [ -49.5747705, -20.402734 ], [ -49.5747708, -20.402734 ], [ -49.5747711, -20.4027341 ], [ -49.5747714, -20.4027341 ] ] ] } },
{ "type": "Feature", "properties": { "linha_id": 91, "comp_m": 0.56, "ini_m": 60.12, "fim_m": 60.68, "faixa_id": 2, "classe": "0.50–1.50 m", "_coa_length_m": 0.56, "_coa_class": "0,50–1,50 m" }, "geometry": { "type": "MultiLineString", "coordinates": [ [ [ -49.5710876, -20.4023472 ], [ -49.5710929, -20.4023477 ] ] ] } },
{ "type": "Feature", "properties": { "linha_id": 91, "comp_m": 1.12, "ini_m": 79.16, "fim_m": 80.28, "faixa_id": 2, "classe": "0.50–1.50 m", "_coa_length_m": 1.12, "_coa_class": "0,50–1,50 m" }, "geometry": { "type": "MultiLineString", "coordinates": [ [ [ -49.571269, -20.4023657 ], [ -49.57127, -20.4023658 ], [ -49.5712783, -20.4023667 ], [ -49.5712796, -20.4023668 ] ] ] } },
{ "type": "Feature", "properties": { "linha_id": 91, "comp_m": 0.88, "ini_m": 105.56, "fim_m": 106.44, "faixa_id": 2, "classe": "0.50–1.50 m", "_coa_length_m": 0.88, "_coa_class": "0,50–1,50 m" }, "geometry": { "type": "MultiLineString", "coordinates": [ [ [ -49.5715205, -20.4023909 ], [ -49.5715273, -20.4023917 ], [ -49.5715289, -20.4023919 ] ] ] } },
{ "type": "Feature", "properties": { "linha_id": 91, "comp_m": 0.64, "ini_m": 110.76, "fim_m": 111.4, "faixa_id": 2, "classe": "0.50–1.50 m", "_coa_length_m": 0.64, "_coa_class": "0,50–1,50 m" }, "geometry": { "type": "MultiLineString", "coordinates": [ [ [ -49.57157, -20.4023963 ], [ -49.5715761, -20.4023969 ] ] ] } },
{ "type": "Feature", "properties": { "linha_id": 91, "comp_m": 0.72, "ini_m": 425.72, "fim_m": 426.44, "faixa_id": 2, "classe": "0.50–1.50 m", "_coa_length_m": 0.72, "_coa_class": "0,50–1,50 m" }, "geometry": { "type": "MultiLineString", "coordinates": [ [ [ -49.5745692, -20.4026987 ], [ -49.5745718, -20.402699 ], [ -49.574576, -20.4026994 ] ] ] } },
{ "type": "Feature", "properties": { "linha_id": 91, "comp_m": 1.36, "ini_m": 441.64, "fim_m": 443.0, "faixa_id": 2, "classe": "0.50–1.50 m", "_coa_length_m": 1.36, "_coa_class": "0,50–1,50 m" }, "geometry": { "type": "MultiLineString", "coordinates": [ [ [ -49.5747208, -20.4027142 ], [ -49.5747256, -20.4027148 ], [ -49.5747304, -20.4027155 ], [ -49.5747337, -20.4027159 ] ] ] } },
{ "type": "Feature", "properties": { "linha_id": 92, "comp_m": 0.88, "ini_m": 1.32, "fim_m": 2.2, "faixa_id": 2, "classe": "0.50–1.50 m", "_coa_length_m": 0.88, "_coa_class": "0,50–1,50 m" }, "geometry": { "type": "MultiLineString", "coordinates": [ [ [ -49.5705136, -20.4021938 ], [ -49.5705185, -20.4021941 ], [ -49.570522, -20.4021944 ] ] ] } },
{ "type": "Feature", "properties": { "linha_id": 92, "comp_m": 0.8, "ini_m": 110.76, "fim_m": 111.56, "faixa_id": 2, "classe": "0.50–1.50 m", "_coa_length_m": 0.8, "_coa_class": "0,50–1,50 m" }, "geometry": { "type": "MultiLineString", "coordinates": [ [ [ -49.5715559, -20.4022997 ], [ -49.5715597, -20.4023003 ], [ -49.5715635, -20.4023006 ] ] ] } },
{ "type": "Feature", "properties": { "linha_id": 92, "comp_m": 1.28, "ini_m": 325.16, "fim_m": 326.44, "faixa_id": 2, "classe": "0.50–1.50 m", "_coa_length_m": 1.28, "_coa_class": "0,50–1,50 m" }, "geometry": { "type": "MultiLineString", "coordinates": [ [ [ -49.5735982, -20.4025063 ], [ -49.5736046, -20.402507 ], [ -49.5736104, -20.4025076 ] ] ] } },
{ "type": "Feature", "properties": { "linha_id": 92, "comp_m": 1.04, "ini_m": 352.04, "fim_m": 353.08, "faixa_id": 2, "classe": "0.50–1.50 m", "_coa_length_m": 1.04, "_coa_class": "0,50–1,50 m" }, "geometry": { "type": "MultiLineString", "coordinates": [ [ [ -49.5738545, -20.4025307 ], [ -49.5738643, -20.4025319 ] ] ] } },
{ "type": "Feature", "properties": { "linha_id": 92, "comp_m": 0.72, "ini_m": 425.16, "fim_m": 425.88, "faixa_id": 2, "classe": "0.50–1.50 m", "_coa_length_m": 0.72, "_coa_class": "0,50–1,50 m" }, "geometry": { "type": "MultiLineString", "coordinates": [ [ [ -49.5745508, -20.402601 ], [ -49.5745525, -20.4026012 ], [ -49.5745577, -20.4026017 ] ] ] } },
{ "type": "Feature", "properties": { "linha_id": 92, "comp_m": 0.56, "ini_m": 432.28, "fim_m": 432.84, "faixa_id": 2, "classe": "0.50–1.50 m", "_coa_length_m": 0.56, "_coa_class": "0,50–1,50 m" }, "geometry": { "type": "MultiLineString", "coordinates": [ [ [ -49.5746187, -20.4026077 ], [ -49.5746209, -20.402608 ], [ -49.574624, -20.4026084 ] ] ] } },
{ "type": "Feature", "properties": { "linha_id": 92, "comp_m": 0.64, "ini_m": 436.84, "fim_m": 437.48, "faixa_id": 2, "classe": "0.50–1.50 m", "_coa_length_m": 0.64, "_coa_class": "0,50–1,50 m" }, "geometry": { "type": "MultiLineString", "coordinates": [ [ [ -49.574662, -20.4026126 ], [ -49.5746641, -20.4026128 ], [ -49.5746681, -20.4026133 ] ] ] } },
{ "type": "Feature", "properties": { "linha_id": 92, "comp_m": 0.8, "ini_m": 438.52, "fim_m": 439.32, "faixa_id": 2, "classe": "0.50–1.50 m", "_coa_length_m": 0.8, "_coa_class": "0,50–1,50 m" }, "geometry": { "type": "MultiLineString", "coordinates": [ [ [ -49.574678, -20.4026144 ], [ -49.5746827, -20.402615 ], [ -49.5746856, -20.4026153 ] ] ] } },
{ "type": "Feature", "properties": { "linha_id": 93, "comp_m": 0.56, "ini_m": 1.8, "fim_m": 2.36, "faixa_id": 2, "classe": "0.50–1.50 m", "_coa_length_m": 0.56, "_coa_class": "0,50–1,50 m" }, "geometry": { "type": "MultiLineString", "coordinates": [ [ [ -49.5705297, -20.4022091 ], [ -49.5705322, -20.4022094 ], [ -49.570535, -20.4022097 ] ] ] } },
{ "type": "Feature", "properties": { "linha_id": 93, "comp_m": 0.96, "ini_m": 29.72, "fim_m": 30.68, "faixa_id": 2, "classe": "0.50–1.50 m", "_coa_length_m": 0.96, "_coa_class": "0,50–1,50 m" }, "geometry": { "type": "MultiLineString", "coordinates": [ [ [ -49.5707956, -20.4022363 ], [ -49.5707973, -20.4022365 ], [ -49.5708039, -20.4022371 ], [ -49.5708048, -20.4022372 ] ] ] } },
{ "type": "Feature", "properties": { "linha_id": 93, "comp_m": 0.88, "ini_m": 309.08, "fim_m": 309.96, "faixa_id": 2, "classe": "0.50–1.50 m", "_coa_length_m": 0.88, "_coa_class": "0,50–1,50 m" }, "geometry": { "type": "MultiLineString", "coordinates": [ [ [ -49.5734568, -20.4025051 ], [ -49.5734629, -20.4025058 ], [ -49.5734651, -20.402506 ] ] ] } },
{ "type": "Feature", "properties": { "linha_id": 93, "comp_m": 0.8, "ini_m": 326.6, "fim_m": 327.4, "faixa_id": 2, "classe": "0.50–1.50 m", "_coa_length_m": 0.8, "_coa_class": "0,50–1,50 m" }, "geometry": { "type": "MultiLineString", "coordinates": [ [ [ -49.5736237, -20.4025216 ], [ -49.5736313, -20.4025225 ] ] ] } },
{ "type": "Feature", "properties": { "linha_id": 93, "comp_m": 0.56, "ini_m": 328.04, "fim_m": 328.6, "faixa_id": 2, "classe": "0.50–1.50 m", "_coa_length_m": 0.56, "_coa_class": "0,50–1,50 m" }, "geometry": { "type": "MultiLineString", "coordinates": [ [ [ -49.5736374, -20.4025233 ], [ -49.5736417, -20.4025238 ], [ -49.5736427, -20.4025239 ] ] ] } },
{ "type": "Feature", "properties": { "linha_id": 93, "comp_m": 0.96, "ini_m": 329.08, "fim_m": 330.04, "faixa_id": 2, "classe": "0.50–1.50 m", "_coa_length_m": 0.96, "_coa_class": "0,50–1,50 m" }, "geometry": { "type": "MultiLineString", "coordinates": [ [ [ -49.5736473, -20.4025244 ], [ -49.5736564, -20.4025253 ] ] ] } },
{ "type": "Feature", "properties": { "linha_id": 93, "comp_m": 0.56, "ini_m": 336.04, "fim_m": 336.6, "faixa_id": 2, "classe": "0.50–1.50 m", "_coa_length_m": 0.56, "_coa_class": "0,50–1,50 m" }, "geometry": { "type": "MultiLineString", "coordinates": [ [ [ -49.5737136, -20.4025308 ], [ -49.573719, -20.4025313 ] ] ] } },
{ "type": "Feature", "properties": { "linha_id": 93, "comp_m": 0.72, "ini_m": 340.44, "fim_m": 341.16, "faixa_id": 2, "classe": "0.50–1.50 m", "_coa_length_m": 0.72, "_coa_class": "0,50–1,50 m" }, "geometry": { "type": "MultiLineString", "coordinates": [ [ [ -49.5737555, -20.4025356 ], [ -49.5737607, -20.4025363 ], [ -49.5737623, -20.4025364 ] ] ] } },
{ "type": "Feature", "properties": { "linha_id": 93, "comp_m": 2.0, "ini_m": 351.08, "fim_m": 353.08, "faixa_id": 3, "classe": "1.50–3.00 m", "_coa_length_m": 2.0, "_coa_class": "1,50–3,00 m" }, "geometry": { "type": "MultiLineString", "coordinates": [ [ [ -49.5738569, -20.4025449 ], [ -49.573876, -20.402547 ] ] ] } },
{ "type": "Feature", "properties": { "linha_id": 93, "comp_m": 0.64, "ini_m": 370.12, "fim_m": 370.76, "faixa_id": 2, "classe": "0.50–1.50 m", "_coa_length_m": 0.64, "_coa_class": "0,50–1,50 m" }, "geometry": { "type": "MultiLineString", "coordinates": [ [ [ -49.5740382, -20.4025642 ], [ -49.5740443, -20.4025647 ] ] ] } },
{ "type": "Feature", "properties": { "linha_id": 93, "comp_m": 0.56, "ini_m": 379.64, "fim_m": 380.2, "faixa_id": 2, "classe": "0.50–1.50 m", "_coa_length_m": 0.56, "_coa_class": "0,50–1,50 m" }, "geometry": { "type": "MultiLineString", "coordinates": [ [ [ -49.5741278, -20.4025729 ], [ -49.5741284, -20.402573 ], [ -49.57413, -20.4025731 ], [ -49.5741317, -20.4025733 ], [ -49.5741331, -20.4025734 ] ] ] } },
{ "type": "Feature", "properties": { "linha_id": 93, "comp_m": 0.8, "ini_m": 380.92, "fim_m": 381.72, "faixa_id": 2, "classe": "0.50–1.50 m", "_coa_length_m": 0.8, "_coa_class": "0,50–1,50 m" }, "geometry": { "type": "MultiLineString", "coordinates": [ [ [ -49.57414, -20.4025741 ], [ -49.5741416, -20.4025742 ], [ -49.5741433, -20.4025744 ], [ -49.5741449, -20.4025746 ], [ -49.5741466, -20.4025747 ], [ -49.5741476, -20.4025748 ] ] ] } },
{ "type": "Feature", "properties": { "linha_id": 93, "comp_m": 0.88, "ini_m": 387.4, "fim_m": 388.28, "faixa_id": 2, "classe": "0.50–1.50 m", "_coa_length_m": 0.88, "_coa_class": "0,50–1,50 m" }, "geometry": { "type": "MultiLineString", "coordinates": [ [ [ -49.5742017, -20.40258 ], [ -49.5742029, -20.4025801 ], [ -49.5742046, -20.4025803 ], [ -49.5742062, -20.4025804 ], [ -49.5742079, -20.4025806 ], [ -49.5742095, -20.4025807 ], [ -49.5742101, -20.4025808 ] ] ] } },
{ "type": "Feature", "properties": { "linha_id": 93, "comp_m": 1.36, "ini_m": 396.6, "fim_m": 397.96, "faixa_id": 2, "classe": "0.50–1.50 m", "_coa_length_m": 1.36, "_coa_class": "0,50–1,50 m" }, "geometry": { "type": "MultiLineString", "coordinates": [ [ [ -49.5742883, -20.4025884 ], [ -49.574289, -20.4025885 ], [ -49.5742906, -20.4025887 ], [ -49.5742923, -20.4025888 ], [ -49.5742939, -20.402589 ], [ -49.5742956, -20.4025891 ], [ -49.5742972, -20.4025893 ], [ -49.5742989, -20.4025895 ], [ -49.5743006, -20.4025896 ], [ -49.5743013, -20.4025897 ] ] ] } },
{ "type": "Feature", "properties": { "linha_id": 93, "comp_m": 0.8, "ini_m": 410.12, "fim_m": 410.92, "faixa_id": 2, "classe": "0.50–1.50 m", "_coa_length_m": 0.8, "_coa_class": "0,50–1,50 m" }, "geometry": { "type": "MultiLineString", "coordinates": [ [ [ -49.5744171, -20.4026017 ], [ -49.5744179, -20.4026018 ], [ -49.5744195, -20.4026019 ], [ -49.5744212, -20.4026021 ], [ -49.5744228, -20.4026023 ], [ -49.5744245, -20.4026024 ], [ -49.5744247, -20.4026024 ] ] ] } },
{ "type": "Feature", "properties": { "linha_id": 93, "comp_m": 2.4, "ini_m": 440.52, "fim_m": 442.92, "faixa_id": 3, "classe": "1.50–3.00 m", "_coa_length_m": 2.4, "_coa_class": "1,50–3,00 m" }, "geometry": { "type": "MultiLineString", "coordinates": [ [ [ -49.5747065, -20.4026309 ], [ -49.5747083, -20.4026311 ], [ -49.5747116, -20.4026315 ], [ -49.574715, -20.4026319 ], [ -49.5747184, -20.4026322 ], [ -49.5747218, -20.4026326 ], [ -49.5747252, -20.402633 ], [ -49.5747286, -20.4026334 ], [ -49.5747293, -20.4026335 ] ] ] } },
{ "type": "Feature", "properties": { "linha_id": 93, "comp_m": 1.04, "ini_m": 444.68, "fim_m": 445.72, "faixa_id": 2, "classe": "0.50–1.50 m", "_coa_length_m": 1.04, "_coa_class": "0,50–1,50 m" }, "geometry": { "type": "MultiLineString", "coordinates": [ [ [ -49.5747461, -20.4026352 ], [ -49.574749, -20.4026355 ], [ -49.5747524, -20.4026358 ], [ -49.5747558, -20.4026362 ], [ -49.574756, -20.4026362 ] ] ] } },
{ "type": "Feature", "properties": { "linha_id": 94, "comp_m": 0.64, "ini_m": 51.8, "fim_m": 52.44, "faixa_id": 2, "classe": "0.50–1.50 m", "_coa_length_m": 0.64, "_coa_class": "0,50–1,50 m" }, "geometry": { "type": "MultiLineString", "coordinates": [ [ [ -49.5709623, -20.4024026 ], [ -49.5709636, -20.4024027 ], [ -49.5709652, -20.4024029 ], [ -49.5709669, -20.4024031 ], [ -49.5709684, -20.4024033 ] ] ] } },
{ "type": "Feature", "properties": { "linha_id": 94, "comp_m": 0.64, "ini_m": 91.16, "fim_m": 91.8, "faixa_id": 2, "classe": "0.50–1.50 m", "_coa_length_m": 0.64, "_coa_class": "0,50–1,50 m" }, "geometry": { "type": "MultiLineString", "coordinates": [ [ [ -49.5713361, -20.4024408 ], [ -49.5713408, -20.4024413 ], [ -49.5713422, -20.4024414 ] ] ] } },
{ "type": "Feature", "properties": { "linha_id": 94, "comp_m": 0.72, "ini_m": 414.68, "fim_m": 415.4, "faixa_id": 2, "classe": "0.50–1.50 m", "_coa_length_m": 0.72, "_coa_class": "0,50–1,50 m" }, "geometry": { "type": "MultiLineString", "coordinates": [ [ [ -49.5744167, -20.402751 ], [ -49.5744187, -20.4027513 ], [ -49.5744228, -20.4027517 ], [ -49.5744236, -20.4027518 ] ] ] } },
{ "type": "Feature", "properties": { "linha_id": 94, "comp_m": 0.56, "ini_m": 416.04, "fim_m": 416.6, "faixa_id": 2, "classe": "0.50–1.50 m", "_coa_length_m": 0.56, "_coa_class": "0,50–1,50 m" }, "geometry": { "type": "MultiLineString", "coordinates": [ [ [ -49.5744296, -20.4027526 ], [ -49.5744309, -20.4027527 ], [ -49.574435, -20.4027532 ] ] ] } },
{ "type": "Feature", "properties": { "linha_id": 94, "comp_m": 1.12, "ini_m": 426.6, "fim_m": 427.72, "faixa_id": 2, "classe": "0.50–1.50 m", "_coa_length_m": 1.12, "_coa_class": "0,50–1,50 m" }, "geometry": { "type": "MultiLineString", "coordinates": [ [ [ -49.5745302, -20.4027628 ], [ -49.5745339, -20.4027631 ], [ -49.5745381, -20.4027635 ], [ -49.5745409, -20.4027638 ] ] ] } },
{ "type": "Feature", "properties": { "linha_id": 94, "comp_m": 1.12, "ini_m": 449.8, "fim_m": 450.92, "faixa_id": 2, "classe": "0.50–1.50 m", "_coa_length_m": 1.12, "_coa_class": "0,50–1,50 m" }, "geometry": { "type": "MultiLineString", "coordinates": [ [ [ -49.5747511, -20.4027855 ], [ -49.5747515, -20.4027856 ], [ -49.5747524, -20.4027857 ], [ -49.5747532, -20.4027858 ], [ -49.574754, -20.4027859 ], [ -49.5747549, -20.402786 ], [ -49.5747557, -20.4027861 ], [ -49.5747565, -20.4027862 ], [ -49.5747573, -20.4027863 ], [ -49.5747582, -20.4027864 ], [ -49.574759, -20.4027865 ], [ -49.5747598, -20.4027866 ], [ -49.5747607, -20.4027867 ], [ -49.5747615, -20.4027868 ], [ -49.5747617, -20.4027869 ] ] ] } },
{ "type": "Feature", "properties": { "linha_id": 95, "comp_m": 0.8, "ini_m": 195.48, "fim_m": 196.28, "faixa_id": 2, "classe": "0.50–1.50 m", "_coa_length_m": 0.8, "_coa_class": "0,50–1,50 m" }, "geometry": { "type": "MultiLineString", "coordinates": [ [ [ -49.5723741, -20.4023684 ], [ -49.5723816, -20.4023696 ] ] ] } },
{ "type": "Feature", "properties": { "linha_id": 95, "comp_m": 0.8, "ini_m": 203.0, "fim_m": 203.8, "faixa_id": 2, "classe": "0.50–1.50 m", "_coa_length_m": 0.8, "_coa_class": "0,50–1,50 m" }, "geometry": { "type": "MultiLineString", "coordinates": [ [ [ -49.5724457, -20.4023759 ], [ -49.57245, -20.4023763 ], [ -49.5724533, -20.4023767 ] ] ] } },
{ "type": "Feature", "properties": { "linha_id": 95, "comp_m": 0.56, "ini_m": 219.96, "fim_m": 220.52, "faixa_id": 2, "classe": "0.50–1.50 m", "_coa_length_m": 0.56, "_coa_class": "0,50–1,50 m" }, "geometry": { "type": "MultiLineString", "coordinates": [ [ [ -49.5726072, -20.4023922 ], [ -49.5726126, -20.4023927 ] ] ] } },
{ "type": "Feature", "properties": { "linha_id": 95, "comp_m": 0.64, "ini_m": 356.44, "fim_m": 357.08, "faixa_id": 2, "classe": "0.50–1.50 m", "_coa_length_m": 0.64, "_coa_class": "0,50–1,50 m" }, "geometry": { "type": "MultiLineString", "coordinates": [ [ [ -49.5739074, -20.4025234 ], [ -49.5739135, -20.402524 ] ] ] } },
{ "type": "Feature", "properties": { "linha_id": 95, "comp_m": 0.72, "ini_m": 369.96, "fim_m": 370.68, "faixa_id": 2, "classe": "0.50–1.50 m", "_coa_length_m": 0.72, "_coa_class": "0,50–1,50 m" }, "geometry": { "type": "MultiLineString", "coordinates": [ [ [ -49.574036, -20.4025372 ], [ -49.5740429, -20.4025377 ] ] ] } },
{ "type": "Feature", "properties": { "linha_id": 95, "comp_m": 1.68, "ini_m": 420.92, "fim_m": 422.6, "faixa_id": 3, "classe": "1.50–3.00 m", "_coa_length_m": 1.68, "_coa_class": "1,50–3,00 m" }, "geometry": { "type": "MultiLineString", "coordinates": [ [ [ -49.5745217, -20.4025843 ], [ -49.5745272, -20.4025849 ], [ -49.5745377, -20.402586 ] ] ] } },
{ "type": "Feature", "properties": { "linha_id": 95, "comp_m": 0.56, "ini_m": 428.6, "fim_m": 429.16, "faixa_id": 2, "classe": "0.50–1.50 m", "_coa_length_m": 0.56, "_coa_class": "0,50–1,50 m" }, "geometry": { "type": "MultiLineString", "coordinates": [ [ [ -49.5745949, -20.4025917 ], [ -49.5746002, -20.4025921 ] ] ] } },
{ "type": "Feature", "properties": { "linha_id": 95, "comp_m": 0.64, "ini_m": 437.32, "fim_m": 437.96, "faixa_id": 2, "classe": "0.50–1.50 m", "_coa_length_m": 0.64, "_coa_class": "0,50–1,50 m" }, "geometry": { "type": "MultiLineString", "coordinates": [ [ [ -49.5746779, -20.4026003 ], [ -49.574684, -20.4026009 ] ] ] } },
{ "type": "Feature", "properties": { "linha_id": 96, "comp_m": 1.52, "ini_m": 0.68, "fim_m": 2.2, "faixa_id": 3, "classe": "1.50–3.00 m", "_coa_length_m": 1.52, "_coa_class": "1,50–3,00 m" }, "geometry": { "type": "MultiLineString", "coordinates": [ [ [ -49.5704633, -20.4023927 ], [ -49.5704777, -20.4023944 ] ] ] } },
{ "type": "Feature", "properties": { "linha_id": 96, "comp_m": 1.12, "ini_m": 2.92, "fim_m": 4.04, "faixa_id": 2, "classe": "0.50–1.50 m", "_coa_length_m": 1.12, "_coa_class": "0,50–1,50 m" }, "geometry": { "type": "MultiLineString", "coordinates": [ [ [ -49.5704846, -20.4023952 ], [ -49.5704952, -20.4023964 ] ] ] } },
{ "type": "Feature", "properties": { "linha_id": 96, "comp_m": 0.96, "ini_m": 5.16, "fim_m": 6.12, "faixa_id": 2, "classe": "0.50–1.50 m", "_coa_length_m": 0.96, "_coa_class": "0,50–1,50 m" }, "geometry": { "type": "MultiLineString", "coordinates": [ [ [ -49.5705059, -20.4023976 ], [ -49.570515, -20.4023987 ] ] ] } },
{ "type": "Feature", "properties": { "linha_id": 96, "comp_m": 0.64, "ini_m": 8.44, "fim_m": 9.08, "faixa_id": 2, "classe": "0.50–1.50 m", "_coa_length_m": 0.64, "_coa_class": "0,50–1,50 m" }, "geometry": { "type": "MultiLineString", "coordinates": [ [ [ -49.5705371, -20.4024012 ], [ -49.5705418, -20.4024017 ], [ -49.5705432, -20.4024018 ] ] ] } },
{ "type": "Feature", "properties": { "linha_id": 96, "comp_m": 0.64, "ini_m": 19.8, "fim_m": 20.44, "faixa_id": 2, "classe": "0.50–1.50 m", "_coa_length_m": 0.64, "_coa_class": "0,50–1,50 m" }, "geometry": { "type": "MultiLineString", "coordinates": [ [ [ -49.5706454, -20.4024111 ], [ -49.5706515, -20.4024119 ] ] ] } },
{ "type": "Feature", "properties": { "linha_id": 96, "comp_m": 0.64, "ini_m": 290.28, "fim_m": 290.92, "faixa_id": 2, "classe": "0.50–1.50 m", "_coa_length_m": 0.64, "_coa_class": "0,50–1,50 m" }, "geometry": { "type": "MultiLineString", "coordinates": [ [ [ -49.5732222, -20.4026714 ], [ -49.5732283, -20.4026721 ] ] ] } },
{ "type": "Feature", "properties": { "linha_id": 96, "comp_m": 0.56, "ini_m": 328.92, "fim_m": 329.48, "faixa_id": 2, "classe": "0.50–1.50 m", "_coa_length_m": 0.56, "_coa_class": "0,50–1,50 m" }, "geometry": { "type": "MultiLineString", "coordinates": [ [ [ -49.5735902, -20.4027091 ], [ -49.5735956, -20.4027097 ] ] ] } },
{ "type": "Feature", "properties": { "linha_id": 97, "comp_m": 1.04, "ini_m": 27.96, "fim_m": 29.0, "faixa_id": 2, "classe": "0.50–1.50 m", "_coa_length_m": 1.04, "_coa_class": "0,50–1,50 m" }, "geometry": { "type": "MultiLineString", "coordinates": [ [ [ -49.5707629, -20.4021504 ], [ -49.5707656, -20.4021506 ], [ -49.5707715, -20.4021512 ], [ -49.5707728, -20.4021513 ] ] ] } },
{ "type": "Feature", "properties": { "linha_id": 97, "comp_m": 0.56, "ini_m": 57.32, "fim_m": 57.88, "faixa_id": 2, "classe": "0.50–1.50 m", "_coa_length_m": 0.56, "_coa_class": "0,50–1,50 m" }, "geometry": { "type": "MultiLineString", "coordinates": [ [ [ -49.5710425, -20.402179 ], [ -49.5710455, -20.4021793 ], [ -49.5710479, -20.4021795 ] ] ] } },
{ "type": "Feature", "properties": { "linha_id": 97, "comp_m": 0.72, "ini_m": 355.72, "fim_m": 356.44, "faixa_id": 2, "classe": "0.50–1.50 m", "_coa_length_m": 0.72, "_coa_class": "0,50–1,50 m" }, "geometry": { "type": "MultiLineString", "coordinates": [ [ [ -49.5738848, -20.4024665 ], [ -49.573891, -20.4024671 ], [ -49.5738917, -20.4024671 ] ] ] } },
{ "type": "Feature", "properties": { "linha_id": 98, "comp_m": 2.16, "ini_m": 0.76, "fim_m": 2.92, "faixa_id": 3, "classe": "1.50–3.00 m", "_coa_length_m": 2.16, "_coa_class": "1,50–3,00 m" }, "geometry": { "type": "MultiLineString", "coordinates": [ [ [ -49.5704758, -20.4023395 ], [ -49.5704804, -20.4023398 ], [ -49.5704926, -20.4023404 ], [ -49.5704964, -20.4023407 ] ] ] } },
{ "type": "Feature", "properties": { "linha_id": 98, "comp_m": 0.72, "ini_m": 8.84, "fim_m": 9.56, "faixa_id": 2, "classe": "0.50–1.50 m", "_coa_length_m": 0.72, "_coa_class": "0,50–1,50 m" }, "geometry": { "type": "MultiLineString", "coordinates": [ [ [ -49.5705526, -20.4023478 ], [ -49.5705595, -20.4023486 ] ] ] } },
{ "type": "Feature", "properties": { "linha_id": 98, "comp_m": 0.64, "ini_m": 230.92, "fim_m": 231.56, "faixa_id": 2, "classe": "0.50–1.50 m", "_coa_length_m": 0.64, "_coa_class": "0,50–1,50 m" }, "geometry": { "type": "MultiLineString", "coordinates": [ [ [ -49.5726681, -20.4025617 ], [ -49.5726742, -20.4025623 ] ] ] } },
{ "type": "Feature", "properties": { "linha_id": 98, "comp_m": 0.8, "ini_m": 316.84, "fim_m": 317.64, "faixa_id": 2, "classe": "0.50–1.50 m", "_coa_length_m": 0.8, "_coa_class": "0,50–1,50 m" }, "geometry": { "type": "MultiLineString", "coordinates": [ [ [ -49.5734867, -20.4026439 ], [ -49.5734943, -20.4026446 ] ] ] } },
{ "type": "Feature", "properties": { "linha_id": 98, "comp_m": 1.2, "ini_m": 445.56, "fim_m": 446.76, "faixa_id": 2, "classe": "0.50–1.50 m", "_coa_length_m": 1.2, "_coa_class": "0,50–1,50 m" }, "geometry": { "type": "MultiLineString", "coordinates": [ [ [ -49.5747121, -20.4027676 ], [ -49.5747139, -20.4027678 ], [ -49.5747205, -20.4027685 ], [ -49.5747235, -20.4027689 ] ] ] } },
{ "type": "Feature", "properties": { "linha_id": 99, "comp_m": 0.56, "ini_m": 0.12, "fim_m": 0.68, "faixa_id": 2, "classe": "0.50–1.50 m", "_coa_length_m": 0.56, "_coa_class": "0,50–1,50 m" }, "geometry": { "type": "MultiLineString", "coordinates": [ [ [ -49.5705196, -20.402154 ], [ -49.570525, -20.4021543 ] ] ] } },
{ "type": "Feature", "properties": { "linha_id": 99, "comp_m": 0.96, "ini_m": 375.08, "fim_m": 376.04, "faixa_id": 2, "classe": "0.50–1.50 m", "_coa_length_m": 0.96, "_coa_class": "0,50–1,50 m" }, "geometry": { "type": "MultiLineString", "coordinates": [ [ [ -49.5740887, -20.4025137 ], [ -49.5740958, -20.4025143 ], [ -49.5740979, -20.4025145 ] ] ] } },
{ "type": "Feature", "properties": { "linha_id": 100, "comp_m": 0.56, "ini_m": 371.08, "fim_m": 371.64, "faixa_id": 2, "classe": "0.50–1.50 m", "_coa_length_m": 0.56, "_coa_class": "0,50–1,50 m" }, "geometry": { "type": "MultiLineString", "coordinates": [ [ [ -49.5740514, -20.40258 ], [ -49.5740532, -20.4025802 ], [ -49.5740557, -20.4025804 ], [ -49.5740568, -20.4025805 ] ] ] } },
{ "type": "Feature", "properties": { "linha_id": 100, "comp_m": 0.56, "ini_m": 377.08, "fim_m": 377.64, "faixa_id": 2, "classe": "0.50–1.50 m", "_coa_length_m": 0.56, "_coa_class": "0,50–1,50 m" }, "geometry": { "type": "MultiLineString", "coordinates": [ [ [ -49.5741086, -20.4025856 ], [ -49.5741105, -20.4025857 ], [ -49.574113, -20.402586 ], [ -49.574114, -20.402586 ] ] ] } },
{ "type": "Feature", "properties": { "linha_id": 100, "comp_m": 0.64, "ini_m": 443.4, "fim_m": 444.04, "faixa_id": 2, "classe": "0.50–1.50 m", "_coa_length_m": 0.64, "_coa_class": "0,50–1,50 m" }, "geometry": { "type": "MultiLineString", "coordinates": [ [ [ -49.5747403, -20.4026483 ], [ -49.5747444, -20.4026487 ], [ -49.5747464, -20.4026489 ] ] ] } },
{ "type": "Feature", "properties": { "linha_id": 101, "comp_m": 2.52, "ini_m": 0.0, "fim_m": 2.52, "faixa_id": 3, "classe": "1.50–3.00 m", "_coa_length_m": 2.52, "_coa_class": "1,50–3,00 m" }, "geometry": { "type": "MultiLineString", "coordinates": [ [ [ -49.5704403, -20.402416 ], [ -49.5704642, -20.4024191 ] ] ] } },
{ "type": "Feature", "properties": { "linha_id": 101, "comp_m": 0.56, "ini_m": 2.76, "fim_m": 3.32, "faixa_id": 2, "classe": "0.50–1.50 m", "_coa_length_m": 0.56, "_coa_class": "0,50–1,50 m" }, "geometry": { "type": "MultiLineString", "coordinates": [ [ [ -49.5704665, -20.4024194 ], [ -49.5704718, -20.40242 ] ] ] } },
{ "type": "Feature", "properties": { "linha_id": 101, "comp_m": 1.28, "ini_m": 4.04, "fim_m": 5.32, "faixa_id": 2, "classe": "0.50–1.50 m", "_coa_length_m": 1.28, "_coa_class": "0,50–1,50 m" }, "geometry": { "type": "MultiLineString", "coordinates": [ [ [ -49.5704787, -20.4024207 ], [ -49.5704909, -20.4024221 ], [ -49.5704909, -20.4024221 ] ] ] } },
{ "type": "Feature", "properties": { "linha_id": 101, "comp_m": 0.64, "ini_m": 6.36, "fim_m": 7.0, "faixa_id": 2, "classe": "0.50–1.50 m", "_coa_length_m": 0.64, "_coa_class": "0,50–1,50 m" }, "geometry": { "type": "MultiLineString", "coordinates": [ [ [ -49.5705008, -20.402423 ], [ -49.5705069, -20.4024236 ] ] ] } },
{ "type": "Feature", "properties": { "linha_id": 102, "comp_m": 1.84, "ini_m": 0.44, "fim_m": 2.28, "faixa_id": 3, "classe": "1.50–3.00 m", "_coa_length_m": 1.84, "_coa_class": "1,50–3,00 m" }, "geometry": { "type": "MultiLineString", "coordinates": [ [ [ -49.5704614, -20.4023791 ], [ -49.570466, -20.4023796 ], [ -49.5704749, -20.4023805 ], [ -49.570479, -20.4023808 ] ] ] } },
{ "type": "Feature", "properties": { "linha_id": 102, "comp_m": 1.096, "ini_m": 451.56, "fim_m": 452.656, "faixa_id": 2, "classe": "0.50–1.50 m", "_coa_length_m": 1.096, "_coa_class": "0,50–1,50 m" }, "geometry": { "type": "MultiLineString", "coordinates": [ [ [ -49.5747557, -20.4028138 ], [ -49.5747604, -20.4028144 ], [ -49.5747661, -20.402815 ] ] ] } },
{ "type": "Feature", "properties": { "linha_id": 103, "comp_m": 3.0, "ini_m": 0.0, "fim_m": 3.0, "faixa_id": 3, "classe": "1.50–3.00 m", "_coa_length_m": 3.0, "_coa_class": "3,00–5,00 m" }, "geometry": { "type": "MultiLineString", "coordinates": [ [ [ -49.570504, -20.4021143 ], [ -49.5705049, -20.4021143 ], [ -49.5705058, -20.4021144 ], [ -49.5705067, -20.4021145 ], [ -49.5705077, -20.4021145 ], [ -49.5705086, -20.4021146 ], [ -49.5705095, -20.4021147 ], [ -49.5705104, -20.4021147 ], [ -49.5705113, -20.4021148 ], [ -49.5705122, -20.4021149 ], [ -49.5705132, -20.4021149 ], [ -49.5705141, -20.402115 ], [ -49.570515, -20.4021151 ], [ -49.5705159, -20.4021151 ], [ -49.5705168, -20.4021152 ], [ -49.5705178, -20.4021152 ], [ -49.5705187, -20.4021153 ], [ -49.5705196, -20.4021154 ], [ -49.5705205, -20.4021154 ], [ -49.5705214, -20.4021155 ], [ -49.5705224, -20.4021155 ], [ -49.5705233, -20.4021156 ], [ -49.5705242, -20.4021156 ], [ -49.5705251, -20.4021157 ], [ -49.5705261, -20.4021157 ], [ -49.570527, -20.4021158 ], [ -49.5705279, -20.4021159 ], [ -49.5705288, -20.4021159 ], [ -49.5705298, -20.402116 ], [ -49.5705307, -20.402116 ], [ -49.5705316, -20.4021161 ], [ -49.5705325, -20.4021161 ], [ -49.5705327, -20.4021161 ] ] ] } },
{ "type": "Feature", "properties": { "linha_id": 103, "comp_m": 0.8, "ini_m": 8.84, "fim_m": 9.64, "faixa_id": 2, "classe": "0.50–1.50 m", "_coa_length_m": 0.8, "_coa_class": "0,50–1,50 m" }, "geometry": { "type": "MultiLineString", "coordinates": [ [ [ -49.5705885, -20.4021202 ], [ -49.5705891, -20.4021202 ], [ -49.57059, -20.4021203 ], [ -49.5705909, -20.4021204 ], [ -49.5705918, -20.4021205 ], [ -49.5705927, -20.4021206 ], [ -49.5705936, -20.4021207 ], [ -49.5705945, -20.4021209 ], [ -49.5705954, -20.402121 ], [ -49.5705954, -20.4021209 ], [ -49.5705959, -20.4021209 ] ] ] } },
{ "type": "Feature", "properties": { "linha_id": 103, "comp_m": 0.8, "ini_m": 18.2, "fim_m": 19.0, "faixa_id": 2, "classe": "0.50–1.50 m", "_coa_length_m": 0.8, "_coa_class": "0,50–1,50 m" }, "geometry": { "type": "MultiLineString", "coordinates": [ [ [ -49.5706775, -20.4021287 ], [ -49.5706817, -20.402129 ], [ -49.5706851, -20.4021293 ] ] ] } },
{ "type": "Feature", "properties": { "linha_id": 103, "comp_m": 0.56, "ini_m": 327.56, "fim_m": 328.12, "faixa_id": 2, "classe": "0.50–1.50 m", "_coa_length_m": 0.56, "_coa_class": "0,50–1,50 m" }, "geometry": { "type": "MultiLineString", "coordinates": [ [ [ -49.5736244, -20.4024267 ], [ -49.5736297, -20.4024273 ] ] ] } },
{ "type": "Feature", "properties": { "linha_id": 103, "comp_m": 0.88, "ini_m": 331.48, "fim_m": 332.36, "faixa_id": 2, "classe": "0.50–1.50 m", "_coa_length_m": 0.88, "_coa_class": "0,50–1,50 m" }, "geometry": { "type": "MultiLineString", "coordinates": [ [ [ -49.5736616, -20.4024314 ], [ -49.57367, -20.4024323 ] ] ] } },
{ "type": "Feature", "properties": { "linha_id": 103, "comp_m": 0.56, "ini_m": 369.8, "fim_m": 370.36, "faixa_id": 2, "classe": "0.50–1.50 m", "_coa_length_m": 0.56, "_coa_class": "0,50–1,50 m" }, "geometry": { "type": "MultiLineString", "coordinates": [ [ [ -49.5740264, -20.4024672 ], [ -49.5740317, -20.4024678 ] ] ] } },
{ "type": "Feature", "properties": { "linha_id": 103, "comp_m": 0.64, "ini_m": 371.32, "fim_m": 371.96, "faixa_id": 2, "classe": "0.50–1.50 m", "_coa_length_m": 0.64, "_coa_class": "0,50–1,50 m" }, "geometry": { "type": "MultiLineString", "coordinates": [ [ [ -49.5740409, -20.4024688 ], [ -49.5740457, -20.4024693 ], [ -49.574047, -20.4024694 ] ] ] } },
{ "type": "Feature", "properties": { "linha_id": 103, "comp_m": 0.56, "ini_m": 401.48, "fim_m": 402.04, "faixa_id": 2, "classe": "0.50–1.50 m", "_coa_length_m": 0.56, "_coa_class": "0,50–1,50 m" }, "geometry": { "type": "MultiLineString", "coordinates": [ [ [ -49.5743282, -20.4024976 ], [ -49.5743307, -20.4024979 ], [ -49.5743335, -20.4024982 ] ] ] } },
{ "type": "Feature", "properties": { "linha_id": 103, "comp_m": 1.84, "ini_m": 424.28, "fim_m": 426.12, "faixa_id": 3, "classe": "1.50–3.00 m", "_coa_length_m": 1.84, "_coa_class": "1,50–3,00 m" }, "geometry": { "type": "MultiLineString", "coordinates": [ [ [ -49.5745444, -20.4025191 ], [ -49.574545, -20.4025191 ], [ -49.5745476, -20.4025193 ], [ -49.5745501, -20.4025196 ], [ -49.5745527, -20.4025198 ], [ -49.5745553, -20.40252 ], [ -49.5745579, -20.4025202 ], [ -49.5745605, -20.4025205 ], [ -49.5745619, -20.4025206 ] ] ] } },
{ "type": "Feature", "properties": { "linha_id": 103, "comp_m": 2.56, "ini_m": 432.6, "fim_m": 435.16, "faixa_id": 3, "classe": "1.50–3.00 m", "_coa_length_m": 2.56, "_coa_class": "1,50–3,00 m" }, "geometry": { "type": "MultiLineString", "coordinates": [ [ [ -49.5746237, -20.4025266 ], [ -49.5746248, -20.4025267 ], [ -49.5746273, -20.402527 ], [ -49.5746299, -20.4025273 ], [ -49.5746325, -20.4025276 ], [ -49.574635, -20.4025278 ], [ -49.5746376, -20.4025281 ], [ -49.5746401, -20.4025284 ], [ -49.5746427, -20.4025286 ], [ -49.5746453, -20.4025289 ], [ -49.5746478, -20.4025292 ], [ -49.574648, -20.4025292 ] ] ] } },
{ "type": "Feature", "properties": { "linha_id": 104, "comp_m": 1.0, "ini_m": 0.0, "fim_m": 1.0, "faixa_id": 2, "classe": "0.50–1.50 m", "_coa_length_m": 1.0, "_coa_class": "0,50–1,50 m" }, "geometry": { "type": "MultiLineString", "coordinates": [ [ [ -49.5705175, -20.4021672 ], [ -49.570525, -20.4021676 ], [ -49.5705271, -20.4021678 ] ] ] } },
{ "type": "Feature", "properties": { "linha_id": 104, "comp_m": 0.72, "ini_m": 260.2, "fim_m": 260.92, "faixa_id": 2, "classe": "0.50–1.50 m", "_coa_length_m": 0.72, "_coa_class": "0,50–1,50 m" }, "geometry": { "type": "MultiLineString", "coordinates": [ [ [ -49.5729959, -20.402418 ], [ -49.5729964, -20.402418 ], [ -49.5730006, -20.4024184 ], [ -49.5730027, -20.4024186 ] ] ] } },
{ "type": "Feature", "properties": { "linha_id": 104, "comp_m": 1.6, "ini_m": 438.36, "fim_m": 439.96, "faixa_id": 3, "classe": "1.50–3.00 m", "_coa_length_m": 1.6, "_coa_class": "1,50–3,00 m" }, "geometry": { "type": "MultiLineString", "coordinates": [ [ [ -49.5746929, -20.4025894 ], [ -49.5746948, -20.4025897 ], [ -49.5747081, -20.4025912 ] ] ] } },
{ "type": "Feature", "properties": { "linha_id": 105, "comp_m": 2.08, "ini_m": 2.04, "fim_m": 4.12, "faixa_id": 3, "classe": "1.50–3.00 m", "_coa_length_m": 2.08, "_coa_class": "1,50–3,00 m" }, "geometry": { "type": "MultiLineString", "coordinates": [ [ [ -49.574745, -20.4026913 ], [ -49.5747424, -20.4026911 ], [ -49.5747317, -20.4026899 ], [ -49.5747253, -20.4026889 ] ] ] } },
{ "type": "Feature", "properties": { "linha_id": 105, "comp_m": 0.64, "ini_m": 5.64, "fim_m": 6.28, "faixa_id": 2, "classe": "0.50–1.50 m", "_coa_length_m": 0.64, "_coa_class": "0,50–1,50 m" }, "geometry": { "type": "MultiLineString", "coordinates": [ [ [ -49.5747109, -20.4026864 ], [ -49.5747108, -20.4026864 ], [ -49.5747049, -20.4026855 ] ] ] } },
{ "type": "Feature", "properties": { "linha_id": 105, "comp_m": 0.56, "ini_m": 8.92, "fim_m": 9.48, "faixa_id": 2, "classe": "0.50–1.50 m", "_coa_length_m": 0.56, "_coa_class": "0,50–1,50 m" }, "geometry": { "type": "MultiLineString", "coordinates": [ [ [ -49.5746798, -20.4026822 ], [ -49.574679, -20.4026821 ], [ -49.5746745, -20.4026817 ] ] ] } },
{ "type": "Feature", "properties": { "linha_id": 105, "comp_m": 1.12, "ini_m": 428.76, "fim_m": 429.88, "faixa_id": 2, "classe": "0.50–1.50 m", "_coa_length_m": 1.12, "_coa_class": "0,50–1,50 m" }, "geometry": { "type": "MultiLineString", "coordinates": [ [ [ -49.5706802, -20.4022787 ], [ -49.5706787, -20.4022786 ], [ -49.5706696, -20.4022775 ] ] ] } },
{ "type": "Feature", "properties": { "linha_id": 105, "comp_m": 1.375, "ini_m": 449.48, "fim_m": 450.855, "faixa_id": 2, "classe": "0.50–1.50 m", "_coa_length_m": 1.376, "_coa_class": "0,50–1,50 m" }, "geometry": { "type": "MultiLineString", "coordinates": [ [ [ -49.570483, -20.402261 ], [ -49.5704829, -20.402261 ], [ -49.5704823, -20.402261 ], [ -49.5704817, -20.402261 ], [ -49.5704811, -20.402261 ], [ -49.5704805, -20.402261 ], [ -49.5704799, -20.402261 ], [ -49.5704793, -20.402261 ], [ -49.5704787, -20.402261 ], [ -49.5704781, -20.402261 ], [ -49.5704775, -20.402261 ], [ -49.5704769, -20.4022611 ], [ -49.5704764, -20.4022611 ], [ -49.5704758, -20.4022611 ], [ -49.5704752, -20.4022612 ], [ -49.5704746, -20.4022612 ], [ -49.570474, -20.4022612 ], [ -49.5704734, -20.4022613 ], [ -49.5704728, -20.4022613 ], [ -49.5704722, -20.4022614 ], [ -49.5704716, -20.4022614 ], [ -49.570471, -20.4022615 ], [ -49.5704704, -20.4022615 ], [ -49.5704698, -20.4022616 ] ] ] } },
{ "type": "Feature", "properties": { "linha_id": 106, "comp_m": 0.76, "ini_m": 0.0, "fim_m": 0.76, "faixa_id": 2, "classe": "0.50–1.50 m", "_coa_length_m": 0.76, "_coa_class": "0,50–1,50 m" }, "geometry": { "type": "MultiLineString", "coordinates": [ [ [ -49.5705089, -20.4021404 ], [ -49.5705162, -20.4021413 ] ] ] } },
{ "type": "Feature", "properties": { "linha_id": 106, "comp_m": 0.88, "ini_m": 13.4, "fim_m": 14.28, "faixa_id": 2, "classe": "0.50–1.50 m", "_coa_length_m": 0.88, "_coa_class": "0,50–1,50 m" }, "geometry": { "type": "MultiLineString", "coordinates": [ [ [ -49.5706367, -20.4021513 ], [ -49.5706451, -20.4021522 ] ] ] } },
{ "type": "Feature", "properties": { "linha_id": 106, "comp_m": 0.72, "ini_m": 33.24, "fim_m": 33.96, "faixa_id": 2, "classe": "0.50–1.50 m", "_coa_length_m": 0.72, "_coa_class": "0,50–1,50 m" }, "geometry": { "type": "MultiLineString", "coordinates": [ [ [ -49.5708258, -20.4021702 ], [ -49.5708326, -20.4021709 ] ] ] } },
{ "type": "Feature", "properties": { "linha_id": 106, "comp_m": 1.68, "ini_m": 331.56, "fim_m": 333.24, "faixa_id": 3, "classe": "1.50–3.00 m", "_coa_length_m": 1.68, "_coa_class": "1,50–3,00 m" }, "geometry": { "type": "MultiLineString", "coordinates": [ [ [ -49.5736674, -20.4024583 ], [ -49.573669, -20.4024585 ], [ -49.5736755, -20.4024593 ], [ -49.5736821, -20.4024601 ], [ -49.5736833, -20.4024602 ] ] ] } },
{ "type": "Feature", "properties": { "linha_id": 106, "comp_m": 2.08, "ini_m": 334.04, "fim_m": 336.12, "faixa_id": 3, "classe": "1.50–3.00 m", "_coa_length_m": 2.08, "_coa_class": "1,50–3,00 m" }, "geometry": { "type": "MultiLineString", "coordinates": [ [ [ -49.5736909, -20.4024611 ], [ -49.5736952, -20.4024616 ], [ -49.5737018, -20.4024624 ], [ -49.5737084, -20.4024631 ], [ -49.5737107, -20.4024634 ] ] ] } },
{ "type": "Feature", "properties": { "linha_id": 106, "comp_m": 1.36, "ini_m": 336.6, "fim_m": 337.96, "faixa_id": 2, "classe": "0.50–1.50 m", "_coa_length_m": 1.36, "_coa_class": "0,50–1,50 m" }, "geometry": { "type": "MultiLineString", "coordinates": [ [ [ -49.5737153, -20.4024639 ], [ -49.5737215, -20.4024646 ], [ -49.5737281, -20.4024653 ], [ -49.5737282, -20.4024653 ] ] ] } },
{ "type": "Feature", "properties": { "linha_id": 106, "comp_m": 3.04, "ini_m": 340.84, "fim_m": 343.88, "faixa_id": 4, "classe": "3.00–5.00 m", "_coa_length_m": 3.04, "_coa_class": "3,00–5,00 m" }, "geometry": { "type": "MultiLineString", "coordinates": [ [ [ -49.5737556, -20.4024682 ], [ -49.5737611, -20.4024688 ], [ -49.5737677, -20.4024696 ], [ -49.5737743, -20.4024703 ], [ -49.5737808, -20.4024711 ], [ -49.5737846, -20.4024715 ] ] ] } },
{ "type": "Feature", "properties": { "linha_id": 106, "comp_m": 1.12, "ini_m": 350.92, "fim_m": 352.04, "faixa_id": 2, "classe": "0.50–1.50 m", "_coa_length_m": 1.12, "_coa_class": "0,50–1,50 m" }, "geometry": { "type": "MultiLineString", "coordinates": [ [ [ -49.5738517, -20.4024776 ], [ -49.5738539, -20.4024778 ], [ -49.5738604, -20.4024786 ], [ -49.5738624, -20.4024788 ] ] ] } },
{ "type": "Feature", "properties": { "linha_id": 106, "comp_m": 0.56, "ini_m": 353.32, "fim_m": 353.88, "faixa_id": 2, "classe": "0.50–1.50 m", "_coa_length_m": 0.56, "_coa_class": "0,50–1,50 m" }, "geometry": { "type": "MultiLineString", "coordinates": [ [ [ -49.5738739, -20.4024799 ], [ -49.5738792, -20.40248 ] ] ] } },
{ "type": "Feature", "properties": { "linha_id": 106, "comp_m": 1.6, "ini_m": 378.68, "fim_m": 380.28, "faixa_id": 3, "classe": "1.50–3.00 m", "_coa_length_m": 1.6, "_coa_class": "1,50–3,00 m" }, "geometry": { "type": "MultiLineString", "coordinates": [ [ [ -49.5741155, -20.4025032 ], [ -49.5741195, -20.4025036 ], [ -49.5741286, -20.4025045 ], [ -49.5741308, -20.4025048 ] ] ] } },
{ "type": "Feature", "properties": { "linha_id": 106, "comp_m": 0.56, "ini_m": 396.04, "fim_m": 396.6, "faixa_id": 2, "classe": "0.50–1.50 m", "_coa_length_m": 0.56, "_coa_class": "0,50–1,50 m" }, "geometry": { "type": "MultiLineString", "coordinates": [ [ [ -49.5742809, -20.4025201 ], [ -49.5742832, -20.4025203 ], [ -49.5742862, -20.4025206 ] ] ] } },
{ "type": "Feature", "properties": { "linha_id": 106, "comp_m": 0.72, "ini_m": 427.4, "fim_m": 428.12, "faixa_id": 2, "classe": "0.50–1.50 m", "_coa_length_m": 0.72, "_coa_class": "0,50–1,50 m" }, "geometry": { "type": "MultiLineString", "coordinates": [ [ [ -49.5745798, -20.4025482 ], [ -49.5745844, -20.4025487 ], [ -49.5745867, -20.402549 ] ] ] } },
{ "type": "Feature", "properties": { "linha_id": 106, "comp_m": 0.56, "ini_m": 436.44, "fim_m": 437.0, "faixa_id": 2, "classe": "0.50–1.50 m", "_coa_length_m": 0.56, "_coa_class": "0,50–1,50 m" }, "geometry": { "type": "MultiLineString", "coordinates": [ [ [ -49.5746657, -20.4025589 ], [ -49.574671, -20.4025594 ] ] ] } },
{ "type": "Feature", "properties": { "linha_id": 107, "comp_m": 1.32, "ini_m": 0.0, "fim_m": 1.32, "faixa_id": 2, "classe": "0.50–1.50 m", "_coa_length_m": 1.32, "_coa_class": "0,50–1,50 m" }, "geometry": { "type": "MultiLineString", "coordinates": [ [ [ -49.5704564, -20.4024065 ], [ -49.5704643, -20.402407 ], [ -49.5704691, -20.4024073 ] ] ] } },
{ "type": "Feature", "properties": { "linha_id": 107, "comp_m": 1.28, "ini_m": 2.12, "fim_m": 3.4, "faixa_id": 2, "classe": "0.50–1.50 m", "_coa_length_m": 1.28, "_coa_class": "0,50–1,50 m" }, "geometry": { "type": "MultiLineString", "coordinates": [ [ [ -49.5704767, -20.4024078 ], [ -49.57048, -20.402408 ], [ -49.5704879, -20.4024089 ], [ -49.5704889, -20.402409 ] ] ] } },
{ "type": "Feature", "properties": { "linha_id": 107, "comp_m": 1.6, "ini_m": 5.16, "fim_m": 6.76, "faixa_id": 3, "classe": "1.50–3.00 m", "_coa_length_m": 1.6, "_coa_class": "1,50–3,00 m" }, "geometry": { "type": "MultiLineString", "coordinates": [ [ [ -49.5705056, -20.4024115 ], [ -49.5705116, -20.4024124 ], [ -49.5705195, -20.4024134 ], [ -49.5705207, -20.4024136 ] ] ] } },
{ "type": "Feature", "properties": { "linha_id": 107, "comp_m": 1.04, "ini_m": 7.72, "fim_m": 8.76, "faixa_id": 2, "classe": "0.50–1.50 m", "_coa_length_m": 1.04, "_coa_class": "0,50–1,50 m" }, "geometry": { "type": "MultiLineString", "coordinates": [ [ [ -49.5705299, -20.4024144 ], [ -49.5705357, -20.4024149 ], [ -49.5705398, -20.4024153 ] ] ] } },
{ "type": "Feature", "properties": { "linha_id": 107, "comp_m": 0.96, "ini_m": 29.16, "fim_m": 30.12, "faixa_id": 2, "classe": "0.50–1.50 m", "_coa_length_m": 0.96, "_coa_class": "0,50–1,50 m" }, "geometry": { "type": "MultiLineString", "coordinates": [ [ [ -49.5707342, -20.4024342 ], [ -49.5707371, -20.4024345 ], [ -49.5707434, -20.4024352 ] ] ] } },
{ "type": "Feature", "properties": { "linha_id": 107, "comp_m": 0.56, "ini_m": 32.92, "fim_m": 33.48, "faixa_id": 2, "classe": "0.50–1.50 m", "_coa_length_m": 0.56, "_coa_class": "0,50–1,50 m" }, "geometry": { "type": "MultiLineString", "coordinates": [ [ [ -49.57077, -20.4024378 ], [ -49.5707754, -20.4024383 ] ] ] } },
{ "type": "Feature", "properties": { "linha_id": 107, "comp_m": 0.56, "ini_m": 33.56, "fim_m": 34.12, "faixa_id": 2, "classe": "0.50–1.50 m", "_coa_length_m": 0.56, "_coa_class": "0,50–1,50 m" }, "geometry": { "type": "MultiLineString", "coordinates": [ [ [ -49.5707762, -20.4024384 ], [ -49.5707774, -20.4024385 ], [ -49.5707815, -20.4024388 ] ] ] } },
{ "type": "Feature", "properties": { "linha_id": 107, "comp_m": 1.04, "ini_m": 337.08, "fim_m": 338.12, "faixa_id": 2, "classe": "0.50–1.50 m", "_coa_length_m": 1.04, "_coa_class": "0,50–1,50 m" }, "geometry": { "type": "MultiLineString", "coordinates": [ [ [ -49.5736665, -20.4027308 ], [ -49.573667, -20.4027308 ], [ -49.5736687, -20.402731 ], [ -49.5736703, -20.4027311 ], [ -49.573672, -20.4027313 ], [ -49.5736737, -20.4027315 ], [ -49.5736753, -20.4027316 ], [ -49.5736764, -20.4027317 ] ] ] } },
{ "type": "Feature", "properties": { "linha_id": 107, "comp_m": 0.56, "ini_m": 418.44, "fim_m": 419.0, "faixa_id": 2, "classe": "0.50–1.50 m", "_coa_length_m": 0.56, "_coa_class": "0,50–1,50 m" }, "geometry": { "type": "MultiLineString", "coordinates": [ [ [ -49.5744412, -20.4028084 ], [ -49.5744438, -20.4028087 ], [ -49.5744465, -20.402809 ] ] ] } },
{ "type": "Feature", "properties": { "linha_id": 108, "comp_m": 3.04, "ini_m": 0.76, "fim_m": 3.8, "faixa_id": 4, "classe": "3.00–5.00 m", "_coa_length_m": 3.04, "_coa_class": "3,00–5,00 m" }, "geometry": { "type": "MultiLineString", "coordinates": [ [ [ -49.5704768, -20.4022719 ], [ -49.5704772, -20.4022719 ], [ -49.5704776, -20.402272 ], [ -49.570478, -20.402272 ], [ -49.5704784, -20.402272 ], [ -49.5704788, -20.4022721 ], [ -49.5704792, -20.4022721 ], [ -49.5704796, -20.4022721 ], [ -49.57048, -20.4022722 ], [ -49.5704804, -20.4022722 ], [ -49.5704809, -20.4022722 ], [ -49.5704813, -20.4022722 ], [ -49.5704817, -20.4022723 ], [ -49.5704821, -20.4022723 ], [ -49.5704825, -20.4022723 ], [ -49.5704829, -20.4022723 ], [ -49.5704834, -20.4022723 ], [ -49.5704838, -20.4022724 ], [ -49.5704842, -20.4022724 ], [ -49.5704846, -20.4022724 ], [ -49.570485, -20.4022724 ], [ -49.5704855, -20.4022724 ], [ -49.5704859, -20.4022724 ], [ -49.5704863, -20.4022724 ], [ -49.5704867, -20.4022724 ], [ -49.5704872, -20.4022724 ], [ -49.5704876, -20.4022724 ], [ -49.570488, -20.4022724 ], [ -49.5704884, -20.4022724 ], [ -49.5704888, -20.4022725 ], [ -49.5704893, -20.4022725 ], [ -49.5704897, -20.4022725 ], [ -49.5704901, -20.4022725 ], [ -49.5704905, -20.4022725 ], [ -49.570491, -20.4022725 ], [ -49.5704914, -20.4022725 ], [ -49.5704918, -20.4022725 ], [ -49.5704922, -20.4022725 ], [ -49.5704927, -20.4022725 ], [ -49.5704931, -20.4022725 ], [ -49.5704935, -20.4022725 ], [ -49.5704939, -20.4022725 ], [ -49.5704944, -20.4022725 ], [ -49.5704948, -20.4022725 ], [ -49.5704952, -20.4022725 ], [ -49.5704956, -20.4022725 ], [ -49.570496, -20.4022726 ], [ -49.5704965, -20.4022726 ], [ -49.5704969, -20.4022726 ], [ -49.5704973, -20.4022726 ], [ -49.5704977, -20.4022726 ], [ -49.5704982, -20.4022726 ], [ -49.5704986, -20.4022726 ], [ -49.570499, -20.4022727 ], [ -49.5704994, -20.4022727 ], [ -49.5704998, -20.4022727 ], [ -49.5705002, -20.4022727 ], [ -49.5705007, -20.4022728 ], [ -49.5705011, -20.4022728 ], [ -49.5705015, -20.4022728 ], [ -49.5705019, -20.4022728 ], [ -49.5705023, -20.4022729 ], [ -49.5705027, -20.4022729 ], [ -49.5705031, -20.402273 ], [ -49.5705035, -20.402273 ], [ -49.570504, -20.402273 ], [ -49.5705044, -20.4022731 ], [ -49.5705048, -20.4022731 ], [ -49.5705052, -20.4022732 ], [ -49.5705056, -20.4022732 ], [ -49.5705058, -20.4022733 ] ] ] } },
{ "type": "Feature", "properties": { "linha_id": 108, "comp_m": 0.72, "ini_m": 23.96, "fim_m": 24.68, "faixa_id": 2, "classe": "0.50–1.50 m", "_coa_length_m": 0.72, "_coa_class": "0,50–1,50 m" }, "geometry": { "type": "MultiLineString", "coordinates": [ [ [ -49.5706977, -20.4022934 ], [ -49.570702, -20.4022938 ], [ -49.5707045, -20.402294 ] ] ] } },
{ "type": "Feature", "properties": { "linha_id": 108, "comp_m": 0.56, "ini_m": 360.36, "fim_m": 360.92, "faixa_id": 2, "classe": "0.50–1.50 m", "_coa_length_m": 0.56, "_coa_class": "0,50–1,50 m" }, "geometry": { "type": "MultiLineString", "coordinates": [ [ [ -49.5738999, -20.4026174 ], [ -49.5739009, -20.4026175 ], [ -49.5739052, -20.402618 ] ] ] } },
{ "type": "Feature", "properties": { "linha_id": 108, "comp_m": 0.8, "ini_m": 430.76, "fim_m": 431.56, "faixa_id": 2, "classe": "0.50–1.50 m", "_coa_length_m": 0.8, "_coa_class": "0,50–1,50 m" }, "geometry": { "type": "MultiLineString", "coordinates": [ [ [ -49.5745704, -20.4026859 ], [ -49.5745781, -20.4026867 ] ] ] } },
{ "type": "Feature", "properties": { "linha_id": 108, "comp_m": 0.96, "ini_m": 448.36, "fim_m": 449.32, "faixa_id": 2, "classe": "0.50–1.50 m", "_coa_length_m": 0.96, "_coa_class": "0,50–1,50 m" }, "geometry": { "type": "MultiLineString", "coordinates": [ [ [ -49.5747381, -20.4027029 ], [ -49.5747383, -20.4027029 ], [ -49.5747473, -20.4027037 ] ] ] } },
{ "type": "Feature", "properties": { "linha_id": 109, "comp_m": 0.92, "ini_m": 0.0, "fim_m": 0.92, "faixa_id": 2, "classe": "0.50–1.50 m", "_coa_length_m": 0.92, "_coa_class": "0,50–1,50 m" }, "geometry": { "type": "MultiLineString", "coordinates": [ [ [ -49.5725272, -20.4011739 ], [ -49.5725286, -20.4011739 ], [ -49.5725299, -20.4011739 ], [ -49.5725313, -20.401174 ], [ -49.5725326, -20.401174 ], [ -49.5725339, -20.401174 ], [ -49.5725353, -20.401174 ], [ -49.572536, -20.401174 ] ] ] } },
{ "type": "Feature", "properties": { "linha_id": 109, "comp_m": 0.64, "ini_m": 198.04, "fim_m": 198.68, "faixa_id": 2, "classe": "0.50–1.50 m", "_coa_length_m": 0.64, "_coa_class": "0,50–1,50 m" }, "geometry": { "type": "MultiLineString", "coordinates": [ [ [ -49.5744131, -20.4013614 ], [ -49.5744148, -20.4013616 ], [ -49.5744192, -20.4013621 ] ] ] } },
{ "type": "Feature", "properties": { "linha_id": 110, "comp_m": 1.84, "ini_m": 0.68, "fim_m": 2.52, "faixa_id": 3, "classe": "1.50–3.00 m", "_coa_length_m": 1.84, "_coa_class": "1,50–3,00 m" }, "geometry": { "type": "MultiLineString", "coordinates": [ [ [ -49.5704783, -20.4022446 ], [ -49.5704848, -20.4022442 ], [ -49.5704913, -20.4022439 ], [ -49.5704958, -20.4022445 ] ] ] } },
{ "type": "Feature", "properties": { "linha_id": 110, "comp_m": 0.8, "ini_m": 3.48, "fim_m": 4.28, "faixa_id": 2, "classe": "0.50–1.50 m", "_coa_length_m": 0.8, "_coa_class": "0,50–1,50 m" }, "geometry": { "type": "MultiLineString", "coordinates": [ [ [ -49.5705049, -20.4022459 ], [ -49.5705102, -20.4022464 ], [ -49.5705125, -20.4022466 ] ] ] } },
{ "type": "Feature", "properties": { "linha_id": 110, "comp_m": 0.64, "ini_m": 7.48, "fim_m": 8.12, "faixa_id": 2, "classe": "0.50–1.50 m", "_coa_length_m": 0.64, "_coa_class": "0,50–1,50 m" }, "geometry": { "type": "MultiLineString", "coordinates": [ [ [ -49.5705429, -20.4022502 ], [ -49.5705485, -20.4022508 ], [ -49.570549, -20.4022509 ] ] ] } },
{ "type": "Feature", "properties": { "linha_id": 110, "comp_m": 0.56, "ini_m": 35.32, "fim_m": 35.88, "faixa_id": 2, "classe": "0.50–1.50 m", "_coa_length_m": 0.56, "_coa_class": "0,50–1,50 m" }, "geometry": { "type": "MultiLineString", "coordinates": [ [ [ -49.5708081, -20.4022777 ], [ -49.5708114, -20.402278 ], [ -49.5708134, -20.4022782 ] ] ] } },
{ "type": "Feature", "properties": { "linha_id": 110, "comp_m": 1.28, "ini_m": 56.84, "fim_m": 58.12, "faixa_id": 2, "classe": "0.50–1.50 m", "_coa_length_m": 1.28, "_coa_class": "0,50–1,50 m" }, "geometry": { "type": "MultiLineString", "coordinates": [ [ [ -49.571013, -20.4022992 ], [ -49.5710164, -20.4022996 ], [ -49.5710228, -20.4023003 ], [ -49.5710252, -20.4023006 ] ] ] } },
{ "type": "Feature", "properties": { "linha_id": 110, "comp_m": 1.04, "ini_m": 375.24, "fim_m": 376.28, "faixa_id": 2, "classe": "0.50–1.50 m", "_coa_length_m": 1.04, "_coa_class": "0,50–1,50 m" }, "geometry": { "type": "MultiLineString", "coordinates": [ [ [ -49.5740442, -20.4026059 ], [ -49.5740541, -20.4026071 ] ] ] } },
{ "type": "Feature", "properties": { "linha_id": 110, "comp_m": 1.12, "ini_m": 425.48, "fim_m": 426.6, "faixa_id": 2, "classe": "0.50–1.50 m", "_coa_length_m": 1.12, "_coa_class": "0,50–1,50 m" }, "geometry": { "type": "MultiLineString", "coordinates": [ [ [ -49.5745229, -20.4026536 ], [ -49.5745312, -20.4026545 ], [ -49.5745336, -20.4026548 ] ] ] } },
{ "type": "Feature", "properties": { "linha_id": 110, "comp_m": 1.28, "ini_m": 445.32, "fim_m": 446.6, "faixa_id": 2, "classe": "0.50–1.50 m", "_coa_length_m": 1.28, "_coa_class": "0,50–1,50 m" }, "geometry": { "type": "MultiLineString", "coordinates": [ [ [ -49.5747108, -20.4026733 ], [ -49.5747119, -20.4026734 ], [ -49.5747135, -20.4026736 ], [ -49.5747151, -20.4026738 ], [ -49.5747167, -20.402674 ], [ -49.5747182, -20.4026741 ], [ -49.5747198, -20.4026743 ], [ -49.5747214, -20.4026745 ], [ -49.574723, -20.4026747 ], [ -49.574723, -20.4026747 ] ] ] } },
{ "type": "Feature", "properties": { "linha_id": 111, "comp_m": 0.8, "ini_m": 1.08, "fim_m": 1.88, "faixa_id": 2, "classe": "0.50–1.50 m", "_coa_length_m": 0.8, "_coa_class": "0,50–1,50 m" }, "geometry": { "type": "MultiLineString", "coordinates": [ [ [ -49.5705021, -20.4022316 ], [ -49.5705022, -20.4022316 ], [ -49.5705024, -20.4022315 ], [ -49.5705026, -20.4022315 ], [ -49.5705028, -20.4022315 ], [ -49.570503, -20.4022315 ], [ -49.5705032, -20.4022315 ], [ -49.5705034, -20.4022315 ], [ -49.5705036, -20.4022315 ], [ -49.5705038, -20.4022315 ], [ -49.570504, -20.4022315 ], [ -49.5705043, -20.4022314 ], [ -49.5705045, -20.4022314 ], [ -49.5705047, -20.4022314 ], [ -49.5705049, -20.4022314 ], [ -49.5705051, -20.4022314 ], [ -49.5705053, -20.4022314 ], [ -49.5705055, -20.4022314 ], [ -49.5705057, -20.4022314 ], [ -49.5705059, -20.4022314 ], [ -49.5705061, -20.4022314 ], [ -49.5705063, -20.4022314 ], [ -49.5705065, -20.4022314 ], [ -49.5705067, -20.4022314 ], [ -49.5705069, -20.4022314 ], [ -49.5705071, -20.4022314 ], [ -49.5705073, -20.4022314 ], [ -49.5705075, -20.4022314 ], [ -49.5705077, -20.4022314 ], [ -49.5705078, -20.4022314 ], [ -49.570508, -20.4022314 ], [ -49.5705082, -20.4022314 ], [ -49.5705084, -20.4022315 ], [ -49.5705086, -20.4022315 ], [ -49.5705088, -20.4022315 ], [ -49.570509, -20.4022315 ], [ -49.5705092, -20.4022315 ], [ -49.5705094, -20.4022316 ], [ -49.5705096, -20.4022316 ], [ -49.5705097, -20.4022316 ] ] ] } },
{ "type": "Feature", "properties": { "linha_id": 111, "comp_m": 0.64, "ini_m": 7.96, "fim_m": 8.6, "faixa_id": 2, "classe": "0.50–1.50 m", "_coa_length_m": 0.64, "_coa_class": "0,50–1,50 m" }, "geometry": { "type": "MultiLineString", "coordinates": [ [ [ -49.5705673, -20.4022392 ], [ -49.5705695, -20.4022394 ], [ -49.5705734, -20.4022398 ] ] ] } },
{ "type": "Feature", "properties": { "linha_id": 111, "comp_m": 1.92, "ini_m": 445.88, "fim_m": 447.8, "faixa_id": 3, "classe": "1.50–3.00 m", "_coa_length_m": 1.92, "_coa_class": "1,50–3,00 m" }, "geometry": { "type": "MultiLineString", "coordinates": [ [ [ -49.574737, -20.4026623 ], [ -49.5747462, -20.4026632 ], [ -49.5747553, -20.4026637 ] ] ] } },
{ "type": "Feature", "properties": { "linha_id": 112, "comp_m": 1.6, "ini_m": 0.68, "fim_m": 2.28, "faixa_id": 3, "classe": "1.50–3.00 m", "_coa_length_m": 1.6, "_coa_class": "1,50–3,00 m" }, "geometry": { "type": "MultiLineString", "coordinates": [ [ [ -49.5704726, -20.4023662 ], [ -49.5704787, -20.4023667 ], [ -49.5704849, -20.4023673 ], [ -49.5704878, -20.4023677 ] ] ] } },
{ "type": "Feature", "properties": { "linha_id": 112, "comp_m": 0.8, "ini_m": 3.32, "fim_m": 4.12, "faixa_id": 2, "classe": "0.50–1.50 m", "_coa_length_m": 0.8, "_coa_class": "0,50–1,50 m" }, "geometry": { "type": "MultiLineString", "coordinates": [ [ [ -49.5704977, -20.4023688 ], [ -49.5705035, -20.4023696 ], [ -49.5705053, -20.4023698 ] ] ] } },
{ "type": "Feature", "properties": { "linha_id": 112, "comp_m": 0.88, "ini_m": 5.4, "fim_m": 6.28, "faixa_id": 2, "classe": "0.50–1.50 m", "_coa_length_m": 0.88, "_coa_class": "0,50–1,50 m" }, "geometry": { "type": "MultiLineString", "coordinates": [ [ [ -49.5705175, -20.4023713 ], [ -49.5705221, -20.4023719 ], [ -49.5705258, -20.4023723 ] ] ] } },
{ "type": "Feature", "properties": { "linha_id": 112, "comp_m": 0.64, "ini_m": 6.76, "fim_m": 7.4, "faixa_id": 2, "classe": "0.50–1.50 m", "_coa_length_m": 0.64, "_coa_class": "0,50–1,50 m" }, "geometry": { "type": "MultiLineString", "coordinates": [ [ [ -49.5705304, -20.4023728 ], [ -49.5705345, -20.4023733 ], [ -49.5705365, -20.4023735 ] ] ] } },
{ "type": "Feature", "properties": { "linha_id": 112, "comp_m": 0.72, "ini_m": 34.28, "fim_m": 35.0, "faixa_id": 2, "classe": "0.50–1.50 m", "_coa_length_m": 0.72, "_coa_class": "0,50–1,50 m" }, "geometry": { "type": "MultiLineString", "coordinates": [ [ [ -49.5707927, -20.4023984 ], [ -49.5707974, -20.4023988 ], [ -49.5707995, -20.402399 ] ] ] } },
{ "type": "Feature", "properties": { "linha_id": 112, "comp_m": 0.72, "ini_m": 242.76, "fim_m": 243.48, "faixa_id": 2, "classe": "0.50–1.50 m", "_coa_length_m": 0.72, "_coa_class": "0,50–1,50 m" }, "geometry": { "type": "MultiLineString", "coordinates": [ [ [ -49.5727776, -20.4025993 ], [ -49.5727845, -20.4026 ] ] ] } },
{ "type": "Feature", "properties": { "linha_id": 112, "comp_m": 0.72, "ini_m": 315.08, "fim_m": 315.8, "faixa_id": 2, "classe": "0.50–1.50 m", "_coa_length_m": 0.72, "_coa_class": "0,50–1,50 m" }, "geometry": { "type": "MultiLineString", "coordinates": [ [ [ -49.5734666, -20.4026689 ], [ -49.5734734, -20.4026697 ] ] ] } },
{ "type": "Feature", "properties": { "linha_id": 112, "comp_m": 1.2, "ini_m": 391.8, "fim_m": 393.0, "faixa_id": 2, "classe": "0.50–1.50 m", "_coa_length_m": 1.2, "_coa_class": "0,50–1,50 m" }, "geometry": { "type": "MultiLineString", "coordinates": [ [ [ -49.5741974, -20.4027433 ], [ -49.5741998, -20.4027435 ], [ -49.5742088, -20.4027442 ] ] ] } },
{ "type": "Feature", "properties": { "linha_id": 113, "comp_m": 3.8, "ini_m": 0.0, "fim_m": 3.8, "faixa_id": 4, "classe": "3.00–5.00 m", "_coa_length_m": 3.8, "_coa_class": "3,00–5,00 m" }, "geometry": { "type": "MultiLineString", "coordinates": [ [ [ -49.5725341, -20.4011618 ], [ -49.572537, -20.4011618 ], [ -49.57254, -20.4011618 ], [ -49.5725429, -20.4011618 ], [ -49.5725458, -20.4011619 ], [ -49.5725488, -20.4011619 ], [ -49.5725517, -20.401162 ], [ -49.5725546, -20.401162 ], [ -49.5725575, -20.4011621 ], [ -49.5725604, -20.4011622 ], [ -49.5725633, -20.4011624 ], [ -49.5725662, -20.4011625 ], [ -49.5725691, -20.4011626 ], [ -49.5725704, -20.4011627 ] ] ] } },
{ "type": "Feature", "properties": { "linha_id": 113, "comp_m": 1.12, "ini_m": 79.8, "fim_m": 80.92, "faixa_id": 2, "classe": "0.50–1.50 m", "_coa_length_m": 1.12, "_coa_class": "0,50–1,50 m" }, "geometry": { "type": "MultiLineString", "coordinates": [ [ [ -49.5732939, -20.4012354 ], [ -49.5732984, -20.4012359 ], [ -49.5733042, -20.4012365 ], [ -49.5733046, -20.4012365 ] ] ] } },
{ "type": "Feature", "properties": { "linha_id": 113, "comp_m": 1.28, "ini_m": 81.96, "fim_m": 83.24, "faixa_id": 2, "classe": "0.50–1.50 m", "_coa_length_m": 1.28, "_coa_class": "0,50–1,50 m" }, "geometry": { "type": "MultiLineString", "coordinates": [ [ [ -49.5733145, -20.4012376 ], [ -49.5733157, -20.4012378 ], [ -49.5733215, -20.4012384 ], [ -49.5733266, -20.401239 ] ] ] } },
{ "type": "Feature", "properties": { "linha_id": 113, "comp_m": 1.04, "ini_m": 89.0, "fim_m": 90.04, "faixa_id": 2, "classe": "0.50–1.50 m", "_coa_length_m": 1.04, "_coa_class": "0,50–1,50 m" }, "geometry": { "type": "MultiLineString", "coordinates": [ [ [ -49.5733815, -20.401245 ], [ -49.5733849, -20.4012453 ], [ -49.5733907, -20.4012459 ], [ -49.5733914, -20.4012459 ] ] ] } },
{ "type": "Feature", "properties": { "linha_id": 113, "comp_m": 1.2, "ini_m": 90.84, "fim_m": 92.04, "faixa_id": 2, "classe": "0.50–1.50 m", "_coa_length_m": 1.2, "_coa_class": "0,50–1,50 m" }, "geometry": { "type": "MultiLineString", "coordinates": [ [ [ -49.573399, -20.4012466 ], [ -49.5734024, -20.401247 ], [ -49.5734082, -20.4012475 ], [ -49.5734104, -20.4012477 ] ] ] } },
{ "type": "Feature", "properties": { "linha_id": 113, "comp_m": 1.12, "ini_m": 97.24, "fim_m": 98.36, "faixa_id": 2, "classe": "0.50–1.50 m", "_coa_length_m": 1.12, "_coa_class": "0,50–1,50 m" }, "geometry": { "type": "MultiLineString", "coordinates": [ [ [ -49.57346, -20.4012528 ], [ -49.5734602, -20.4012528 ], [ -49.573466, -20.4012535 ], [ -49.5734706, -20.401254 ] ] ] } },
{ "type": "Feature", "properties": { "linha_id": 113, "comp_m": 0.64, "ini_m": 126.36, "fim_m": 127.0, "faixa_id": 2, "classe": "0.50–1.50 m", "_coa_length_m": 0.64, "_coa_class": "0,50–1,50 m" }, "geometry": { "type": "MultiLineString", "coordinates": [ [ [ -49.5737374, -20.401281 ], [ -49.5737381, -20.4012811 ], [ -49.5737435, -20.4012816 ] ] ] } },
{ "type": "Feature", "properties": { "linha_id": 113, "comp_m": 1.305, "ini_m": 227.08, "fim_m": 228.385, "faixa_id": 2, "classe": "0.50–1.50 m", "_coa_length_m": 1.306, "_coa_class": "0,50–1,50 m" }, "geometry": { "type": "MultiLineString", "coordinates": [ [ [ -49.5746962, -20.4013784 ], [ -49.5746962, -20.4013784 ], [ -49.5747003, -20.401379 ], [ -49.5747044, -20.4013796 ], [ -49.5747085, -20.4013802 ] ] ] } },
{ "type": "Feature", "properties": { "linha_id": 114, "comp_m": 1.84, "ini_m": 0.04, "fim_m": 1.88, "faixa_id": 3, "classe": "1.50–3.00 m", "_coa_length_m": 1.84, "_coa_class": "1,50–3,00 m" }, "geometry": { "type": "MultiLineString", "coordinates": [ [ [ -49.5704232, -20.4036729 ], [ -49.5704235, -20.403673 ], [ -49.5704243, -20.4036731 ], [ -49.5704251, -20.4036732 ], [ -49.5704258, -20.4036733 ], [ -49.5704266, -20.4036733 ], [ -49.5704274, -20.4036734 ], [ -49.5704281, -20.4036735 ], [ -49.5704289, -20.4036736 ], [ -49.5704296, -20.4036737 ], [ -49.5704304, -20.4036738 ], [ -49.5704312, -20.4036739 ], [ -49.5704319, -20.4036739 ], [ -49.5704327, -20.403674 ], [ -49.5704335, -20.4036741 ], [ -49.5704342, -20.4036742 ], [ -49.570435, -20.4036743 ], [ -49.5704357, -20.4036744 ], [ -49.5704365, -20.4036745 ], [ -49.5704373, -20.4036745 ], [ -49.570438, -20.4036746 ], [ -49.5704388, -20.4036747 ], [ -49.5704396, -20.4036748 ], [ -49.5704403, -20.4036749 ], [ -49.5704407, -20.4036749 ] ] ] } },
{ "type": "Feature", "properties": { "linha_id": 114, "comp_m": 1.04, "ini_m": 4.52, "fim_m": 5.56, "faixa_id": 2, "classe": "0.50–1.50 m", "_coa_length_m": 1.04, "_coa_class": "0,50–1,50 m" }, "geometry": { "type": "MultiLineString", "coordinates": [ [ [ -49.5704658, -20.4036774 ], [ -49.5704664, -20.4036775 ], [ -49.5704672, -20.4036776 ], [ -49.570468, -20.4036776 ], [ -49.5704687, -20.4036777 ], [ -49.5704695, -20.4036777 ], [ -49.5704703, -20.4036778 ], [ -49.570471, -20.4036779 ], [ -49.5704718, -20.4036779 ], [ -49.5704726, -20.403678 ], [ -49.5704734, -20.403678 ], [ -49.5704742, -20.4036781 ], [ -49.5704749, -20.4036781 ], [ -49.5704757, -20.4036782 ], [ -49.5704757, -20.4036782 ] ] ] } },
{ "type": "Feature", "properties": { "linha_id": 114, "comp_m": 0.56, "ini_m": 50.44, "fim_m": 51.0, "faixa_id": 2, "classe": "0.50–1.50 m", "_coa_length_m": 0.56, "_coa_class": "0,50–1,50 m" }, "geometry": { "type": "MultiLineString", "coordinates": [ [ [ -49.5709015, -20.4037211 ], [ -49.5709069, -20.4037217 ] ] ] } },
{ "type": "Feature", "properties": { "linha_id": 114, "comp_m": 0.56, "ini_m": 149.8, "fim_m": 150.36, "faixa_id": 2, "classe": "0.50–1.50 m", "_coa_length_m": 0.56, "_coa_class": "0,50–1,50 m" }, "geometry": { "type": "MultiLineString", "coordinates": [ [ [ -49.5718482, -20.4038154 ], [ -49.5718534, -20.4038159 ], [ -49.5718535, -20.403816 ] ] ] } },
{ "type": "Feature", "properties": { "linha_id": 114, "comp_m": 0.72, "ini_m": 368.44, "fim_m": 369.16, "faixa_id": 2, "classe": "0.50–1.50 m", "_coa_length_m": 0.72, "_coa_class": "0,50–1,50 m" }, "geometry": { "type": "MultiLineString", "coordinates": [ [ [ -49.5739304, -20.4040246 ], [ -49.5739373, -20.4040253 ] ] ] } },
{ "type": "Feature", "properties": { "linha_id": 114, "comp_m": 0.8, "ini_m": 414.12, "fim_m": 414.92, "faixa_id": 2, "classe": "0.50–1.50 m", "_coa_length_m": 0.8, "_coa_class": "0,50–1,50 m" }, "geometry": { "type": "MultiLineString", "coordinates": [ [ [ -49.5743648, -20.4040673 ], [ -49.5743651, -20.4040674 ], [ -49.5743684, -20.4040678 ], [ -49.5743716, -20.4040682 ], [ -49.5743724, -20.4040682 ] ] ] } },
{ "type": "Feature", "properties": { "linha_id": 114, "comp_m": 0.885, "ini_m": 446.28, "fim_m": 447.165, "faixa_id": 2, "classe": "0.50–1.50 m", "_coa_length_m": 0.885, "_coa_class": "0,50–1,50 m" }, "geometry": { "type": "MultiLineString", "coordinates": [ [ [ -49.5746712, -20.4040978 ], [ -49.574673, -20.4040979 ], [ -49.5746763, -20.4040983 ], [ -49.5746796, -20.4040986 ] ] ] } },
{ "type": "Feature", "properties": { "linha_id": 115, "comp_m": 0.64, "ini_m": 3.32, "fim_m": 3.96, "faixa_id": 2, "classe": "0.50–1.50 m", "_coa_length_m": 0.64, "_coa_class": "0,50–1,50 m" }, "geometry": { "type": "MultiLineString", "coordinates": [ [ [ -49.5704213, -20.4036178 ], [ -49.5704226, -20.4036179 ], [ -49.5704263, -20.4036183 ], [ -49.5704274, -20.4036184 ] ] ] } },
{ "type": "Feature", "properties": { "linha_id": 115, "comp_m": 0.64, "ini_m": 8.04, "fim_m": 8.68, "faixa_id": 2, "classe": "0.50–1.50 m", "_coa_length_m": 0.64, "_coa_class": "0,50–1,50 m" }, "geometry": { "type": "MultiLineString", "coordinates": [ [ [ -49.5704662, -20.4036226 ], [ -49.5704663, -20.4036226 ], [ -49.57047, -20.403623 ], [ -49.5704723, -20.4036233 ] ] ] } },
{ "type": "Feature", "properties": { "linha_id": 115, "comp_m": 0.56, "ini_m": 10.04, "fim_m": 10.6, "faixa_id": 2, "classe": "0.50–1.50 m", "_coa_length_m": 0.56, "_coa_class": "0,50–1,50 m" }, "geometry": { "type": "MultiLineString", "coordinates": [ [ [ -49.5704852, -20.4036249 ], [ -49.570488, -20.4036253 ], [ -49.5704905, -20.4036256 ] ] ] } },
{ "type": "Feature", "properties": { "linha_id": 115, "comp_m": 0.72, "ini_m": 12.92, "fim_m": 13.64, "faixa_id": 2, "classe": "0.50–1.50 m", "_coa_length_m": 0.72, "_coa_class": "0,50–1,50 m" }, "geometry": { "type": "MultiLineString", "coordinates": [ [ [ -49.5705126, -20.403628 ], [ -49.5705135, -20.4036281 ], [ -49.5705172, -20.4036284 ], [ -49.5705195, -20.4036286 ] ] ] } },
{ "type": "Feature", "properties": { "linha_id": 115, "comp_m": 0.64, "ini_m": 22.04, "fim_m": 22.68, "faixa_id": 2, "classe": "0.50–1.50 m", "_coa_length_m": 0.64, "_coa_class": "0,50–1,50 m" }, "geometry": { "type": "MultiLineString", "coordinates": [ [ [ -49.5705996, -20.403635 ], [ -49.5706019, -20.4036353 ], [ -49.5706055, -20.4036358 ], [ -49.5706057, -20.4036358 ] ] ] } },
{ "type": "Feature", "properties": { "linha_id": 115, "comp_m": 0.72, "ini_m": 36.92, "fim_m": 37.64, "faixa_id": 2, "classe": "0.50–1.50 m", "_coa_length_m": 0.72, "_coa_class": "0,50–1,50 m" }, "geometry": { "type": "MultiLineString", "coordinates": [ [ [ -49.5707414, -20.4036495 ], [ -49.5707443, -20.4036498 ], [ -49.570748, -20.4036501 ], [ -49.5707482, -20.4036501 ] ] ] } },
{ "type": "Feature", "properties": { "linha_id": 115, "comp_m": 0.64, "ini_m": 119.96, "fim_m": 120.6, "faixa_id": 2, "classe": "0.50–1.50 m", "_coa_length_m": 0.64, "_coa_class": "0,50–1,50 m" }, "geometry": { "type": "MultiLineString", "coordinates": [ [ [ -49.5715294, -20.4037288 ], [ -49.5715331, -20.4037292 ], [ -49.5715355, -20.4037296 ] ] ] } },
{ "type": "Feature", "properties": { "linha_id": 115, "comp_m": 0.8, "ini_m": 365.48, "fim_m": 366.28, "faixa_id": 2, "classe": "0.50–1.50 m", "_coa_length_m": 0.8, "_coa_class": "0,50–1,50 m" }, "geometry": { "type": "MultiLineString", "coordinates": [ [ [ -49.573868, -20.4039631 ], [ -49.5738757, -20.4039638 ] ] ] } },
{ "type": "Feature", "properties": { "linha_id": 115, "comp_m": 1.28, "ini_m": 378.36, "fim_m": 379.64, "faixa_id": 2, "classe": "0.50–1.50 m", "_coa_length_m": 1.28, "_coa_class": "0,50–1,50 m" }, "geometry": { "type": "MultiLineString", "coordinates": [ [ [ -49.5739907, -20.4039761 ], [ -49.5740028, -20.4039779 ] ] ] } },
{ "type": "Feature", "properties": { "linha_id": 115, "comp_m": 1.04, "ini_m": 432.12, "fim_m": 433.16, "faixa_id": 2, "classe": "0.50–1.50 m", "_coa_length_m": 1.04, "_coa_class": "0,50–1,50 m" }, "geometry": { "type": "MultiLineString", "coordinates": [ [ [ -49.5745029, -20.404026 ], [ -49.5745095, -20.4040266 ], [ -49.5745129, -20.404027 ] ] ] } },
{ "type": "Feature", "properties": { "linha_id": 115, "comp_m": 0.88, "ini_m": 439.48, "fim_m": 440.36, "faixa_id": 2, "classe": "0.50–1.50 m", "_coa_length_m": 0.88, "_coa_class": "0,50–1,50 m" }, "geometry": { "type": "MultiLineString", "coordinates": [ [ [ -49.5745731, -20.404033 ], [ -49.5745795, -20.404034 ], [ -49.5745814, -20.4040342 ] ] ] } },
{ "type": "Feature", "properties": { "linha_id": 115, "comp_m": 1.442, "ini_m": 449.0, "fim_m": 450.442, "faixa_id": 2, "classe": "0.50–1.50 m", "_coa_length_m": 1.442, "_coa_class": "0,50–1,50 m" }, "geometry": { "type": "MultiLineString", "coordinates": [ [ [ -49.5746637, -20.4040428 ], [ -49.5746772, -20.4040452 ] ] ] } },
{ "type": "Feature", "properties": { "linha_id": 116, "comp_m": 0.88, "ini_m": 1.72, "fim_m": 2.6, "faixa_id": 2, "classe": "0.50–1.50 m", "_coa_length_m": 0.88, "_coa_class": "0,50–1,50 m" }, "geometry": { "type": "MultiLineString", "coordinates": [ [ [ -49.5703884, -20.4036271 ], [ -49.5703888, -20.4036272 ], [ -49.5703893, -20.4036273 ], [ -49.5703897, -20.4036274 ], [ -49.5703902, -20.4036274 ], [ -49.5703906, -20.4036275 ], [ -49.5703911, -20.4036276 ], [ -49.5703915, -20.4036277 ], [ -49.5703919, -20.4036278 ], [ -49.5703924, -20.4036279 ], [ -49.5703928, -20.4036279 ], [ -49.5703933, -20.403628 ], [ -49.5703937, -20.4036281 ], [ -49.5703942, -20.4036282 ], [ -49.5703946, -20.4036283 ], [ -49.5703951, -20.4036284 ], [ -49.5703955, -20.4036285 ], [ -49.570396, -20.4036285 ], [ -49.5703964, -20.4036286 ], [ -49.5703967, -20.4036287 ] ] ] } },
{ "type": "Feature", "properties": { "linha_id": 116, "comp_m": 0.56, "ini_m": 4.2, "fim_m": 4.76, "faixa_id": 2, "classe": "0.50–1.50 m", "_coa_length_m": 0.56, "_coa_class": "0,50–1,50 m" }, "geometry": { "type": "MultiLineString", "coordinates": [ [ [ -49.5704119, -20.4036307 ], [ -49.5704119, -20.4036307 ], [ -49.5704124, -20.4036307 ], [ -49.5704129, -20.4036308 ], [ -49.5704134, -20.4036308 ], [ -49.5704139, -20.4036308 ], [ -49.5704143, -20.4036308 ], [ -49.5704148, -20.4036308 ], [ -49.5704153, -20.4036308 ], [ -49.5704158, -20.4036308 ], [ -49.5704163, -20.4036308 ], [ -49.5704168, -20.4036308 ], [ -49.5704172, -20.4036308 ] ] ] } },
{ "type": "Feature", "properties": { "linha_id": 116, "comp_m": 0.72, "ini_m": 5.96, "fim_m": 6.68, "faixa_id": 2, "classe": "0.50–1.50 m", "_coa_length_m": 0.72, "_coa_class": "0,50–1,50 m" }, "geometry": { "type": "MultiLineString", "coordinates": [ [ [ -49.5704274, -20.4036331 ], [ -49.5704294, -20.4036334 ], [ -49.5704318, -20.4036338 ], [ -49.5704342, -20.4036341 ] ] ] } },
{ "type": "Feature", "properties": { "linha_id": 116, "comp_m": 1.12, "ini_m": 9.72, "fim_m": 10.84, "faixa_id": 2, "classe": "0.50–1.50 m", "_coa_length_m": 1.12, "_coa_class": "0,50–1,50 m" }, "geometry": { "type": "MultiLineString", "coordinates": [ [ [ -49.5704632, -20.4036371 ], [ -49.570464, -20.4036372 ], [ -49.5704665, -20.4036374 ], [ -49.570469, -20.4036376 ], [ -49.5704715, -20.4036378 ], [ -49.5704739, -20.403638 ] ] ] } },
{ "type": "Feature", "properties": { "linha_id": 116, "comp_m": 0.96, "ini_m": 13.24, "fim_m": 14.2, "faixa_id": 2, "classe": "0.50–1.50 m", "_coa_length_m": 0.96, "_coa_class": "0,50–1,50 m" }, "geometry": { "type": "MultiLineString", "coordinates": [ [ [ -49.5704968, -20.40364 ], [ -49.570499, -20.4036402 ], [ -49.5705015, -20.4036404 ], [ -49.570504, -20.4036407 ], [ -49.5705059, -20.4036408 ] ] ] } },
{ "type": "Feature", "properties": { "linha_id": 116, "comp_m": 0.72, "ini_m": 30.2, "fim_m": 30.92, "faixa_id": 2, "classe": "0.50–1.50 m", "_coa_length_m": 0.72, "_coa_class": "0,50–1,50 m" }, "geometry": { "type": "MultiLineString", "coordinates": [ [ [ -49.5706585, -20.4036546 ], [ -49.5706609, -20.4036547 ], [ -49.5706635, -20.4036548 ], [ -49.5706633, -20.4036552 ], [ -49.5706647, -20.4036554 ] ] ] } },
{ "type": "Feature", "properties": { "linha_id": 116, "comp_m": 0.8, "ini_m": 76.04, "fim_m": 76.84, "faixa_id": 2, "classe": "0.50–1.50 m", "_coa_length_m": 0.8, "_coa_class": "0,50–1,50 m" }, "geometry": { "type": "MultiLineString", "coordinates": [ [ [ -49.5710945, -20.4036994 ], [ -49.5711021, -20.4037001 ] ] ] } },
{ "type": "Feature", "properties": { "linha_id": 116, "comp_m": 0.64, "ini_m": 141.24, "fim_m": 141.88, "faixa_id": 2, "classe": "0.50–1.50 m", "_coa_length_m": 0.64, "_coa_class": "0,50–1,50 m" }, "geometry": { "type": "MultiLineString", "coordinates": [ [ [ -49.5717157, -20.4037618 ], [ -49.5717179, -20.403762 ], [ -49.5717218, -20.4037622 ] ] ] } },
{ "type": "Feature", "properties": { "linha_id": 116, "comp_m": 1.2, "ini_m": 145.56, "fim_m": 146.76, "faixa_id": 2, "classe": "0.50–1.50 m", "_coa_length_m": 1.2, "_coa_class": "0,50–1,50 m" }, "geometry": { "type": "MultiLineString", "coordinates": [ [ [ -49.5717567, -20.4037662 ], [ -49.5717617, -20.4037668 ], [ -49.5717681, -20.4037675 ] ] ] } },
{ "type": "Feature", "properties": { "linha_id": 116, "comp_m": 0.64, "ini_m": 165.24, "fim_m": 165.88, "faixa_id": 2, "classe": "0.50–1.50 m", "_coa_length_m": 0.64, "_coa_class": "0,50–1,50 m" }, "geometry": { "type": "MultiLineString", "coordinates": [ [ [ -49.5719442, -20.4037851 ], [ -49.5719475, -20.4037854 ], [ -49.5719503, -20.4037856 ] ] ] } },
{ "type": "Feature", "properties": { "linha_id": 116, "comp_m": 0.56, "ini_m": 200.2, "fim_m": 200.76, "faixa_id": 2, "classe": "0.50–1.50 m", "_coa_length_m": 0.56, "_coa_class": "0,50–1,50 m" }, "geometry": { "type": "MultiLineString", "coordinates": [ [ [ -49.5722773, -20.4038179 ], [ -49.5722795, -20.4038181 ], [ -49.5722827, -20.4038183 ] ] ] } },
{ "type": "Feature", "properties": { "linha_id": 116, "comp_m": 1.04, "ini_m": 376.04, "fim_m": 377.08, "faixa_id": 2, "classe": "0.50–1.50 m", "_coa_length_m": 1.04, "_coa_class": "0,50–1,50 m" }, "geometry": { "type": "MultiLineString", "coordinates": [ [ [ -49.5739518, -20.4039851 ], [ -49.5739586, -20.403986 ], [ -49.5739616, -20.4039866 ] ] ] } },
{ "type": "Feature", "properties": { "linha_id": 116, "comp_m": 0.72, "ini_m": 380.84, "fim_m": 381.56, "faixa_id": 2, "classe": "0.50–1.50 m", "_coa_length_m": 0.72, "_coa_class": "0,50–1,50 m" }, "geometry": { "type": "MultiLineString", "coordinates": [ [ [ -49.5739973, -20.4039914 ], [ -49.5739992, -20.4039916 ], [ -49.5740041, -20.4039922 ] ] ] } },
{ "type": "Feature", "properties": { "linha_id": 116, "comp_m": 0.72, "ini_m": 404.2, "fim_m": 404.92, "faixa_id": 2, "classe": "0.50–1.50 m", "_coa_length_m": 0.72, "_coa_class": "0,50–1,50 m" }, "geometry": { "type": "MultiLineString", "coordinates": [ [ [ -49.5742199, -20.4040133 ], [ -49.5742222, -20.4040136 ], [ -49.5742267, -20.404014 ] ] ] } },
{ "type": "Feature", "properties": { "linha_id": 116, "comp_m": 0.56, "ini_m": 442.52, "fim_m": 443.08, "faixa_id": 2, "classe": "0.50–1.50 m", "_coa_length_m": 0.56, "_coa_class": "0,50–1,50 m" }, "geometry": { "type": "MultiLineString", "coordinates": [ [ [ -49.5745851, -20.4040484 ], [ -49.5745859, -20.4040485 ], [ -49.5745904, -20.4040489 ] ] ] } },
{ "type": "Feature", "properties": { "linha_id": 116, "comp_m": 1.2, "ini_m": 443.64, "fim_m": 444.84, "faixa_id": 2, "classe": "0.50–1.50 m", "_coa_length_m": 1.2, "_coa_class": "0,50–1,50 m" }, "geometry": { "type": "MultiLineString", "coordinates": [ [ [ -49.5745957, -20.4040495 ], [ -49.5746022, -20.4040502 ], [ -49.5746071, -20.404051 ] ] ] } },
{ "type": "Feature", "properties": { "linha_id": 116, "comp_m": 0.56, "ini_m": 445.96, "fim_m": 446.52, "faixa_id": 2, "classe": "0.50–1.50 m", "_coa_length_m": 0.56, "_coa_class": "0,50–1,50 m" }, "geometry": { "type": "MultiLineString", "coordinates": [ [ [ -49.5746177, -20.4040526 ], [ -49.5746184, -20.4040527 ], [ -49.574623, -20.4040533 ] ] ] } },
{ "type": "Feature", "properties": { "linha_id": 116, "comp_m": 1.863, "ini_m": 450.2, "fim_m": 452.063, "faixa_id": 3, "classe": "1.50–3.00 m", "_coa_length_m": 1.864, "_coa_class": "1,50–3,00 m" }, "geometry": { "type": "MultiLineString", "coordinates": [ [ [ -49.5746581, -20.4040566 ], [ -49.5746598, -20.4040568 ], [ -49.5746679, -20.404057 ], [ -49.5746757, -20.4040551 ] ] ] } },
{ "type": "Feature", "properties": { "linha_id": 117, "comp_m": 2.76, "ini_m": 0.0, "fim_m": 2.76, "faixa_id": 3, "classe": "1.50–3.00 m", "_coa_length_m": 2.76, "_coa_class": "1,50–3,00 m" }, "geometry": { "type": "MultiLineString", "coordinates": [ [ [ -49.5703895, -20.4036824 ], [ -49.5703906, -20.4036825 ], [ -49.5703917, -20.4036825 ], [ -49.5703929, -20.4036826 ], [ -49.570394, -20.4036827 ], [ -49.5703951, -20.4036828 ], [ -49.5703962, -20.4036829 ], [ -49.5703973, -20.4036831 ], [ -49.5703984, -20.4036832 ], [ -49.5703995, -20.4036833 ], [ -49.5704006, -20.4036835 ], [ -49.5704017, -20.4036836 ], [ -49.5704028, -20.4036838 ], [ -49.5704039, -20.4036839 ], [ -49.570405, -20.4036841 ], [ -49.5704061, -20.4036842 ], [ -49.5704072, -20.4036844 ], [ -49.5704083, -20.4036846 ], [ -49.5704093, -20.4036847 ], [ -49.5704104, -20.4036849 ], [ -49.5704115, -20.4036851 ], [ -49.5704126, -20.4036852 ], [ -49.5704137, -20.4036854 ], [ -49.5704148, -20.4036856 ], [ -49.5704157, -20.4036857 ] ] ] } },
{ "type": "Feature", "properties": { "linha_id": 117, "comp_m": 2.48, "ini_m": 4.36, "fim_m": 6.84, "faixa_id": 3, "classe": "1.50–3.00 m", "_coa_length_m": 2.48, "_coa_class": "1,50–3,00 m" }, "geometry": { "type": "MultiLineString", "coordinates": [ [ [ -49.5704309, -20.4036876 ], [ -49.5704312, -20.4036876 ], [ -49.5704323, -20.4036877 ], [ -49.5704334, -20.4036879 ], [ -49.5704345, -20.403688 ], [ -49.5704356, -20.4036881 ], [ -49.5704367, -20.4036882 ], [ -49.5704378, -20.4036883 ], [ -49.5704389, -20.4036884 ], [ -49.57044, -20.4036885 ], [ -49.5704411, -20.4036886 ], [ -49.5704422, -20.4036887 ], [ -49.5704433, -20.4036888 ], [ -49.5704444, -20.4036889 ], [ -49.5704455, -20.4036891 ], [ -49.5704466, -20.4036892 ], [ -49.5704477, -20.4036893 ], [ -49.5704488, -20.4036894 ], [ -49.5704499, -20.4036895 ], [ -49.570451, -20.4036896 ], [ -49.5704521, -20.4036897 ], [ -49.5704532, -20.4036898 ], [ -49.5704543, -20.4036899 ], [ -49.5704545, -20.4036899 ] ] ] } },
{ "type": "Feature", "properties": { "linha_id": 117, "comp_m": 0.8, "ini_m": 14.76, "fim_m": 15.56, "faixa_id": 2, "classe": "0.50–1.50 m", "_coa_length_m": 0.8, "_coa_class": "0,50–1,50 m" }, "geometry": { "type": "MultiLineString", "coordinates": [ [ [ -49.5705299, -20.403697 ], [ -49.5705323, -20.4036973 ], [ -49.5705364, -20.4036977 ], [ -49.5705375, -20.4036978 ] ] ] } },
{ "type": "Feature", "properties": { "linha_id": 117, "comp_m": 0.56, "ini_m": 197.88, "fim_m": 198.44, "faixa_id": 2, "classe": "0.50–1.50 m", "_coa_length_m": 0.56, "_coa_class": "0,50–1,50 m" }, "geometry": { "type": "MultiLineString", "coordinates": [ [ [ -49.572273, -20.4038729 ], [ -49.5722784, -20.4038734 ] ] ] } },
{ "type": "Feature", "properties": { "linha_id": 117, "comp_m": 1.2, "ini_m": 448.84, "fim_m": 450.04, "faixa_id": 2, "classe": "0.50–1.50 m", "_coa_length_m": 1.2, "_coa_class": "0,50–1,50 m" }, "geometry": { "type": "MultiLineString", "coordinates": [ [ [ -49.5746625, -20.4041108 ], [ -49.5746657, -20.4041111 ], [ -49.5746698, -20.4041115 ], [ -49.5746739, -20.4041119 ] ] ] } },
{ "type": "Feature", "properties": { "linha_id": 118, "comp_m": 1.32, "ini_m": 0.0, "fim_m": 1.32, "faixa_id": 2, "classe": "0.50–1.50 m", "_coa_length_m": 1.32, "_coa_class": "0,50–1,50 m" }, "geometry": { "type": "MultiLineString", "coordinates": [ [ [ -49.5703997, -20.4036028 ], [ -49.5704124, -20.4036031 ] ] ] } },
{ "type": "Feature", "properties": { "linha_id": 118, "comp_m": 1.04, "ini_m": 2.76, "fim_m": 3.8, "faixa_id": 2, "classe": "0.50–1.50 m", "_coa_length_m": 1.04, "_coa_class": "0,50–1,50 m" }, "geometry": { "type": "MultiLineString", "coordinates": [ [ [ -49.5704261, -20.4036038 ], [ -49.5704361, -20.4036046 ] ] ] } },
{ "type": "Feature", "properties": { "linha_id": 118, "comp_m": 2.48, "ini_m": 4.44, "fim_m": 6.92, "faixa_id": 3, "classe": "1.50–3.00 m", "_coa_length_m": 2.48, "_coa_class": "1,50–3,00 m" }, "geometry": { "type": "MultiLineString", "coordinates": [ [ [ -49.5704421, -20.4036053 ], [ -49.5704573, -20.4036078 ], [ -49.5704656, -20.4036092 ] ] ] } },
{ "type": "Feature", "properties": { "linha_id": 118, "comp_m": 1.76, "ini_m": 26.92, "fim_m": 28.68, "faixa_id": 3, "classe": "1.50–3.00 m", "_coa_length_m": 1.76, "_coa_class": "1,50–3,00 m" }, "geometry": { "type": "MultiLineString", "coordinates": [ [ [ -49.5706561, -20.4036276 ], [ -49.5706689, -20.4036289 ], [ -49.5706729, -20.4036294 ] ] ] } },
{ "type": "Feature", "properties": { "linha_id": 118, "comp_m": 0.64, "ini_m": 32.44, "fim_m": 33.08, "faixa_id": 2, "classe": "0.50–1.50 m", "_coa_length_m": 0.64, "_coa_class": "0,50–1,50 m" }, "geometry": { "type": "MultiLineString", "coordinates": [ [ [ -49.5707087, -20.4036326 ], [ -49.5707148, -20.4036332 ] ] ] } },
{ "type": "Feature", "properties": { "linha_id": 118, "comp_m": 0.56, "ini_m": 35.16, "fim_m": 35.72, "faixa_id": 2, "classe": "0.50–1.50 m", "_coa_length_m": 0.56, "_coa_class": "0,50–1,50 m" }, "geometry": { "type": "MultiLineString", "coordinates": [ [ [ -49.5707346, -20.4036352 ], [ -49.57074, -20.4036358 ] ] ] } },
{ "type": "Feature", "properties": { "linha_id": 118, "comp_m": 0.8, "ini_m": 233.56, "fim_m": 234.36, "faixa_id": 2, "classe": "0.50–1.50 m", "_coa_length_m": 0.8, "_coa_class": "0,50–1,50 m" }, "geometry": { "type": "MultiLineString", "coordinates": [ [ [ -49.5726244, -20.4038245 ], [ -49.5726309, -20.4038254 ], [ -49.572632, -20.4038255 ] ] ] } },
{ "type": "Feature", "properties": { "linha_id": 118, "comp_m": 0.64, "ini_m": 237.56, "fim_m": 238.2, "faixa_id": 2, "classe": "0.50–1.50 m", "_coa_length_m": 0.64, "_coa_class": "0,50–1,50 m" }, "geometry": { "type": "MultiLineString", "coordinates": [ [ [ -49.5726624, -20.4038295 ], [ -49.5726685, -20.4038302 ] ] ] } },
{ "type": "Feature", "properties": { "linha_id": 118, "comp_m": 0.72, "ini_m": 302.28, "fim_m": 303.0, "faixa_id": 2, "classe": "0.50–1.50 m", "_coa_length_m": 0.72, "_coa_class": "0,50–1,50 m" }, "geometry": { "type": "MultiLineString", "coordinates": [ [ [ -49.5732791, -20.403891 ], [ -49.5732859, -20.4038918 ] ] ] } },
{ "type": "Feature", "properties": { "linha_id": 118, "comp_m": 1.12, "ini_m": 313.72, "fim_m": 314.84, "faixa_id": 2, "classe": "0.50–1.50 m", "_coa_length_m": 1.12, "_coa_class": "0,50–1,50 m" }, "geometry": { "type": "MultiLineString", "coordinates": [ [ [ -49.5733878, -20.4039019 ], [ -49.5733923, -20.4039023 ], [ -49.5733985, -20.4039029 ] ] ] } },
{ "type": "Feature", "properties": { "linha_id": 118, "comp_m": 0.56, "ini_m": 331.32, "fim_m": 331.88, "faixa_id": 2, "classe": "0.50–1.50 m", "_coa_length_m": 0.56, "_coa_class": "0,50–1,50 m" }, "geometry": { "type": "MultiLineString", "coordinates": [ [ [ -49.5735554, -20.4039195 ], [ -49.5735577, -20.4039197 ], [ -49.5735607, -20.40392 ] ] ] } },
{ "type": "Feature", "properties": { "linha_id": 118, "comp_m": 0.56, "ini_m": 350.6, "fim_m": 351.16, "faixa_id": 2, "classe": "0.50–1.50 m", "_coa_length_m": 0.56, "_coa_class": "0,50–1,50 m" }, "geometry": { "type": "MultiLineString", "coordinates": [ [ [ -49.5737391, -20.403938 ], [ -49.5737432, -20.4039385 ], [ -49.5737444, -20.4039386 ] ] ] } },
{ "type": "Feature", "properties": { "linha_id": 118, "comp_m": 0.64, "ini_m": 355.4, "fim_m": 356.04, "faixa_id": 2, "classe": "0.50–1.50 m", "_coa_length_m": 0.64, "_coa_class": "0,50–1,50 m" }, "geometry": { "type": "MultiLineString", "coordinates": [ [ [ -49.5737848, -20.4039425 ], [ -49.5737897, -20.4039429 ], [ -49.5737909, -20.403943 ] ] ] } },
{ "type": "Feature", "properties": { "linha_id": 118, "comp_m": 1.6, "ini_m": 377.0, "fim_m": 378.6, "faixa_id": 3, "classe": "1.50–3.00 m", "_coa_length_m": 1.6, "_coa_class": "1,50–3,00 m" }, "geometry": { "type": "MultiLineString", "coordinates": [ [ [ -49.5739901, -20.4039635 ], [ -49.5739916, -20.4039636 ], [ -49.5739966, -20.4039641 ], [ -49.5740015, -20.4039646 ], [ -49.5740054, -20.4039649 ] ] ] } },
{ "type": "Feature", "properties": { "linha_id": 118, "comp_m": 1.28, "ini_m": 379.48, "fim_m": 380.76, "faixa_id": 2, "classe": "0.50–1.50 m", "_coa_length_m": 1.28, "_coa_class": "0,50–1,50 m" }, "geometry": { "type": "MultiLineString", "coordinates": [ [ [ -49.5740137, -20.4039657 ], [ -49.5740165, -20.403966 ], [ -49.5740214, -20.4039665 ], [ -49.574026, -20.4039669 ] ] ] } },
{ "type": "Feature", "properties": { "linha_id": 118, "comp_m": 0.96, "ini_m": 396.52, "fim_m": 397.48, "faixa_id": 2, "classe": "0.50–1.50 m", "_coa_length_m": 0.96, "_coa_class": "0,50–1,50 m" }, "geometry": { "type": "MultiLineString", "coordinates": [ [ [ -49.5741761, -20.4039816 ], [ -49.5741804, -20.403982 ], [ -49.5741853, -20.4039825 ] ] ] } },
{ "type": "Feature", "properties": { "linha_id": 118, "comp_m": 0.64, "ini_m": 425.08, "fim_m": 425.72, "faixa_id": 2, "classe": "0.50–1.50 m", "_coa_length_m": 0.64, "_coa_class": "0,50–1,50 m" }, "geometry": { "type": "MultiLineString", "coordinates": [ [ [ -49.5744485, -20.404007 ], [ -49.5744486, -20.404007 ], [ -49.574451, -20.4040072 ], [ -49.5744534, -20.4040074 ], [ -49.5744546, -20.4040075 ] ] ] } },
{ "type": "Feature", "properties": { "linha_id": 118, "comp_m": 1.36, "ini_m": 431.48, "fim_m": 432.84, "faixa_id": 2, "classe": "0.50–1.50 m", "_coa_length_m": 1.36, "_coa_class": "0,50–1,50 m" }, "geometry": { "type": "MultiLineString", "coordinates": [ [ [ -49.5745095, -20.4040129 ], [ -49.5745109, -20.404013 ], [ -49.5745133, -20.4040133 ], [ -49.5745156, -20.4040135 ], [ -49.574518, -20.4040138 ], [ -49.5745204, -20.404014 ], [ -49.5745224, -20.4040143 ] ] ] } },
{ "type": "Feature", "properties": { "linha_id": 118, "comp_m": 3.504, "ini_m": 445.16, "fim_m": 448.664, "faixa_id": 4, "classe": "3.00–5.00 m", "_coa_length_m": 3.505, "_coa_class": "3,00–5,00 m" }, "geometry": { "type": "MultiLineString", "coordinates": [ [ [ -49.5746396, -20.4040275 ], [ -49.5746418, -20.4040278 ], [ -49.5746442, -20.404028 ], [ -49.5746466, -20.4040282 ], [ -49.574649, -20.4040285 ], [ -49.5746514, -20.4040287 ], [ -49.5746538, -20.4040289 ], [ -49.5746562, -20.4040291 ], [ -49.5746586, -20.4040293 ], [ -49.574661, -20.4040296 ], [ -49.5746634, -20.4040298 ], [ -49.5746658, -20.40403 ], [ -49.5746682, -20.4040302 ], [ -49.5746706, -20.4040304 ], [ -49.574673, -20.4040305 ] ] ] } },
{ "type": "Feature", "properties": { "linha_id": 119, "comp_m": 0.64, "ini_m": 47.56, "fim_m": 48.2, "faixa_id": 2, "classe": "0.50–1.50 m", "_coa_length_m": 0.64, "_coa_class": "0,50–1,50 m" }, "geometry": { "type": "MultiLineString", "coordinates": [ [ [ -49.5709019, -20.403694 ], [ -49.5709062, -20.4036946 ], [ -49.570908, -20.4036949 ] ] ] } },
{ "type": "Feature", "properties": { "linha_id": 119, "comp_m": 1.632, "ini_m": 441.8, "fim_m": 443.432, "faixa_id": 3, "classe": "1.50–3.00 m", "_coa_length_m": 1.632, "_coa_class": "1,50–3,00 m" }, "geometry": { "type": "MultiLineString", "coordinates": [ [ [ -49.5746557, -20.4040703 ], [ -49.5746558, -20.4040703 ], [ -49.5746565, -20.4040704 ], [ -49.5746573, -20.4040704 ], [ -49.5746581, -20.4040705 ], [ -49.5746589, -20.4040706 ], [ -49.5746596, -20.4040706 ], [ -49.5746604, -20.4040707 ], [ -49.5746612, -20.4040708 ], [ -49.574662, -20.4040708 ], [ -49.5746627, -20.4040709 ], [ -49.5746635, -20.404071 ], [ -49.5746643, -20.404071 ], [ -49.5746651, -20.4040711 ], [ -49.5746659, -20.4040711 ], [ -49.5746666, -20.4040712 ], [ -49.5746674, -20.4040712 ], [ -49.5746682, -20.4040713 ], [ -49.574669, -20.4040713 ], [ -49.5746698, -20.4040714 ], [ -49.5746705, -20.4040714 ], [ -49.5746713, -20.4040715 ] ] ] } },
{ "type": "Feature", "properties": { "linha_id": 120, "comp_m": 2.72, "ini_m": 1.32, "fim_m": 4.04, "faixa_id": 3, "classe": "1.50–3.00 m", "_coa_length_m": 2.72, "_coa_class": "1,50–3,00 m" }, "geometry": { "type": "MultiLineString", "coordinates": [ [ [ -49.5703998, -20.4036553 ], [ -49.5704058, -20.4036559 ], [ -49.5704119, -20.4036567 ], [ -49.5704178, -20.4036576 ], [ -49.5704238, -20.4036585 ], [ -49.5704256, -20.4036588 ] ] ] } },
{ "type": "Feature", "properties": { "linha_id": 120, "comp_m": 0.56, "ini_m": 4.68, "fim_m": 5.24, "faixa_id": 2, "classe": "0.50–1.50 m", "_coa_length_m": 0.56, "_coa_class": "0,50–1,50 m" }, "geometry": { "type": "MultiLineString", "coordinates": [ [ [ -49.5704317, -20.4036596 ], [ -49.5704358, -20.4036602 ], [ -49.570437, -20.4036604 ] ] ] } },
{ "type": "Feature", "properties": { "linha_id": 120, "comp_m": 2.32, "ini_m": 5.96, "fim_m": 8.28, "faixa_id": 3, "classe": "1.50–3.00 m", "_coa_length_m": 2.32, "_coa_class": "1,50–3,00 m" }, "geometry": { "type": "MultiLineString", "coordinates": [ [ [ -49.5704438, -20.4036613 ], [ -49.5704479, -20.4036618 ], [ -49.5704539, -20.4036625 ], [ -49.57046, -20.4036632 ], [ -49.5704659, -20.4036637 ] ] ] } },
{ "type": "Feature", "properties": { "linha_id": 120, "comp_m": 0.72, "ini_m": 9.88, "fim_m": 10.6, "faixa_id": 2, "classe": "0.50–1.50 m", "_coa_length_m": 0.72, "_coa_class": "0,50–1,50 m" }, "geometry": { "type": "MultiLineString", "coordinates": [ [ [ -49.5704812, -20.4036649 ], [ -49.5704845, -20.4036651 ], [ -49.5704881, -20.4036652 ] ] ] } },
{ "type": "Feature", "properties": { "linha_id": 120, "comp_m": 0.56, "ini_m": 48.84, "fim_m": 49.4, "faixa_id": 2, "classe": "0.50–1.50 m", "_coa_length_m": 0.56, "_coa_class": "0,50–1,50 m" }, "geometry": { "type": "MultiLineString", "coordinates": [ [ [ -49.5708524, -20.4037016 ], [ -49.5708569, -20.4037022 ], [ -49.5708577, -20.4037023 ] ] ] } },
{ "type": "Feature", "properties": { "linha_id": 120, "comp_m": 0.64, "ini_m": 133.64, "fim_m": 134.28, "faixa_id": 2, "classe": "0.50–1.50 m", "_coa_length_m": 0.64, "_coa_class": "0,50–1,50 m" }, "geometry": { "type": "MultiLineString", "coordinates": [ [ [ -49.5716594, -20.4037843 ], [ -49.5716655, -20.4037849 ] ] ] } },
{ "type": "Feature", "properties": { "linha_id": 120, "comp_m": 0.8, "ini_m": 136.36, "fim_m": 137.16, "faixa_id": 2, "classe": "0.50–1.50 m", "_coa_length_m": 0.8, "_coa_class": "0,50–1,50 m" }, "geometry": { "type": "MultiLineString", "coordinates": [ [ [ -49.5716853, -20.4037867 ], [ -49.5716929, -20.4037874 ] ] ] } },
{ "type": "Feature", "properties": { "linha_id": 120, "comp_m": 0.72, "ini_m": 151.08, "fim_m": 151.8, "faixa_id": 2, "classe": "0.50–1.50 m", "_coa_length_m": 0.72, "_coa_class": "0,50–1,50 m" }, "geometry": { "type": "MultiLineString", "coordinates": [ [ [ -49.5718256, -20.4038002 ], [ -49.5718264, -20.4038003 ], [ -49.5718325, -20.403801 ] ] ] } },
{ "type": "Feature", "properties": { "linha_id": 120, "comp_m": 1.52, "ini_m": 157.24, "fim_m": 158.76, "faixa_id": 3, "classe": "1.50–3.00 m", "_coa_length_m": 1.52, "_coa_class": "1,50–3,00 m" }, "geometry": { "type": "MultiLineString", "coordinates": [ [ [ -49.5718843, -20.4038059 ], [ -49.571897, -20.4038072 ], [ -49.5718988, -20.4038074 ] ] ] } },
{ "type": "Feature", "properties": { "linha_id": 120, "comp_m": 1.04, "ini_m": 176.2, "fim_m": 177.24, "faixa_id": 2, "classe": "0.50–1.50 m", "_coa_length_m": 1.04, "_coa_class": "0,50–1,50 m" }, "geometry": { "type": "MultiLineString", "coordinates": [ [ [ -49.5720649, -20.4038249 ], [ -49.5720658, -20.403825 ], [ -49.5720748, -20.403826 ] ] ] } },
{ "type": "Feature", "properties": { "linha_id": 120, "comp_m": 1.04, "ini_m": 233.88, "fim_m": 234.92, "faixa_id": 2, "classe": "0.50–1.50 m", "_coa_length_m": 1.04, "_coa_class": "0,50–1,50 m" }, "geometry": { "type": "MultiLineString", "coordinates": [ [ [ -49.5726145, -20.4038792 ], [ -49.5726162, -20.4038794 ], [ -49.5726244, -20.4038802 ] ] ] } },
{ "type": "Feature", "properties": { "linha_id": 120, "comp_m": 0.96, "ini_m": 235.56, "fim_m": 236.52, "faixa_id": 2, "classe": "0.50–1.50 m", "_coa_length_m": 0.96, "_coa_class": "0,50–1,50 m" }, "geometry": { "type": "MultiLineString", "coordinates": [ [ [ -49.5726305, -20.4038809 ], [ -49.5726396, -20.4038818 ] ] ] } },
{ "type": "Feature", "properties": { "linha_id": 120, "comp_m": 1.28, "ini_m": 397.16, "fim_m": 398.44, "faixa_id": 2, "classe": "0.50–1.50 m", "_coa_length_m": 1.28, "_coa_class": "0,50–1,50 m" }, "geometry": { "type": "MultiLineString", "coordinates": [ [ [ -49.5741696, -20.404035 ], [ -49.5741777, -20.4040359 ], [ -49.5741817, -20.4040365 ] ] ] } },
{ "type": "Feature", "properties": { "linha_id": 120, "comp_m": 0.72, "ini_m": 409.4, "fim_m": 410.12, "faixa_id": 2, "classe": "0.50–1.50 m", "_coa_length_m": 0.72, "_coa_class": "0,50–1,50 m" }, "geometry": { "type": "MultiLineString", "coordinates": [ [ [ -49.5742861, -20.4040473 ], [ -49.5742913, -20.4040478 ], [ -49.574293, -20.404048 ] ] ] } },
{ "type": "Feature", "properties": { "linha_id": 121, "comp_m": 1.8, "ini_m": 0.0, "fim_m": 1.8, "faixa_id": 3, "classe": "1.50–3.00 m", "_coa_length_m": 1.8, "_coa_class": "1,50–3,00 m" }, "geometry": { "type": "MultiLineString", "coordinates": [ [ [ -49.5703646, -20.4037778 ], [ -49.5703751, -20.4037781 ], [ -49.5703818, -20.4037787 ] ] ] } },
{ "type": "Feature", "properties": { "linha_id": 121, "comp_m": 1.76, "ini_m": 2.68, "fim_m": 4.44, "faixa_id": 3, "classe": "1.50–3.00 m", "_coa_length_m": 1.76, "_coa_class": "1,50–3,00 m" }, "geometry": { "type": "MultiLineString", "coordinates": [ [ [ -49.5703902, -20.4037793 ], [ -49.5703961, -20.4037797 ], [ -49.5704069, -20.40378 ], [ -49.5704071, -20.40378 ] ] ] } },
{ "type": "Feature", "properties": { "linha_id": 121, "comp_m": 2.0, "ini_m": 27.0, "fim_m": 29.0, "faixa_id": 3, "classe": "1.50–3.00 m", "_coa_length_m": 2.0, "_coa_class": "1,50–3,00 m" }, "geometry": { "type": "MultiLineString", "coordinates": [ [ [ -49.5706221, -20.4038006 ], [ -49.5706271, -20.403801 ], [ -49.570637, -20.4038034 ], [ -49.5706408, -20.4038043 ] ] ] } },
{ "type": "Feature", "properties": { "linha_id": 121, "comp_m": 0.627, "ini_m": 450.68, "fim_m": 451.307, "faixa_id": 2, "classe": "0.50–1.50 m", "_coa_length_m": 0.627, "_coa_class": "0,50–1,50 m" }, "geometry": { "type": "MultiLineString", "coordinates": [ [ [ -49.5746574, -20.4042056 ], [ -49.5746586, -20.4042056 ], [ -49.574661, -20.4042058 ], [ -49.5746634, -20.4042059 ] ] ] } },
{ "type": "Feature", "properties": { "linha_id": 122, "comp_m": 4.92, "ini_m": 0.0, "fim_m": 4.92, "faixa_id": 4, "classe": "3.00–5.00 m", "_coa_length_m": 4.921, "_coa_class": "3,00–5,00 m" }, "geometry": { "type": "MultiLineString", "coordinates": [ [ [ -49.5703687, -20.403708 ], [ -49.570369, -20.403708 ], [ -49.5703694, -20.403708 ], [ -49.5703698, -20.4037081 ], [ -49.5703702, -20.4037081 ], [ -49.5703705, -20.4037082 ], [ -49.5703709, -20.4037082 ], [ -49.5703713, -20.4037082 ], [ -49.5703717, -20.4037083 ], [ -49.5703721, -20.4037083 ], [ -49.5703724, -20.4037083 ], [ -49.5703728, -20.4037084 ], [ -49.5703732, -20.4037084 ], [ -49.5703736, -20.4037084 ], [ -49.570374, -20.4037085 ], [ -49.5703744, -20.4037085 ], [ -49.5703748, -20.4037085 ], [ -49.5703752, -20.4037085 ], [ -49.5703756, -20.4037086 ], [ -49.570376, -20.4037086 ], [ -49.5703763, -20.4037086 ], [ -49.5703767, -20.4037086 ], [ -49.5703771, -20.4037086 ], [ -49.5703775, -20.4037087 ], [ -49.5703779, -20.4037087 ], [ -49.5703783, -20.4037087 ], [ -49.5703787, -20.4037087 ], [ -49.5703791, -20.4037087 ], [ -49.5703795, -20.4037088 ], [ -49.5703799, -20.4037088 ], [ -49.5703803, -20.4037088 ], [ -49.5703807, -20.4037088 ], [ -49.5703811, -20.4037088 ], [ -49.5703815, -20.4037088 ], [ -49.5703819, -20.4037089 ], [ -49.5703823, -20.4037089 ], [ -49.5703827, -20.4037089 ], [ -49.5703831, -20.4037089 ], [ -49.5703835, -20.4037089 ], [ -49.5703839, -20.4037089 ], [ -49.5703843, -20.4037089 ], [ -49.5703847, -20.403709 ], [ -49.5703851, -20.403709 ], [ -49.5703856, -20.403709 ], [ -49.570386, -20.403709 ], [ -49.5703864, -20.403709 ], [ -49.5703868, -20.403709 ], [ -49.5703872, -20.4037091 ], [ -49.5703876, -20.4037091 ], [ -49.570388, -20.4037091 ], [ -49.5703884, -20.4037091 ], [ -49.5703888, -20.4037091 ], [ -49.5703892, -20.4037092 ], [ -49.5703896, -20.4037092 ], [ -49.57039, -20.4037092 ], [ -49.5703904, -20.4037092 ], [ -49.5703908, -20.4037093 ], [ -49.5703912, -20.4037093 ], [ -49.5703916, -20.4037093 ], [ -49.570392, -20.4037093 ], [ -49.5703924, -20.4037094 ], [ -49.5703928, -20.4037094 ], [ -49.5703932, -20.4037094 ], [ -49.5703936, -20.4037094 ], [ -49.570394, -20.4037095 ], [ -49.5703944, -20.4037095 ], [ -49.5703948, -20.4037095 ], [ -49.5703952, -20.4037096 ], [ -49.5703956, -20.4037096 ], [ -49.570396, -20.4037096 ], [ -49.5703964, -20.4037097 ], [ -49.5703968, -20.4037097 ], [ -49.5703972, -20.4037098 ], [ -49.5703976, -20.4037098 ], [ -49.570398, -20.4037099 ], [ -49.5703984, -20.4037099 ], [ -49.5703988, -20.4037099 ], [ -49.5703992, -20.40371 ], [ -49.5703996, -20.40371 ], [ -49.5704, -20.4037101 ], [ -49.5704003, -20.4037102 ], [ -49.5704007, -20.4037102 ], [ -49.5704011, -20.4037103 ], [ -49.5704015, -20.4037103 ], [ -49.5704019, -20.4037104 ], [ -49.5704023, -20.4037105 ], [ -49.5704027, -20.4037105 ], [ -49.570403, -20.4037106 ], [ -49.5704034, -20.4037107 ], [ -49.5704038, -20.4037107 ], [ -49.5704042, -20.4037108 ], [ -49.5704046, -20.4037109 ], [ -49.5704049, -20.403711 ], [ -49.5704053, -20.4037111 ], [ -49.5704057, -20.4037111 ], [ -49.570406, -20.4037112 ], [ -49.5704064, -20.4037113 ], [ -49.5704068, -20.4037114 ], [ -49.5704072, -20.4037115 ], [ -49.5704075, -20.4037116 ], [ -49.5704087, -20.4037117 ], [ -49.57041, -20.4037119 ], [ -49.5704114, -20.403712 ], [ -49.5704127, -20.4037121 ], [ -49.5704141, -20.4037123 ], [ -49.5704154, -20.4037124 ], [ -49.5704155, -20.4037124 ] ] ] } },
{ "type": "Feature", "properties": { "linha_id": 122, "comp_m": 4.16, "ini_m": 5.56, "fim_m": 9.72, "faixa_id": 4, "classe": "3.00–5.00 m", "_coa_length_m": 4.161, "_coa_class": "3,00–5,00 m" }, "geometry": { "type": "MultiLineString", "coordinates": [ [ [ -49.5704216, -20.4037127 ], [ -49.5704265, -20.4037128 ], [ -49.5704345, -20.4037143 ], [ -49.5704423, -20.403716 ], [ -49.5704505, -20.403717 ], [ -49.5704589, -20.4037176 ], [ -49.570461, -20.4037178 ] ] ] } },
{ "type": "Feature", "properties": { "linha_id": 122, "comp_m": 0.64, "ini_m": 422.6, "fim_m": 423.24, "faixa_id": 2, "classe": "0.50–1.50 m", "_coa_length_m": 0.64, "_coa_class": "0,50–1,50 m" }, "geometry": { "type": "MultiLineString", "coordinates": [ [ [ -49.5743932, -20.4041121 ], [ -49.574396, -20.4041124 ], [ -49.5743993, -20.4041128 ] ] ] } },
{ "type": "Feature", "properties": { "linha_id": 122, "comp_m": 1.12, "ini_m": 428.12, "fim_m": 429.24, "faixa_id": 2, "classe": "0.50–1.50 m", "_coa_length_m": 1.12, "_coa_class": "0,50–1,50 m" }, "geometry": { "type": "MultiLineString", "coordinates": [ [ [ -49.5744457, -20.4041185 ], [ -49.5744549, -20.4041197 ], [ -49.5744563, -20.4041199 ] ] ] } },
{ "type": "Feature", "properties": { "linha_id": 122, "comp_m": 0.56, "ini_m": 445.88, "fim_m": 446.44, "faixa_id": 2, "classe": "0.50–1.50 m", "_coa_length_m": 0.56, "_coa_class": "0,50–1,50 m" }, "geometry": { "type": "MultiLineString", "coordinates": [ [ [ -49.574614, -20.4041349 ], [ -49.5746142, -20.4041349 ], [ -49.5746157, -20.4041351 ], [ -49.5746173, -20.4041352 ], [ -49.5746188, -20.4041353 ], [ -49.5746194, -20.4041354 ] ] ] } },
{ "type": "Feature", "properties": { "linha_id": 122, "comp_m": 0.96, "ini_m": 448.76, "fim_m": 449.72, "faixa_id": 2, "classe": "0.50–1.50 m", "_coa_length_m": 0.96, "_coa_class": "0,50–1,50 m" }, "geometry": { "type": "MultiLineString", "coordinates": [ [ [ -49.5746415, -20.404137 ], [ -49.5746419, -20.404137 ], [ -49.5746435, -20.4041371 ], [ -49.574645, -20.4041372 ], [ -49.5746465, -20.4041373 ], [ -49.5746481, -20.4041374 ], [ -49.5746496, -20.4041374 ], [ -49.5746507, -20.4041375 ] ] ] } },
{ "type": "Feature", "properties": { "linha_id": 122, "comp_m": 0.54, "ini_m": 450.36, "fim_m": 450.9, "faixa_id": 2, "classe": "0.50–1.50 m", "_coa_length_m": 0.54, "_coa_class": "0,50–1,50 m" }, "geometry": { "type": "MultiLineString", "coordinates": [ [ [ -49.5746568, -20.4041378 ], [ -49.5746574, -20.4041378 ], [ -49.5746589, -20.4041379 ], [ -49.5746605, -20.4041379 ], [ -49.574662, -20.404138 ] ] ] } },
{ "type": "Feature", "properties": { "linha_id": 123, "comp_m": 0.96, "ini_m": 0.68, "fim_m": 1.64, "faixa_id": 2, "classe": "0.50–1.50 m", "_coa_length_m": 0.96, "_coa_class": "0,50–1,50 m" }, "geometry": { "type": "MultiLineString", "coordinates": [ [ [ -49.5703833, -20.4037638 ], [ -49.5703872, -20.4037642 ], [ -49.5703925, -20.4037648 ] ] ] } },
{ "type": "Feature", "properties": { "linha_id": 123, "comp_m": 1.36, "ini_m": 9.0, "fim_m": 10.36, "faixa_id": 2, "classe": "0.50–1.50 m", "_coa_length_m": 1.36, "_coa_class": "0,50–1,50 m" }, "geometry": { "type": "MultiLineString", "coordinates": [ [ [ -49.5704626, -20.4037713 ], [ -49.5704696, -20.4037723 ], [ -49.5704755, -20.4037731 ] ] ] } },
{ "type": "Feature", "properties": { "linha_id": 123, "comp_m": 0.96, "ini_m": 17.4, "fim_m": 18.36, "faixa_id": 2, "classe": "0.50–1.50 m", "_coa_length_m": 0.96, "_coa_class": "0,50–1,50 m" }, "geometry": { "type": "MultiLineString", "coordinates": [ [ [ -49.5705426, -20.4037799 ], [ -49.5705517, -20.4037808 ] ] ] } },
{ "type": "Feature", "properties": { "linha_id": 123, "comp_m": 1.68, "ini_m": 22.76, "fim_m": 24.44, "faixa_id": 3, "classe": "1.50–3.00 m", "_coa_length_m": 1.68, "_coa_class": "1,50–3,00 m" }, "geometry": { "type": "MultiLineString", "coordinates": [ [ [ -49.5705936, -20.4037852 ], [ -49.5706037, -20.4037864 ], [ -49.5706096, -20.4037872 ] ] ] } },
{ "type": "Feature", "properties": { "linha_id": 123, "comp_m": 0.56, "ini_m": 25.08, "fim_m": 25.64, "faixa_id": 2, "classe": "0.50–1.50 m", "_coa_length_m": 0.56, "_coa_class": "0,50–1,50 m" }, "geometry": { "type": "MultiLineString", "coordinates": [ [ [ -49.5706156, -20.403788 ], [ -49.570621, -20.4037887 ] ] ] } },
{ "type": "Feature", "properties": { "linha_id": 123, "comp_m": 1.12, "ini_m": 26.36, "fim_m": 27.48, "faixa_id": 2, "classe": "0.50–1.50 m", "_coa_length_m": 1.12, "_coa_class": "0,50–1,50 m" }, "geometry": { "type": "MultiLineString", "coordinates": [ [ [ -49.5706278, -20.4037896 ], [ -49.5706343, -20.4037905 ], [ -49.5706384, -20.4037909 ] ] ] } },
{ "type": "Feature", "properties": { "linha_id": 123, "comp_m": 0.96, "ini_m": 55.4, "fim_m": 56.36, "faixa_id": 2, "classe": "0.50–1.50 m", "_coa_length_m": 0.96, "_coa_class": "0,50–1,50 m" }, "geometry": { "type": "MultiLineString", "coordinates": [ [ [ -49.5709044, -20.4038174 ], [ -49.5709134, -20.4038185 ], [ -49.5709135, -20.4038185 ] ] ] } },
{ "type": "Feature", "properties": { "linha_id": 123, "comp_m": 1.2, "ini_m": 71.08, "fim_m": 72.28, "faixa_id": 2, "classe": "0.50–1.50 m", "_coa_length_m": 1.2, "_coa_class": "0,50–1,50 m" }, "geometry": { "type": "MultiLineString", "coordinates": [ [ [ -49.5710538, -20.4038326 ], [ -49.5710581, -20.403833 ], [ -49.5710652, -20.4038336 ] ] ] } },
{ "type": "Feature", "properties": { "linha_id": 123, "comp_m": 0.56, "ini_m": 333.16, "fim_m": 333.72, "faixa_id": 2, "classe": "0.50–1.50 m", "_coa_length_m": 0.56, "_coa_class": "0,50–1,50 m" }, "geometry": { "type": "MultiLineString", "coordinates": [ [ [ -49.5735506, -20.4040831 ], [ -49.573551, -20.4040831 ], [ -49.5735559, -20.4040835 ] ] ] } },
{ "type": "Feature", "properties": { "linha_id": 123, "comp_m": 1.2, "ini_m": 432.92, "fim_m": 434.12, "faixa_id": 2, "classe": "0.50–1.50 m", "_coa_length_m": 1.2, "_coa_class": "0,50–1,50 m" }, "geometry": { "type": "MultiLineString", "coordinates": [ [ [ -49.574501, -20.4041782 ], [ -49.5745124, -20.4041794 ] ] ] } },
{ "type": "Feature", "properties": { "linha_id": 123, "comp_m": 0.88, "ini_m": 445.8, "fim_m": 446.68, "faixa_id": 2, "classe": "0.50–1.50 m", "_coa_length_m": 0.88, "_coa_class": "0,50–1,50 m" }, "geometry": { "type": "MultiLineString", "coordinates": [ [ [ -49.5746238, -20.4041897 ], [ -49.5746322, -20.4041904 ] ] ] } },
{ "type": "Feature", "properties": { "linha_id": 123, "comp_m": 1.626, "ini_m": 448.12, "fim_m": 449.746, "faixa_id": 3, "classe": "1.50–3.00 m", "_coa_length_m": 1.626, "_coa_class": "1,50–3,00 m" }, "geometry": { "type": "MultiLineString", "coordinates": [ [ [ -49.5746459, -20.4041919 ], [ -49.5746614, -20.4041936 ] ] ] } },
{ "type": "Feature", "properties": { "linha_id": 124, "comp_m": 0.64, "ini_m": 5.56, "fim_m": 6.2, "faixa_id": 2, "classe": "0.50–1.50 m", "_coa_length_m": 0.64, "_coa_class": "0,50–1,50 m" }, "geometry": { "type": "MultiLineString", "coordinates": [ [ [ -49.5704261, -20.4037535 ], [ -49.5704262, -20.4037535 ], [ -49.5704272, -20.4037536 ], [ -49.5704282, -20.4037536 ], [ -49.5704291, -20.4037536 ], [ -49.5704301, -20.4037536 ], [ -49.5704311, -20.4037536 ], [ -49.5704321, -20.4037537 ], [ -49.5704322, -20.4037537 ] ] ] } },
{ "type": "Feature", "properties": { "linha_id": 124, "comp_m": 1.92, "ini_m": 7.64, "fim_m": 9.56, "faixa_id": 3, "classe": "1.50–3.00 m", "_coa_length_m": 1.92, "_coa_class": "1,50–3,00 m" }, "geometry": { "type": "MultiLineString", "coordinates": [ [ [ -49.5704459, -20.4037544 ], [ -49.5704465, -20.4037545 ], [ -49.5704474, -20.4037546 ], [ -49.5704482, -20.4037548 ], [ -49.5704491, -20.403755 ], [ -49.5704508, -20.4037553 ], [ -49.5704527, -20.4037556 ], [ -49.5704547, -20.403756 ], [ -49.5704566, -20.4037565 ], [ -49.5704586, -20.4037569 ], [ -49.5704605, -20.4037573 ], [ -49.5704624, -20.4037577 ], [ -49.5704639, -20.403758 ] ] ] } },
{ "type": "Feature", "properties": { "linha_id": 124, "comp_m": 0.56, "ini_m": 10.2, "fim_m": 10.76, "faixa_id": 2, "classe": "0.50–1.50 m", "_coa_length_m": 0.56, "_coa_class": "0,50–1,50 m" }, "geometry": { "type": "MultiLineString", "coordinates": [ [ [ -49.57047, -20.403759 ], [ -49.5704722, -20.4037593 ], [ -49.5704753, -20.4037597 ] ] ] } },
{ "type": "Feature", "properties": { "linha_id": 124, "comp_m": 0.8, "ini_m": 17.72, "fim_m": 18.52, "faixa_id": 2, "classe": "0.50–1.50 m", "_coa_length_m": 0.8, "_coa_class": "0,50–1,50 m" }, "geometry": { "type": "MultiLineString", "coordinates": [ [ [ -49.5705415, -20.4037666 ], [ -49.5705423, -20.4037667 ], [ -49.5705464, -20.4037674 ], [ -49.5705491, -20.4037678 ] ] ] } },
{ "type": "Feature", "properties": { "linha_id": 124, "comp_m": 0.865, "ini_m": 449.64, "fim_m": 450.505, "faixa_id": 2, "classe": "0.50–1.50 m", "_coa_length_m": 0.865, "_coa_class": "0,50–1,50 m" }, "geometry": { "type": "MultiLineString", "coordinates": [ [ [ -49.5746531, -20.4041786 ], [ -49.5746614, -20.4041792 ] ] ] } },
{ "type": "Feature", "properties": { "linha_id": 125, "comp_m": 0.56, "ini_m": 56.12, "fim_m": 56.68, "faixa_id": 2, "classe": "0.50–1.50 m", "_coa_length_m": 0.56, "_coa_class": "0,50–1,50 m" }, "geometry": { "type": "MultiLineString", "coordinates": [ [ [ -49.5741272, -20.4041124 ], [ -49.5741219, -20.4041118 ] ] ] } },
{ "type": "Feature", "properties": { "linha_id": 125, "comp_m": 0.8, "ini_m": 99.48, "fim_m": 100.28, "faixa_id": 2, "classe": "0.50–1.50 m", "_coa_length_m": 0.8, "_coa_class": "0,50–1,50 m" }, "geometry": { "type": "MultiLineString", "coordinates": [ [ [ -49.573714, -20.4040718 ], [ -49.5737064, -20.4040711 ] ] ] } },
{ "type": "Feature", "properties": { "linha_id": 125, "comp_m": 0.64, "ini_m": 149.72, "fim_m": 150.36, "faixa_id": 2, "classe": "0.50–1.50 m", "_coa_length_m": 0.64, "_coa_class": "0,50–1,50 m" }, "geometry": { "type": "MultiLineString", "coordinates": [ [ [ -49.5732377, -20.4040242 ], [ -49.5732373, -20.4040241 ], [ -49.5732339, -20.4040238 ], [ -49.5732316, -20.4040236 ] ] ] } },
{ "type": "Feature", "properties": { "linha_id": 125, "comp_m": 1.52, "ini_m": 150.84, "fim_m": 152.36, "faixa_id": 3, "classe": "1.50–3.00 m", "_coa_length_m": 1.52, "_coa_class": "1,50–3,00 m" }, "geometry": { "type": "MultiLineString", "coordinates": [ [ [ -49.573227, -20.4040231 ], [ -49.5732236, -20.4040228 ], [ -49.5732202, -20.4040225 ], [ -49.5732168, -20.4040222 ], [ -49.5732134, -20.4040218 ], [ -49.5732125, -20.4040218 ] ] ] } },
{ "type": "Feature", "properties": { "linha_id": 125, "comp_m": 0.56, "ini_m": 168.52, "fim_m": 169.08, "faixa_id": 2, "classe": "0.50–1.50 m", "_coa_length_m": 0.56, "_coa_class": "0,50–1,50 m" }, "geometry": { "type": "MultiLineString", "coordinates": [ [ [ -49.5730587, -20.4040056 ], [ -49.5730534, -20.4040052 ] ] ] } },
{ "type": "Feature", "properties": { "linha_id": 125, "comp_m": 0.56, "ini_m": 329.96, "fim_m": 330.52, "faixa_id": 2, "classe": "0.50–1.50 m", "_coa_length_m": 0.56, "_coa_class": "0,50–1,50 m" }, "geometry": { "type": "MultiLineString", "coordinates": [ [ [ -49.5715207, -20.4038515 ], [ -49.5715153, -20.4038509 ] ] ] } },
{ "type": "Feature", "properties": { "linha_id": 125, "comp_m": 0.8, "ini_m": 334.92, "fim_m": 335.72, "faixa_id": 2, "classe": "0.50–1.50 m", "_coa_length_m": 0.8, "_coa_class": "0,50–1,50 m" }, "geometry": { "type": "MultiLineString", "coordinates": [ [ [ -49.5714734, -20.4038468 ], [ -49.5714658, -20.4038463 ] ] ] } },
{ "type": "Feature", "properties": { "linha_id": 125, "comp_m": 1.2, "ini_m": 338.04, "fim_m": 339.24, "faixa_id": 2, "classe": "0.50–1.50 m", "_coa_length_m": 1.2, "_coa_class": "0,50–1,50 m" }, "geometry": { "type": "MultiLineString", "coordinates": [ [ [ -49.5714437, -20.4038436 ], [ -49.5714407, -20.4038433 ], [ -49.5714323, -20.4038426 ] ] ] } },
{ "type": "Feature", "properties": { "linha_id": 125, "comp_m": 1.04, "ini_m": 340.68, "fim_m": 341.72, "faixa_id": 2, "classe": "0.50–1.50 m", "_coa_length_m": 1.04, "_coa_class": "0,50–1,50 m" }, "geometry": { "type": "MultiLineString", "coordinates": [ [ [ -49.5714185, -20.4038416 ], [ -49.5714182, -20.4038416 ], [ -49.5714086, -20.4038404 ] ] ] } },
{ "type": "Feature", "properties": { "linha_id": 125, "comp_m": 0.72, "ini_m": 343.56, "fim_m": 344.28, "faixa_id": 2, "classe": "0.50–1.50 m", "_coa_length_m": 0.72, "_coa_class": "0,50–1,50 m" }, "geometry": { "type": "MultiLineString", "coordinates": [ [ [ -49.5713912, -20.4038382 ], [ -49.5713843, -20.4038373 ] ] ] } },
{ "type": "Feature", "properties": { "linha_id": 125, "comp_m": 0.88, "ini_m": 348.12, "fim_m": 349.0, "faixa_id": 2, "classe": "0.50–1.50 m", "_coa_length_m": 0.88, "_coa_class": "0,50–1,50 m" }, "geometry": { "type": "MultiLineString", "coordinates": [ [ [ -49.5713477, -20.4038339 ], [ -49.5713393, -20.4038331 ] ] ] } },
{ "type": "Feature", "properties": { "linha_id": 125, "comp_m": 0.56, "ini_m": 396.52, "fim_m": 397.08, "faixa_id": 2, "classe": "0.50–1.50 m", "_coa_length_m": 0.56, "_coa_class": "0,50–1,50 m" }, "geometry": { "type": "MultiLineString", "coordinates": [ [ [ -49.5708867, -20.4037875 ], [ -49.5708816, -20.4037869 ], [ -49.5708814, -20.4037869 ] ] ] } },
{ "type": "Feature", "properties": { "linha_id": 125, "comp_m": 0.56, "ini_m": 420.44, "fim_m": 421.0, "faixa_id": 2, "classe": "0.50–1.50 m", "_coa_length_m": 0.56, "_coa_class": "0,50–1,50 m" }, "geometry": { "type": "MultiLineString", "coordinates": [ [ [ -49.5706589, -20.4037646 ], [ -49.5706564, -20.4037644 ], [ -49.5706535, -20.4037641 ] ] ] } },
{ "type": "Feature", "properties": { "linha_id": 125, "comp_m": 1.12, "ini_m": 437.88, "fim_m": 439.0, "faixa_id": 2, "classe": "0.50–1.50 m", "_coa_length_m": 1.12, "_coa_class": "0,50–1,50 m" }, "geometry": { "type": "MultiLineString", "coordinates": [ [ [ -49.5704927, -20.4037478 ], [ -49.570489, -20.4037474 ], [ -49.5704832, -20.4037467 ], [ -49.570482, -20.4037466 ] ] ] } },
{ "type": "Feature", "properties": { "linha_id": 125, "comp_m": 1.68, "ini_m": 440.68, "fim_m": 442.36, "faixa_id": 3, "classe": "1.50–3.00 m", "_coa_length_m": 1.68, "_coa_class": "1,50–3,00 m" }, "geometry": { "type": "MultiLineString", "coordinates": [ [ [ -49.5704661, -20.4037449 ], [ -49.5704659, -20.4037449 ], [ -49.5704602, -20.4037443 ], [ -49.5704544, -20.4037437 ], [ -49.5704501, -20.4037432 ] ] ] } },
{ "type": "Feature", "properties": { "linha_id": 125, "comp_m": 2.64, "ini_m": 444.04, "fim_m": 446.68, "faixa_id": 3, "classe": "1.50–3.00 m", "_coa_length_m": 2.64, "_coa_class": "1,50–3,00 m" }, "geometry": { "type": "MultiLineString", "coordinates": [ [ [ -49.570434, -20.4037417 ], [ -49.5704315, -20.4037414 ], [ -49.5704257, -20.4037409 ], [ -49.57042, -20.4037405 ], [ -49.5704189, -20.4037402 ], [ -49.5704178, -20.4037399 ], [ -49.5704166, -20.4037395 ], [ -49.5704155, -20.4037391 ], [ -49.5704143, -20.4037387 ], [ -49.5704131, -20.4037384 ], [ -49.570412, -20.4037381 ], [ -49.5704109, -20.403738 ], [ -49.5704107, -20.4037381 ], [ -49.5704105, -20.4037381 ], [ -49.5704102, -20.4037382 ], [ -49.57041, -20.4037382 ], [ -49.5704098, -20.4037383 ], [ -49.5704095, -20.4037383 ], [ -49.5704093, -20.4037383 ], [ -49.5704092, -20.4037383 ] ] ] } },
{ "type": "Feature", "properties": { "linha_id": 125, "comp_m": 1.12, "ini_m": 447.64, "fim_m": 448.76, "faixa_id": 2, "classe": "0.50–1.50 m", "_coa_length_m": 1.12, "_coa_class": "0,50–1,50 m" }, "geometry": { "type": "MultiLineString", "coordinates": [ [ [ -49.5704001, -20.4037389 ], [ -49.5704, -20.4037389 ], [ -49.5703998, -20.4037388 ], [ -49.5703995, -20.4037388 ], [ -49.5703993, -20.4037388 ], [ -49.5703991, -20.4037388 ], [ -49.5703988, -20.4037388 ], [ -49.5703986, -20.4037388 ], [ -49.5703984, -20.4037388 ], [ -49.5703981, -20.4037388 ], [ -49.5703979, -20.4037388 ], [ -49.5703977, -20.4037388 ], [ -49.5703974, -20.4037387 ], [ -49.5703972, -20.4037387 ], [ -49.570397, -20.4037387 ], [ -49.5703968, -20.4037387 ], [ -49.5703965, -20.4037387 ], [ -49.5703963, -20.4037387 ], [ -49.5703961, -20.4037387 ], [ -49.5703958, -20.4037387 ], [ -49.5703956, -20.4037386 ], [ -49.5703954, -20.4037386 ], [ -49.5703951, -20.4037386 ], [ -49.5703949, -20.4037386 ], [ -49.5703947, -20.4037386 ], [ -49.5703944, -20.4037386 ], [ -49.5703942, -20.4037386 ], [ -49.570394, -20.4037385 ], [ -49.5703937, -20.4037385 ], [ -49.5703935, -20.4037385 ], [ -49.5703933, -20.4037385 ], [ -49.570393, -20.4037385 ], [ -49.5703928, -20.4037385 ], [ -49.5703926, -20.4037385 ], [ -49.5703923, -20.4037384 ], [ -49.5703921, -20.4037384 ], [ -49.5703919, -20.4037384 ], [ -49.5703916, -20.4037384 ], [ -49.5703914, -20.4037384 ], [ -49.5703912, -20.4037384 ], [ -49.5703909, -20.4037384 ], [ -49.5703907, -20.4037384 ], [ -49.5703904, -20.4037384 ], [ -49.5703902, -20.4037383 ], [ -49.57039, -20.4037383 ], [ -49.5703897, -20.4037383 ], [ -49.5703895, -20.4037383 ], [ -49.5703894, -20.4037383 ] ] ] } },
{ "type": "Feature", "properties": { "linha_id": 126, "comp_m": 1.44, "ini_m": 1.08, "fim_m": 2.52, "faixa_id": 2, "classe": "0.50–1.50 m", "_coa_length_m": 1.44, "_coa_class": "0,50–1,50 m" }, "geometry": { "type": "MultiLineString", "coordinates": [ [ [ -49.570413, -20.4035907 ], [ -49.570418, -20.4035911 ], [ -49.5704256, -20.4035918 ], [ -49.5704267, -20.4035919 ] ] ] } },
{ "type": "Feature", "properties": { "linha_id": 126, "comp_m": 0.56, "ini_m": 5.8, "fim_m": 6.36, "faixa_id": 2, "classe": "0.50–1.50 m", "_coa_length_m": 0.56, "_coa_class": "0,50–1,50 m" }, "geometry": { "type": "MultiLineString", "coordinates": [ [ [ -49.570458, -20.4035949 ], [ -49.5704633, -20.4035954 ] ] ] } },
{ "type": "Feature", "properties": { "linha_id": 126, "comp_m": 1.12, "ini_m": 6.92, "fim_m": 8.04, "faixa_id": 2, "classe": "0.50–1.50 m", "_coa_length_m": 1.12, "_coa_class": "0,50–1,50 m" }, "geometry": { "type": "MultiLineString", "coordinates": [ [ [ -49.5704687, -20.4035961 ], [ -49.5704712, -20.4035964 ], [ -49.5704787, -20.4035975 ], [ -49.5704793, -20.4035976 ] ] ] } },
{ "type": "Feature", "properties": { "linha_id": 126, "comp_m": 0.8, "ini_m": 196.6, "fim_m": 197.4, "faixa_id": 2, "classe": "0.50–1.50 m", "_coa_length_m": 0.8, "_coa_class": "0,50–1,50 m" }, "geometry": { "type": "MultiLineString", "coordinates": [ [ [ -49.5722755, -20.4037771 ], [ -49.5722822, -20.403778 ], [ -49.5722831, -20.4037781 ] ] ] } },
{ "type": "Feature", "properties": { "linha_id": 126, "comp_m": 0.64, "ini_m": 271.32, "fim_m": 271.96, "faixa_id": 2, "classe": "0.50–1.50 m", "_coa_length_m": 0.64, "_coa_class": "0,50–1,50 m" }, "geometry": { "type": "MultiLineString", "coordinates": [ [ [ -49.5729874, -20.4038479 ], [ -49.572989, -20.403848 ], [ -49.5729935, -20.4038485 ] ] ] } },
{ "type": "Feature", "properties": { "linha_id": 126, "comp_m": 0.72, "ini_m": 312.44, "fim_m": 313.16, "faixa_id": 2, "classe": "0.50–1.50 m", "_coa_length_m": 0.72, "_coa_class": "0,50–1,50 m" }, "geometry": { "type": "MultiLineString", "coordinates": [ [ [ -49.5733791, -20.4038877 ], [ -49.5733831, -20.4038881 ], [ -49.573386, -20.4038884 ] ] ] } },
{ "type": "Feature", "properties": { "linha_id": 126, "comp_m": 0.96, "ini_m": 314.76, "fim_m": 315.72, "faixa_id": 2, "classe": "0.50–1.50 m", "_coa_length_m": 0.96, "_coa_class": "0,50–1,50 m" }, "geometry": { "type": "MultiLineString", "coordinates": [ [ [ -49.5734012, -20.4038899 ], [ -49.5734029, -20.4038901 ], [ -49.5734079, -20.4038906 ], [ -49.5734104, -20.4038908 ] ] ] } },
{ "type": "Feature", "properties": { "linha_id": 126, "comp_m": 0.88, "ini_m": 382.36, "fim_m": 383.24, "faixa_id": 2, "classe": "0.50–1.50 m", "_coa_length_m": 0.88, "_coa_class": "0,50–1,50 m" }, "geometry": { "type": "MultiLineString", "coordinates": [ [ [ -49.574045, -20.4039554 ], [ -49.5740452, -20.4039554 ], [ -49.5740527, -20.4039561 ], [ -49.5740534, -20.4039562 ] ] ] } },
{ "type": "Feature", "properties": { "linha_id": 126, "comp_m": 0.64, "ini_m": 389.0, "fim_m": 389.64, "faixa_id": 2, "classe": "0.50–1.50 m", "_coa_length_m": 0.64, "_coa_class": "0,50–1,50 m" }, "geometry": { "type": "MultiLineString", "coordinates": [ [ [ -49.5741083, -20.4039613 ], [ -49.5741125, -20.4039617 ], [ -49.5741144, -20.4039619 ] ] ] } },
{ "type": "Feature", "properties": { "linha_id": 126, "comp_m": 0.56, "ini_m": 421.96, "fim_m": 422.52, "faixa_id": 2, "classe": "0.50–1.50 m", "_coa_length_m": 0.56, "_coa_class": "0,50–1,50 m" }, "geometry": { "type": "MultiLineString", "coordinates": [ [ [ -49.5744226, -20.4039904 ], [ -49.5744263, -20.4039908 ], [ -49.5744279, -20.403991 ] ] ] } },
{ "type": "Feature", "properties": { "linha_id": 126, "comp_m": 0.56, "ini_m": 423.96, "fim_m": 424.52, "faixa_id": 2, "classe": "0.50–1.50 m", "_coa_length_m": 0.56, "_coa_class": "0,50–1,50 m" }, "geometry": { "type": "MultiLineString", "coordinates": [ [ [ -49.5744413, -20.4039929 ], [ -49.5744426, -20.4039931 ], [ -49.5744449, -20.4039934 ], [ -49.5744466, -20.4039936 ] ] ] } },
{ "type": "Feature", "properties": { "linha_id": 126, "comp_m": 1.04, "ini_m": 426.36, "fim_m": 427.4, "faixa_id": 2, "classe": "0.50–1.50 m", "_coa_length_m": 1.04, "_coa_class": "0,50–1,50 m" }, "geometry": { "type": "MultiLineString", "coordinates": [ [ [ -49.5744641, -20.4039953 ], [ -49.5744656, -20.4039955 ], [ -49.5744679, -20.4039957 ], [ -49.5744702, -20.403996 ], [ -49.5744725, -20.4039963 ], [ -49.574474, -20.4039965 ] ] ] } },
{ "type": "Feature", "properties": { "linha_id": 126, "comp_m": 0.88, "ini_m": 434.92, "fim_m": 435.8, "faixa_id": 2, "classe": "0.50–1.50 m", "_coa_length_m": 0.88, "_coa_class": "0,50–1,50 m" }, "geometry": { "type": "MultiLineString", "coordinates": [ [ [ -49.5745456, -20.4040046 ], [ -49.5745458, -20.4040046 ], [ -49.5745481, -20.4040049 ], [ -49.5745504, -20.4040051 ], [ -49.5745527, -20.4040054 ], [ -49.5745539, -20.4040055 ] ] ] } },
{ "type": "Feature", "properties": { "linha_id": 126, "comp_m": 0.8, "ini_m": 443.32, "fim_m": 444.12, "faixa_id": 2, "classe": "0.50–1.50 m", "_coa_length_m": 0.8, "_coa_class": "0,50–1,50 m" }, "geometry": { "type": "MultiLineString", "coordinates": [ [ [ -49.5746255, -20.4040132 ], [ -49.5746263, -20.4040132 ], [ -49.5746286, -20.4040135 ], [ -49.5746309, -20.4040137 ], [ -49.5746331, -20.404014 ] ] ] } },
{ "type": "Feature", "properties": { "linha_id": 126, "comp_m": 0.743, "ini_m": 446.28, "fim_m": 447.023, "faixa_id": 2, "classe": "0.50–1.50 m", "_coa_length_m": 0.743, "_coa_class": "0,50–1,50 m" }, "geometry": { "type": "MultiLineString", "coordinates": [ [ [ -49.5746537, -20.4040162 ], [ -49.5746539, -20.4040162 ], [ -49.5746562, -20.4040164 ], [ -49.5746585, -20.4040167 ], [ -49.5746608, -20.4040169 ] ] ] } },
{ "type": "Feature", "properties": { "linha_id": 127, "comp_m": 1.44, "ini_m": 0.04, "fim_m": 1.48, "faixa_id": 2, "classe": "0.50–1.50 m", "_coa_length_m": 1.44, "_coa_class": "0,50–1,50 m" }, "geometry": { "type": "MultiLineString", "coordinates": [ [ [ -49.5703726, -20.4036951 ], [ -49.5703727, -20.4036951 ], [ -49.5703732, -20.4036951 ], [ -49.5703736, -20.4036951 ], [ -49.5703741, -20.4036952 ], [ -49.5703746, -20.4036952 ], [ -49.5703751, -20.4036952 ], [ -49.5703756, -20.4036953 ], [ -49.5703761, -20.4036953 ], [ -49.5703765, -20.4036953 ], [ -49.570377, -20.4036953 ], [ -49.5703775, -20.4036953 ], [ -49.570378, -20.4036954 ], [ -49.5703785, -20.4036954 ], [ -49.570379, -20.4036954 ], [ -49.5703794, -20.4036954 ], [ -49.5703799, -20.4036954 ], [ -49.5703804, -20.4036955 ], [ -49.5703809, -20.4036955 ], [ -49.5703814, -20.4036955 ], [ -49.5703819, -20.4036955 ], [ -49.5703823, -20.4036955 ], [ -49.5703828, -20.4036955 ], [ -49.5703833, -20.4036955 ], [ -49.5703838, -20.4036956 ], [ -49.5703843, -20.4036956 ], [ -49.5703848, -20.4036956 ], [ -49.5703852, -20.4036956 ], [ -49.5703857, -20.4036956 ], [ -49.5703862, -20.4036956 ], [ -49.5703864, -20.4036956 ] ] ] } },
{ "type": "Feature", "properties": { "linha_id": 127, "comp_m": 1.52, "ini_m": 3.0, "fim_m": 4.52, "faixa_id": 3, "classe": "1.50–3.00 m", "_coa_length_m": 1.52, "_coa_class": "1,50–3,00 m" }, "geometry": { "type": "MultiLineString", "coordinates": [ [ [ -49.5704009, -20.4036959 ], [ -49.5704011, -20.4036959 ], [ -49.5704016, -20.403696 ], [ -49.570402, -20.403696 ], [ -49.5704025, -20.403696 ], [ -49.570403, -20.403696 ], [ -49.5704035, -20.4036961 ], [ -49.570404, -20.4036961 ], [ -49.5704044, -20.4036961 ], [ -49.5704049, -20.4036961 ], [ -49.5704054, -20.4036962 ], [ -49.5704059, -20.4036962 ], [ -49.5704063, -20.4036962 ], [ -49.5704068, -20.4036963 ], [ -49.5704073, -20.4036963 ], [ -49.5704078, -20.4036963 ], [ -49.5704082, -20.4036964 ], [ -49.5704087, -20.4036964 ], [ -49.5704092, -20.4036964 ], [ -49.5704097, -20.4036965 ], [ -49.5704102, -20.4036965 ], [ -49.5704106, -20.4036966 ], [ -49.5704111, -20.4036966 ], [ -49.5704116, -20.4036967 ], [ -49.5704121, -20.4036967 ], [ -49.5704125, -20.4036968 ], [ -49.570413, -20.4036968 ], [ -49.5704135, -20.4036969 ], [ -49.570414, -20.403697 ], [ -49.5704144, -20.403697 ], [ -49.5704149, -20.4036971 ], [ -49.5704154, -20.4036971 ], [ -49.5704154, -20.4036972 ] ] ] } },
{ "type": "Feature", "properties": { "linha_id": 127, "comp_m": 3.12, "ini_m": 5.0, "fim_m": 8.12, "faixa_id": 4, "classe": "3.00–5.00 m", "_coa_length_m": 3.12, "_coa_class": "3,00–5,00 m" }, "geometry": { "type": "MultiLineString", "coordinates": [ [ [ -49.5704196, -20.4036977 ], [ -49.5704293, -20.4037003 ], [ -49.5704426, -20.4037016 ], [ -49.570449, -20.403702 ] ] ] } },
{ "type": "Feature", "properties": { "linha_id": 127, "comp_m": 0.96, "ini_m": 8.84, "fim_m": 9.8, "faixa_id": 2, "classe": "0.50–1.50 m", "_coa_length_m": 0.96, "_coa_class": "0,50–1,50 m" }, "geometry": { "type": "MultiLineString", "coordinates": [ [ [ -49.5704559, -20.4037025 ], [ -49.570456, -20.4037025 ], [ -49.5704651, -20.4037035 ] ] ] } },
{ "type": "Feature", "properties": { "linha_id": 127, "comp_m": 2.0, "ini_m": 11.56, "fim_m": 13.56, "faixa_id": 3, "classe": "1.50–3.00 m", "_coa_length_m": 2.0, "_coa_class": "1,50–3,00 m" }, "geometry": { "type": "MultiLineString", "coordinates": [ [ [ -49.5704818, -20.4037057 ], [ -49.5704823, -20.4037058 ], [ -49.5704954, -20.4037073 ], [ -49.5705008, -20.4037078 ] ] ] } },
{ "type": "Feature", "properties": { "linha_id": 127, "comp_m": 0.72, "ini_m": 250.6, "fim_m": 251.32, "faixa_id": 2, "classe": "0.50–1.50 m", "_coa_length_m": 0.72, "_coa_class": "0,50–1,50 m" }, "geometry": { "type": "MultiLineString", "coordinates": [ [ [ -49.5727586, -20.4039355 ], [ -49.5727592, -20.4039356 ], [ -49.5727655, -20.4039361 ] ] ] } },
{ "type": "Feature", "properties": { "linha_id": 127, "comp_m": 0.64, "ini_m": 265.24, "fim_m": 265.88, "faixa_id": 2, "classe": "0.50–1.50 m", "_coa_length_m": 0.64, "_coa_class": "0,50–1,50 m" }, "geometry": { "type": "MultiLineString", "coordinates": [ [ [ -49.572898, -20.4039483 ], [ -49.5729041, -20.403949 ] ] ] } },
{ "type": "Feature", "properties": { "linha_id": 127, "comp_m": 0.72, "ini_m": 278.68, "fim_m": 279.4, "faixa_id": 2, "classe": "0.50–1.50 m", "_coa_length_m": 0.72, "_coa_class": "0,50–1,50 m" }, "geometry": { "type": "MultiLineString", "coordinates": [ [ [ -49.573026, -20.4039618 ], [ -49.5730329, -20.4039625 ] ] ] } },
{ "type": "Feature", "properties": { "linha_id": 127, "comp_m": 0.64, "ini_m": 306.52, "fim_m": 307.16, "faixa_id": 2, "classe": "0.50–1.50 m", "_coa_length_m": 0.64, "_coa_class": "0,50–1,50 m" }, "geometry": { "type": "MultiLineString", "coordinates": [ [ [ -49.5732913, -20.403988 ], [ -49.5732934, -20.4039882 ], [ -49.5732974, -20.4039885 ] ] ] } },
{ "type": "Feature", "properties": { "linha_id": 127, "comp_m": 0.56, "ini_m": 424.76, "fim_m": 425.32, "faixa_id": 2, "classe": "0.50–1.50 m", "_coa_length_m": 0.56, "_coa_class": "0,50–1,50 m" }, "geometry": { "type": "MultiLineString", "coordinates": [ [ [ -49.5744178, -20.4041008 ], [ -49.5744202, -20.4041011 ], [ -49.5744231, -20.4041015 ] ] ] } },
{ "type": "Feature", "properties": { "linha_id": 127, "comp_m": 0.56, "ini_m": 448.2, "fim_m": 448.76, "faixa_id": 2, "classe": "0.50–1.50 m", "_coa_length_m": 0.56, "_coa_class": "0,50–1,50 m" }, "geometry": { "type": "MultiLineString", "coordinates": [ [ [ -49.5746412, -20.404122 ], [ -49.5746465, -20.4041225 ] ] ] } },
{ "type": "Feature", "properties": { "linha_id": 128, "comp_m": 3.24, "ini_m": 0.0, "fim_m": 3.24, "faixa_id": 4, "classe": "3.00–5.00 m", "_coa_length_m": 3.24, "_coa_class": "3,00–5,00 m" }, "geometry": { "type": "MultiLineString", "coordinates": [ [ [ -49.5704301, -20.4037261 ], [ -49.5704573, -20.4037307 ], [ -49.5704607, -20.4037311 ] ] ] } },
{ "type": "Feature", "properties": { "linha_id": 128, "comp_m": 0.56, "ini_m": 10.12, "fim_m": 10.68, "faixa_id": 2, "classe": "0.50–1.50 m", "_coa_length_m": 0.56, "_coa_class": "0,50–1,50 m" }, "geometry": { "type": "MultiLineString", "coordinates": [ [ [ -49.5705262, -20.4037379 ], [ -49.5705315, -20.4037385 ] ] ] } },
{ "type": "Feature", "properties": { "linha_id": 128, "comp_m": 1.28, "ini_m": 12.36, "fim_m": 13.64, "faixa_id": 2, "classe": "0.50–1.50 m", "_coa_length_m": 1.28, "_coa_class": "0,50–1,50 m" }, "geometry": { "type": "MultiLineString", "coordinates": [ [ [ -49.5705475, -20.4037403 ], [ -49.5705597, -20.4037416 ] ] ] } },
{ "type": "Feature", "properties": { "linha_id": 129, "comp_m": 0.52, "ini_m": 0.0, "fim_m": 0.52, "faixa_id": 2, "classe": "0.50–1.50 m", "_coa_length_m": 0.52, "_coa_class": "0,50–1,50 m" }, "geometry": { "type": "MultiLineString", "coordinates": [ [ [ -49.5703711, -20.4038319 ], [ -49.5703761, -20.4038323 ] ] ] } },
{ "type": "Feature", "properties": { "linha_id": 129, "comp_m": 1.6, "ini_m": 9.64, "fim_m": 11.24, "faixa_id": 3, "classe": "1.50–3.00 m", "_coa_length_m": 1.6, "_coa_class": "1,50–3,00 m" }, "geometry": { "type": "MultiLineString", "coordinates": [ [ [ -49.570463, -20.4038402 ], [ -49.5704783, -20.4038416 ] ] ] } },
{ "type": "Feature", "properties": { "linha_id": 129, "comp_m": 1.68, "ini_m": 22.36, "fim_m": 24.04, "faixa_id": 3, "classe": "1.50–3.00 m", "_coa_length_m": 1.68, "_coa_class": "1,50–3,00 m" }, "geometry": { "type": "MultiLineString", "coordinates": [ [ [ -49.5705842, -20.4038525 ], [ -49.5705989, -20.4038542 ], [ -49.5706001, -20.4038543 ] ] ] } },
{ "type": "Feature", "properties": { "linha_id": 129, "comp_m": 0.72, "ini_m": 26.12, "fim_m": 26.84, "faixa_id": 2, "classe": "0.50–1.50 m", "_coa_length_m": 0.72, "_coa_class": "0,50–1,50 m" }, "geometry": { "type": "MultiLineString", "coordinates": [ [ [ -49.57062, -20.4038558 ], [ -49.570622, -20.403856 ], [ -49.5706269, -20.4038563 ] ] ] } },
{ "type": "Feature", "properties": { "linha_id": 129, "comp_m": 0.64, "ini_m": 30.2, "fim_m": 30.84, "faixa_id": 2, "classe": "0.50–1.50 m", "_coa_length_m": 0.64, "_coa_class": "0,50–1,50 m" }, "geometry": { "type": "MultiLineString", "coordinates": [ [ [ -49.570659, -20.4038589 ], [ -49.5706651, -20.4038595 ] ] ] } },
{ "type": "Feature", "properties": { "linha_id": 129, "comp_m": 1.6, "ini_m": 34.6, "fim_m": 36.2, "faixa_id": 3, "classe": "1.50–3.00 m", "_coa_length_m": 1.6, "_coa_class": "1,50–3,00 m" }, "geometry": { "type": "MultiLineString", "coordinates": [ [ [ -49.5707006, -20.4038649 ], [ -49.5707126, -20.4038665 ], [ -49.5707158, -20.4038669 ] ] ] } },
{ "type": "Feature", "properties": { "linha_id": 129, "comp_m": 0.8, "ini_m": 36.52, "fim_m": 37.32, "faixa_id": 2, "classe": "0.50–1.50 m", "_coa_length_m": 0.8, "_coa_class": "0,50–1,50 m" }, "geometry": { "type": "MultiLineString", "coordinates": [ [ [ -49.5707189, -20.4038672 ], [ -49.5707265, -20.4038681 ] ] ] } },
{ "type": "Feature", "properties": { "linha_id": 129, "comp_m": 0.8, "ini_m": 58.44, "fim_m": 59.24, "faixa_id": 2, "classe": "0.50–1.50 m", "_coa_length_m": 0.8, "_coa_class": "0,50–1,50 m" }, "geometry": { "type": "MultiLineString", "coordinates": [ [ [ -49.5709278, -20.4038867 ], [ -49.5709354, -20.4038875 ] ] ] } },
{ "type": "Feature", "properties": { "linha_id": 129, "comp_m": 0.56, "ini_m": 82.76, "fim_m": 83.32, "faixa_id": 2, "classe": "0.50–1.50 m", "_coa_length_m": 0.56, "_coa_class": "0,50–1,50 m" }, "geometry": { "type": "MultiLineString", "coordinates": [ [ [ -49.5711594, -20.4039105 ], [ -49.5711648, -20.4039109 ] ] ] } },
{ "type": "Feature", "properties": { "linha_id": 129, "comp_m": 1.36, "ini_m": 87.64, "fim_m": 89.0, "faixa_id": 2, "classe": "0.50–1.50 m", "_coa_length_m": 1.36, "_coa_class": "0,50–1,50 m" }, "geometry": { "type": "MultiLineString", "coordinates": [ [ [ -49.5712059, -20.4039156 ], [ -49.5712143, -20.4039167 ], [ -49.5712188, -20.4039171 ] ] ] } },
{ "type": "Feature", "properties": { "linha_id": 129, "comp_m": 0.56, "ini_m": 93.24, "fim_m": 93.8, "faixa_id": 2, "classe": "0.50–1.50 m", "_coa_length_m": 0.56, "_coa_class": "0,50–1,50 m" }, "geometry": { "type": "MultiLineString", "coordinates": [ [ [ -49.5712593, -20.4039202 ], [ -49.5712603, -20.4039203 ], [ -49.5712646, -20.4039207 ] ] ] } },
{ "type": "Feature", "properties": { "linha_id": 129, "comp_m": 0.64, "ini_m": 126.12, "fim_m": 126.76, "faixa_id": 2, "classe": "0.50–1.50 m", "_coa_length_m": 0.64, "_coa_class": "0,50–1,50 m" }, "geometry": { "type": "MultiLineString", "coordinates": [ [ [ -49.5715725, -20.4039518 ], [ -49.5715786, -20.4039525 ] ] ] } },
{ "type": "Feature", "properties": { "linha_id": 129, "comp_m": 0.72, "ini_m": 131.56, "fim_m": 132.28, "faixa_id": 2, "classe": "0.50–1.50 m", "_coa_length_m": 0.72, "_coa_class": "0,50–1,50 m" }, "geometry": { "type": "MultiLineString", "coordinates": [ [ [ -49.5716243, -20.4039576 ], [ -49.5716248, -20.4039577 ], [ -49.5716311, -20.4039582 ] ] ] } },
{ "type": "Feature", "properties": { "linha_id": 129, "comp_m": 0.96, "ini_m": 136.04, "fim_m": 137.0, "faixa_id": 2, "classe": "0.50–1.50 m", "_coa_length_m": 0.96, "_coa_class": "0,50–1,50 m" }, "geometry": { "type": "MultiLineString", "coordinates": [ [ [ -49.5716671, -20.4039608 ], [ -49.571671, -20.403961 ], [ -49.5716762, -20.4039619 ] ] ] } },
{ "type": "Feature", "properties": { "linha_id": 129, "comp_m": 0.72, "ini_m": 137.96, "fim_m": 138.68, "faixa_id": 2, "classe": "0.50–1.50 m", "_coa_length_m": 0.72, "_coa_class": "0,50–1,50 m" }, "geometry": { "type": "MultiLineString", "coordinates": [ [ [ -49.5716852, -20.4039634 ], [ -49.571692, -20.4039646 ] ] ] } },
{ "type": "Feature", "properties": { "linha_id": 129, "comp_m": 0.64, "ini_m": 140.2, "fim_m": 140.84, "faixa_id": 2, "classe": "0.50–1.50 m", "_coa_length_m": 0.64, "_coa_class": "0,50–1,50 m" }, "geometry": { "type": "MultiLineString", "coordinates": [ [ [ -49.5717065, -20.403966 ], [ -49.5717126, -20.4039666 ] ] ] } },
{ "type": "Feature", "properties": { "linha_id": 129, "comp_m": 0.72, "ini_m": 215.24, "fim_m": 215.96, "faixa_id": 2, "classe": "0.50–1.50 m", "_coa_length_m": 0.72, "_coa_class": "0,50–1,50 m" }, "geometry": { "type": "MultiLineString", "coordinates": [ [ [ -49.5724214, -20.4040375 ], [ -49.572423, -20.4040376 ], [ -49.5724283, -20.4040381 ] ] ] } },
{ "type": "Feature", "properties": { "linha_id": 129, "comp_m": 0.72, "ini_m": 272.84, "fim_m": 273.56, "faixa_id": 2, "classe": "0.50–1.50 m", "_coa_length_m": 0.72, "_coa_class": "0,50–1,50 m" }, "geometry": { "type": "MultiLineString", "coordinates": [ [ [ -49.5729701, -20.4040916 ], [ -49.5729713, -20.4040917 ], [ -49.572977, -20.4040922 ] ] ] } },
{ "type": "Feature", "properties": { "linha_id": 129, "comp_m": 0.64, "ini_m": 308.2, "fim_m": 308.84, "faixa_id": 2, "classe": "0.50–1.50 m", "_coa_length_m": 0.64, "_coa_class": "0,50–1,50 m" }, "geometry": { "type": "MultiLineString", "coordinates": [ [ [ -49.5733069, -20.4041256 ], [ -49.5733071, -20.4041256 ], [ -49.5733095, -20.4041259 ], [ -49.573312, -20.4041262 ], [ -49.573313, -20.4041263 ] ] ] } },
{ "type": "Feature", "properties": { "linha_id": 129, "comp_m": 0.56, "ini_m": 373.0, "fim_m": 373.56, "faixa_id": 2, "classe": "0.50–1.50 m", "_coa_length_m": 0.56, "_coa_class": "0,50–1,50 m" }, "geometry": { "type": "MultiLineString", "coordinates": [ [ [ -49.5739239, -20.404187 ], [ -49.5739292, -20.4041876 ] ] ] } },
{ "type": "Feature", "properties": { "linha_id": 129, "comp_m": 0.64, "ini_m": 400.68, "fim_m": 401.32, "faixa_id": 2, "classe": "0.50–1.50 m", "_coa_length_m": 0.64, "_coa_class": "0,50–1,50 m" }, "geometry": { "type": "MultiLineString", "coordinates": [ [ [ -49.5741876, -20.4042135 ], [ -49.5741885, -20.4042136 ], [ -49.5741937, -20.4042142 ] ] ] } },
{ "type": "Feature", "properties": { "linha_id": 129, "comp_m": 0.64, "ini_m": 418.6, "fim_m": 419.24, "faixa_id": 2, "classe": "0.50–1.50 m", "_coa_length_m": 0.64, "_coa_class": "0,50–1,50 m" }, "geometry": { "type": "MultiLineString", "coordinates": [ [ [ -49.5743577, -20.4042308 ], [ -49.5743601, -20.4042311 ], [ -49.5743638, -20.4042315 ] ] ] } },
{ "type": "Feature", "properties": { "linha_id": 129, "comp_m": 0.8, "ini_m": 444.6, "fim_m": 445.4, "faixa_id": 2, "classe": "0.50–1.50 m", "_coa_length_m": 0.8, "_coa_class": "0,50–1,50 m" }, "geometry": { "type": "MultiLineString", "coordinates": [ [ [ -49.5746054, -20.4042551 ], [ -49.5746068, -20.4042552 ], [ -49.5746107, -20.4042556 ], [ -49.5746131, -20.4042559 ] ] ] } },
{ "type": "Feature", "properties": { "linha_id": 130, "comp_m": 0.76, "ini_m": 0.0, "fim_m": 0.76, "faixa_id": 2, "classe": "0.50–1.50 m", "_coa_length_m": 0.76, "_coa_class": "0,50–1,50 m" }, "geometry": { "type": "MultiLineString", "coordinates": [ [ [ -49.5703944, -20.4033427 ], [ -49.5703955, -20.4033427 ], [ -49.5703966, -20.4033427 ], [ -49.5703978, -20.4033428 ], [ -49.5703989, -20.4033428 ], [ -49.5704001, -20.4033428 ], [ -49.5704012, -20.4033429 ], [ -49.5704016, -20.4033429 ] ] ] } },
{ "type": "Feature", "properties": { "linha_id": 130, "comp_m": 1.12, "ini_m": 1.32, "fim_m": 2.44, "faixa_id": 2, "classe": "0.50–1.50 m", "_coa_length_m": 1.12, "_coa_class": "0,50–1,50 m" }, "geometry": { "type": "MultiLineString", "coordinates": [ [ [ -49.570407, -20.4033431 ], [ -49.570408, -20.4033432 ], [ -49.5704092, -20.4033432 ], [ -49.5704103, -20.4033433 ], [ -49.5704114, -20.4033434 ], [ -49.5704126, -20.4033434 ], [ -49.5704137, -20.4033435 ], [ -49.5704148, -20.4033436 ], [ -49.570416, -20.4033437 ], [ -49.5704171, -20.4033438 ], [ -49.5704177, -20.4033438 ] ] ] } },
{ "type": "Feature", "properties": { "linha_id": 131, "comp_m": 0.72, "ini_m": 0.44, "fim_m": 1.16, "faixa_id": 2, "classe": "0.50–1.50 m", "_coa_length_m": 0.72, "_coa_class": "0,50–1,50 m" }, "geometry": { "type": "MultiLineString", "coordinates": [ [ [ -49.5704078, -20.4035779 ], [ -49.5704147, -20.4035782 ] ] ] } },
{ "type": "Feature", "properties": { "linha_id": 131, "comp_m": 0.64, "ini_m": 2.84, "fim_m": 3.48, "faixa_id": 2, "classe": "0.50–1.50 m", "_coa_length_m": 0.64, "_coa_class": "0,50–1,50 m" }, "geometry": { "type": "MultiLineString", "coordinates": [ [ [ -49.5704308, -20.4035792 ], [ -49.5704369, -20.4035797 ] ] ] } },
{ "type": "Feature", "properties": { "linha_id": 131, "comp_m": 0.88, "ini_m": 37.08, "fim_m": 37.96, "faixa_id": 2, "classe": "0.50–1.50 m", "_coa_length_m": 0.88, "_coa_class": "0,50–1,50 m" }, "geometry": { "type": "MultiLineString", "coordinates": [ [ [ -49.570757, -20.4036116 ], [ -49.5707654, -20.4036124 ] ] ] } },
{ "type": "Feature", "properties": { "linha_id": 131, "comp_m": 0.72, "ini_m": 97.08, "fim_m": 97.8, "faixa_id": 2, "classe": "0.50–1.50 m", "_coa_length_m": 0.72, "_coa_class": "0,50–1,50 m" }, "geometry": { "type": "MultiLineString", "coordinates": [ [ [ -49.5713286, -20.4036686 ], [ -49.5713355, -20.4036692 ] ] ] } },
{ "type": "Feature", "properties": { "linha_id": 131, "comp_m": 0.64, "ini_m": 112.36, "fim_m": 113.0, "faixa_id": 2, "classe": "0.50–1.50 m", "_coa_length_m": 0.64, "_coa_class": "0,50–1,50 m" }, "geometry": { "type": "MultiLineString", "coordinates": [ [ [ -49.5714741, -20.4036835 ], [ -49.5714768, -20.4036836 ], [ -49.5714802, -20.4036839 ] ] ] } },
{ "type": "Feature", "properties": { "linha_id": 131, "comp_m": 0.64, "ini_m": 128.36, "fim_m": 129.0, "faixa_id": 2, "classe": "0.50–1.50 m", "_coa_length_m": 0.64, "_coa_class": "0,50–1,50 m" }, "geometry": { "type": "MultiLineString", "coordinates": [ [ [ -49.5716265, -20.403699 ], [ -49.5716326, -20.4036994 ] ] ] } },
{ "type": "Feature", "properties": { "linha_id": 131, "comp_m": 1.04, "ini_m": 131.0, "fim_m": 132.04, "faixa_id": 2, "classe": "0.50–1.50 m", "_coa_length_m": 1.04, "_coa_class": "0,50–1,50 m" }, "geometry": { "type": "MultiLineString", "coordinates": [ [ [ -49.5716517, -20.4037015 ], [ -49.5716615, -20.4037027 ] ] ] } },
{ "type": "Feature", "properties": { "linha_id": 131, "comp_m": 0.72, "ini_m": 183.96, "fim_m": 184.68, "faixa_id": 2, "classe": "0.50–1.50 m", "_coa_length_m": 0.72, "_coa_class": "0,50–1,50 m" }, "geometry": { "type": "MultiLineString", "coordinates": [ [ [ -49.5721562, -20.403752 ], [ -49.5721631, -20.4037525 ] ] ] } },
{ "type": "Feature", "properties": { "linha_id": 131, "comp_m": 0.8, "ini_m": 218.04, "fim_m": 218.84, "faixa_id": 2, "classe": "0.50–1.50 m", "_coa_length_m": 0.8, "_coa_class": "0,50–1,50 m" }, "geometry": { "type": "MultiLineString", "coordinates": [ [ [ -49.5724809, -20.4037842 ], [ -49.5724885, -20.4037851 ] ] ] } },
{ "type": "Feature", "properties": { "linha_id": 131, "comp_m": 0.64, "ini_m": 232.44, "fim_m": 233.08, "faixa_id": 2, "classe": "0.50–1.50 m", "_coa_length_m": 0.64, "_coa_class": "0,50–1,50 m" }, "geometry": { "type": "MultiLineString", "coordinates": [ [ [ -49.572618, -20.4037987 ], [ -49.5726192, -20.4037989 ], [ -49.5726241, -20.4037994 ] ] ] } },
{ "type": "Feature", "properties": { "linha_id": 131, "comp_m": 0.56, "ini_m": 255.16, "fim_m": 255.72, "faixa_id": 2, "classe": "0.50–1.50 m", "_coa_length_m": 0.56, "_coa_class": "0,50–1,50 m" }, "geometry": { "type": "MultiLineString", "coordinates": [ [ [ -49.5728339, -20.40382 ], [ -49.5728368, -20.4038203 ], [ -49.5728392, -20.4038206 ] ] ] } },
{ "type": "Feature", "properties": { "linha_id": 131, "comp_m": 0.64, "ini_m": 280.84, "fim_m": 281.48, "faixa_id": 2, "classe": "0.50–1.50 m", "_coa_length_m": 0.64, "_coa_class": "0,50–1,50 m" }, "geometry": { "type": "MultiLineString", "coordinates": [ [ [ -49.5730785, -20.4038444 ], [ -49.5730846, -20.4038451 ] ] ] } },
{ "type": "Feature", "properties": { "linha_id": 131, "comp_m": 0.64, "ini_m": 285.96, "fim_m": 286.6, "faixa_id": 2, "classe": "0.50–1.50 m", "_coa_length_m": 0.64, "_coa_class": "0,50–1,50 m" }, "geometry": { "type": "MultiLineString", "coordinates": [ [ [ -49.5731273, -20.4038494 ], [ -49.5731334, -20.4038501 ] ] ] } },
{ "type": "Feature", "properties": { "linha_id": 131, "comp_m": 0.64, "ini_m": 296.68, "fim_m": 297.32, "faixa_id": 2, "classe": "0.50–1.50 m", "_coa_length_m": 0.64, "_coa_class": "0,50–1,50 m" }, "geometry": { "type": "MultiLineString", "coordinates": [ [ [ -49.5732293, -20.4038603 ], [ -49.5732338, -20.4038607 ], [ -49.5732354, -20.4038609 ] ] ] } },
{ "type": "Feature", "properties": { "linha_id": 131, "comp_m": 1.04, "ini_m": 306.76, "fim_m": 307.8, "faixa_id": 2, "classe": "0.50–1.50 m", "_coa_length_m": 1.04, "_coa_class": "0,50–1,50 m" }, "geometry": { "type": "MultiLineString", "coordinates": [ [ [ -49.5733255, -20.4038692 ], [ -49.5733334, -20.4038699 ], [ -49.5733354, -20.4038701 ] ] ] } },
{ "type": "Feature", "properties": { "linha_id": 131, "comp_m": 0.56, "ini_m": 349.96, "fim_m": 350.52, "faixa_id": 2, "classe": "0.50–1.50 m", "_coa_length_m": 0.56, "_coa_class": "0,50–1,50 m" }, "geometry": { "type": "MultiLineString", "coordinates": [ [ [ -49.5737364, -20.4039101 ], [ -49.5737386, -20.4039103 ], [ -49.5737411, -20.4039106 ], [ -49.5737417, -20.4039107 ] ] ] } },
{ "type": "Feature", "properties": { "linha_id": 131, "comp_m": 0.56, "ini_m": 352.6, "fim_m": 353.16, "faixa_id": 2, "classe": "0.50–1.50 m", "_coa_length_m": 0.56, "_coa_class": "0,50–1,50 m" }, "geometry": { "type": "MultiLineString", "coordinates": [ [ [ -49.5737615, -20.403913 ], [ -49.5737633, -20.4039133 ], [ -49.5737658, -20.4039136 ], [ -49.5737668, -20.4039137 ] ] ] } },
{ "type": "Feature", "properties": { "linha_id": 131, "comp_m": 0.8, "ini_m": 360.12, "fim_m": 360.92, "faixa_id": 2, "classe": "0.50–1.50 m", "_coa_length_m": 0.8, "_coa_class": "0,50–1,50 m" }, "geometry": { "type": "MultiLineString", "coordinates": [ [ [ -49.5738331, -20.4039206 ], [ -49.5738336, -20.4039206 ], [ -49.5738345, -20.4039207 ], [ -49.5738353, -20.4039208 ], [ -49.5738361, -20.4039209 ], [ -49.5738369, -20.403921 ], [ -49.5738378, -20.4039211 ], [ -49.5738386, -20.4039212 ], [ -49.5738394, -20.4039213 ], [ -49.5738402, -20.4039214 ], [ -49.5738407, -20.4039214 ] ] ] } },
{ "type": "Feature", "properties": { "linha_id": 131, "comp_m": 0.8, "ini_m": 362.52, "fim_m": 363.32, "faixa_id": 2, "classe": "0.50–1.50 m", "_coa_length_m": 0.8, "_coa_class": "0,50–1,50 m" }, "geometry": { "type": "MultiLineString", "coordinates": [ [ [ -49.5738559, -20.4039232 ], [ -49.5738567, -20.4039233 ], [ -49.5738575, -20.4039234 ], [ -49.5738584, -20.4039235 ], [ -49.5738592, -20.4039236 ], [ -49.57386, -20.4039237 ], [ -49.5738602, -20.4039232 ], [ -49.5738632, -20.4039237 ] ] ] } },
{ "type": "Feature", "properties": { "linha_id": 131, "comp_m": 0.56, "ini_m": 368.76, "fim_m": 369.32, "faixa_id": 2, "classe": "0.50–1.50 m", "_coa_length_m": 0.56, "_coa_class": "0,50–1,50 m" }, "geometry": { "type": "MultiLineString", "coordinates": [ [ [ -49.5739149, -20.4039302 ], [ -49.5739192, -20.4039306 ], [ -49.5739202, -20.4039307 ] ] ] } },
{ "type": "Feature", "properties": { "linha_id": 131, "comp_m": 1.04, "ini_m": 421.16, "fim_m": 422.2, "faixa_id": 2, "classe": "0.50–1.50 m", "_coa_length_m": 1.04, "_coa_class": "0,50–1,50 m" }, "geometry": { "type": "MultiLineString", "coordinates": [ [ [ -49.5744144, -20.4039775 ], [ -49.5744171, -20.4039777 ], [ -49.5744238, -20.4039782 ], [ -49.5744243, -20.4039782 ] ] ] } },
{ "type": "Feature", "properties": { "linha_id": 131, "comp_m": 1.6, "ini_m": 427.16, "fim_m": 428.76, "faixa_id": 3, "classe": "1.50–3.00 m", "_coa_length_m": 1.6, "_coa_class": "1,50–3,00 m" }, "geometry": { "type": "MultiLineString", "coordinates": [ [ [ -49.5744717, -20.4039823 ], [ -49.5744771, -20.403983 ], [ -49.5744837, -20.4039838 ], [ -49.5744869, -20.4039842 ] ] ] } },
{ "type": "Feature", "properties": { "linha_id": 131, "comp_m": 5.12, "ini_m": 429.48, "fim_m": 434.6, "faixa_id": 5, "classe": "≥ 5.00 m", "_coa_length_m": 5.121, "_coa_class": ">= 5,00 m" }, "geometry": { "type": "MultiLineString", "coordinates": [ [ [ -49.5744937, -20.403985 ], [ -49.5744967, -20.4039854 ], [ -49.5745033, -20.403986 ], [ -49.5745099, -20.4039864 ], [ -49.5745166, -20.4039866 ], [ -49.574519, -20.4039872 ], [ -49.5745202, -20.4039874 ], [ -49.5745215, -20.4039876 ], [ -49.5745227, -20.4039878 ], [ -49.5745239, -20.4039881 ], [ -49.5745252, -20.4039883 ], [ -49.5745264, -20.4039885 ], [ -49.5745276, -20.4039887 ], [ -49.5745289, -20.403989 ], [ -49.5745301, -20.4039892 ], [ -49.5745313, -20.4039895 ], [ -49.5745326, -20.4039897 ], [ -49.5745338, -20.4039899 ], [ -49.574535, -20.4039902 ], [ -49.5745363, -20.4039904 ], [ -49.5745375, -20.4039907 ], [ -49.5745388, -20.4039909 ], [ -49.57454, -20.4039911 ], [ -49.5745412, -20.4039914 ], [ -49.5745421, -20.4039915 ] ] ] } },
{ "type": "Feature", "properties": { "linha_id": 131, "comp_m": 2.32, "ini_m": 435.32, "fim_m": 437.64, "faixa_id": 3, "classe": "1.50–3.00 m", "_coa_length_m": 2.32, "_coa_class": "1,50–3,00 m" }, "geometry": { "type": "MultiLineString", "coordinates": [ [ [ -49.5745489, -20.4039927 ], [ -49.57455, -20.4039928 ], [ -49.5745513, -20.403993 ], [ -49.5745525, -20.4039932 ], [ -49.5745538, -20.4039934 ], [ -49.5745551, -20.4039935 ], [ -49.5745564, -20.4039937 ], [ -49.5745576, -20.4039938 ], [ -49.5745589, -20.403994 ], [ -49.5745602, -20.4039941 ], [ -49.5745615, -20.4039942 ], [ -49.5745628, -20.4039944 ], [ -49.5745641, -20.4039945 ], [ -49.5745654, -20.4039946 ], [ -49.5745667, -20.4039947 ], [ -49.5745679, -20.4039948 ], [ -49.5745692, -20.4039949 ], [ -49.5745705, -20.4039951 ], [ -49.574571, -20.4039951 ] ] ] } },
{ "type": "Feature", "properties": { "linha_id": 131, "comp_m": 1.105, "ini_m": 444.36, "fim_m": 445.465, "faixa_id": 2, "classe": "0.50–1.50 m", "_coa_length_m": 1.105, "_coa_class": "0,50–1,50 m" }, "geometry": { "type": "MultiLineString", "coordinates": [ [ [ -49.5746351, -20.4040008 ], [ -49.5746352, -20.4040008 ], [ -49.5746365, -20.4040009 ], [ -49.5746378, -20.404001 ], [ -49.5746391, -20.4040011 ], [ -49.5746404, -20.4040012 ], [ -49.5746417, -20.4040013 ], [ -49.574643, -20.4040014 ], [ -49.5746444, -20.4040014 ], [ -49.5746457, -20.4040015 ] ] ] } },
{ "type": "Feature", "properties": { "linha_id": 132, "comp_m": 2.56, "ini_m": 1.0, "fim_m": 3.56, "faixa_id": 3, "classe": "1.50–3.00 m", "_coa_length_m": 2.56, "_coa_class": "1,50–3,00 m" }, "geometry": { "type": "MultiLineString", "coordinates": [ [ [ -49.5704051, -20.4039032 ], [ -49.5704052, -20.4039032 ], [ -49.5704054, -20.4039032 ], [ -49.5704057, -20.4039032 ], [ -49.5704059, -20.4039032 ], [ -49.5704062, -20.4039032 ], [ -49.5704064, -20.4039032 ], [ -49.5704066, -20.4039032 ], [ -49.5704069, -20.4039033 ], [ -49.5704071, -20.4039033 ], [ -49.5704074, -20.4039033 ], [ -49.5704076, -20.4039033 ], [ -49.5704079, -20.4039033 ], [ -49.5704081, -20.4039033 ], [ -49.5704084, -20.4039033 ], [ -49.5704086, -20.4039033 ], [ -49.5704089, -20.4039034 ], [ -49.5704091, -20.4039034 ], [ -49.5704094, -20.4039034 ], [ -49.5704096, -20.4039034 ], [ -49.5704099, -20.4039034 ], [ -49.5704101, -20.4039034 ], [ -49.5704103, -20.4039034 ], [ -49.5704106, -20.4039034 ], [ -49.5704108, -20.4039034 ], [ -49.5704111, -20.4039035 ], [ -49.5704113, -20.4039035 ], [ -49.5704116, -20.4039035 ], [ -49.5704118, -20.4039035 ], [ -49.5704121, -20.4039035 ], [ -49.5704123, -20.4039035 ], [ -49.5704126, -20.4039035 ], [ -49.5704128, -20.4039035 ], [ -49.5704131, -20.4039035 ], [ -49.5704133, -20.4039035 ], [ -49.5704136, -20.4039035 ], [ -49.5704138, -20.4039035 ], [ -49.570414, -20.4039035 ], [ -49.5704143, -20.4039035 ], [ -49.5704145, -20.4039035 ], [ -49.5704148, -20.4039035 ], [ -49.570415, -20.4039035 ], [ -49.5704153, -20.4039035 ], [ -49.5704155, -20.4039035 ], [ -49.5704158, -20.4039035 ], [ -49.570416, -20.4039035 ], [ -49.5704163, -20.4039035 ], [ -49.5704165, -20.4039035 ], [ -49.5704168, -20.4039035 ], [ -49.570417, -20.4039035 ], [ -49.5704173, -20.4039035 ], [ -49.5704175, -20.4039035 ], [ -49.5704178, -20.4039035 ], [ -49.570418, -20.4039035 ], [ -49.5704183, -20.4039034 ], [ -49.5704185, -20.4039034 ], [ -49.5704188, -20.4039034 ], [ -49.570419, -20.4039034 ], [ -49.5704193, -20.4039034 ], [ -49.5704195, -20.4039034 ], [ -49.5704198, -20.4039033 ], [ -49.57042, -20.4039033 ], [ -49.5704198, -20.403904 ], [ -49.5704261, -20.4039054 ], [ -49.5704285, -20.4039057 ] ] ] } },
{ "type": "Feature", "properties": { "linha_id": 132, "comp_m": 0.56, "ini_m": 14.76, "fim_m": 15.32, "faixa_id": 2, "classe": "0.50–1.50 m", "_coa_length_m": 0.56, "_coa_class": "0,50–1,50 m" }, "geometry": { "type": "MultiLineString", "coordinates": [ [ [ -49.5705351, -20.4039168 ], [ -49.5705376, -20.403917 ], [ -49.5705405, -20.4039173 ] ] ] } },
{ "type": "Feature", "properties": { "linha_id": 132, "comp_m": 3.76, "ini_m": 22.04, "fim_m": 25.8, "faixa_id": 4, "classe": "3.00–5.00 m", "_coa_length_m": 3.76, "_coa_class": "3,00–5,00 m" }, "geometry": { "type": "MultiLineString", "coordinates": [ [ [ -49.5706045, -20.4039237 ], [ -49.5706099, -20.4039243 ], [ -49.5706164, -20.403925 ], [ -49.570623, -20.4039257 ], [ -49.5706296, -20.4039263 ], [ -49.5706361, -20.403927 ], [ -49.5706403, -20.4039275 ] ] ] } },
{ "type": "Feature", "properties": { "linha_id": 132, "comp_m": 0.64, "ini_m": 25.88, "fim_m": 26.52, "faixa_id": 2, "classe": "0.50–1.50 m", "_coa_length_m": 0.64, "_coa_class": "0,50–1,50 m" }, "geometry": { "type": "MultiLineString", "coordinates": [ [ [ -49.5706411, -20.4039276 ], [ -49.5706427, -20.4039277 ], [ -49.5706472, -20.4039282 ] ] ] } },
{ "type": "Feature", "properties": { "linha_id": 132, "comp_m": 1.04, "ini_m": 27.0, "fim_m": 28.04, "faixa_id": 2, "classe": "0.50–1.50 m", "_coa_length_m": 1.04, "_coa_class": "0,50–1,50 m" }, "geometry": { "type": "MultiLineString", "coordinates": [ [ [ -49.5706517, -20.4039287 ], [ -49.5706558, -20.4039291 ], [ -49.5706616, -20.4039297 ] ] ] } },
{ "type": "Feature", "properties": { "linha_id": 132, "comp_m": 1.04, "ini_m": 28.84, "fim_m": 29.88, "faixa_id": 2, "classe": "0.50–1.50 m", "_coa_length_m": 1.04, "_coa_class": "0,50–1,50 m" }, "geometry": { "type": "MultiLineString", "coordinates": [ [ [ -49.5706693, -20.4039304 ], [ -49.5706756, -20.403931 ], [ -49.5706792, -20.4039313 ] ] ] } },
{ "type": "Feature", "properties": { "linha_id": 132, "comp_m": 0.64, "ini_m": 30.76, "fim_m": 31.4, "faixa_id": 2, "classe": "0.50–1.50 m", "_coa_length_m": 0.64, "_coa_class": "0,50–1,50 m" }, "geometry": { "type": "MultiLineString", "coordinates": [ [ [ -49.5706876, -20.4039321 ], [ -49.5706888, -20.4039322 ], [ -49.5706937, -20.4039326 ] ] ] } },
{ "type": "Feature", "properties": { "linha_id": 132, "comp_m": 1.36, "ini_m": 34.44, "fim_m": 35.8, "faixa_id": 2, "classe": "0.50–1.50 m", "_coa_length_m": 1.36, "_coa_class": "0,50–1,50 m" }, "geometry": { "type": "MultiLineString", "coordinates": [ [ [ -49.5707227, -20.4039351 ], [ -49.5707284, -20.4039356 ], [ -49.570735, -20.4039362 ], [ -49.5707357, -20.4039363 ] ] ] } },
{ "type": "Feature", "properties": { "linha_id": 132, "comp_m": 0.96, "ini_m": 37.48, "fim_m": 38.44, "faixa_id": 2, "classe": "0.50–1.50 m", "_coa_length_m": 0.96, "_coa_class": "0,50–1,50 m" }, "geometry": { "type": "MultiLineString", "coordinates": [ [ [ -49.5707517, -20.4039378 ], [ -49.5707548, -20.4039381 ], [ -49.5707608, -20.4039387 ] ] ] } },
{ "type": "Feature", "properties": { "linha_id": 132, "comp_m": 1.6, "ini_m": 45.96, "fim_m": 47.56, "faixa_id": 3, "classe": "1.50–3.00 m", "_coa_length_m": 1.6, "_coa_class": "1,50–3,00 m" }, "geometry": { "type": "MultiLineString", "coordinates": [ [ [ -49.5708325, -20.4039456 ], [ -49.5708338, -20.4039457 ], [ -49.5708403, -20.4039465 ], [ -49.5708468, -20.4039473 ], [ -49.5708477, -20.4039474 ] ] ] } },
{ "type": "Feature", "properties": { "linha_id": 132, "comp_m": 0.8, "ini_m": 49.64, "fim_m": 50.44, "faixa_id": 2, "classe": "0.50–1.50 m", "_coa_length_m": 0.8, "_coa_class": "0,50–1,50 m" }, "geometry": { "type": "MultiLineString", "coordinates": [ [ [ -49.5708675, -20.4039499 ], [ -49.5708729, -20.4039505 ], [ -49.5708751, -20.4039507 ] ] ] } },
{ "type": "Feature", "properties": { "linha_id": 132, "comp_m": 1.52, "ini_m": 51.96, "fim_m": 53.48, "faixa_id": 3, "classe": "1.50–3.00 m", "_coa_length_m": 1.52, "_coa_class": "1,50–3,00 m" }, "geometry": { "type": "MultiLineString", "coordinates": [ [ [ -49.5708896, -20.4039521 ], [ -49.5708926, -20.4039524 ], [ -49.5708992, -20.4039529 ], [ -49.5709041, -20.4039533 ] ] ] } },
{ "type": "Feature", "properties": { "linha_id": 132, "comp_m": 0.96, "ini_m": 66.84, "fim_m": 67.8, "faixa_id": 2, "classe": "0.50–1.50 m", "_coa_length_m": 0.96, "_coa_class": "0,50–1,50 m" }, "geometry": { "type": "MultiLineString", "coordinates": [ [ [ -49.5710314, -20.4039656 ], [ -49.5710374, -20.4039663 ], [ -49.5710406, -20.4039667 ] ] ] } },
{ "type": "Feature", "properties": { "linha_id": 132, "comp_m": 0.64, "ini_m": 70.6, "fim_m": 71.24, "faixa_id": 2, "classe": "0.50–1.50 m", "_coa_length_m": 0.64, "_coa_class": "0,50–1,50 m" }, "geometry": { "type": "MultiLineString", "coordinates": [ [ [ -49.5710673, -20.4039688 ], [ -49.5710706, -20.4039688 ], [ -49.5710701, -20.4039697 ], [ -49.5710719, -20.4039699 ] ] ] } },
{ "type": "Feature", "properties": { "linha_id": 132, "comp_m": 1.84, "ini_m": 140.84, "fim_m": 142.68, "faixa_id": 3, "classe": "1.50–3.00 m", "_coa_length_m": 1.84, "_coa_class": "1,50–3,00 m" }, "geometry": { "type": "MultiLineString", "coordinates": [ [ [ -49.5717349, -20.4040374 ], [ -49.5717417, -20.404038 ], [ -49.5717492, -20.4040387 ], [ -49.5717524, -20.4040389 ] ] ] } },
{ "type": "Feature", "properties": { "linha_id": 132, "comp_m": 0.64, "ini_m": 152.52, "fim_m": 153.16, "faixa_id": 2, "classe": "0.50–1.50 m", "_coa_length_m": 0.64, "_coa_class": "0,50–1,50 m" }, "geometry": { "type": "MultiLineString", "coordinates": [ [ [ -49.5718462, -20.4040464 ], [ -49.5718494, -20.4040468 ], [ -49.5718522, -20.4040472 ] ] ] } },
{ "type": "Feature", "properties": { "linha_id": 132, "comp_m": 0.96, "ini_m": 178.92, "fim_m": 179.88, "faixa_id": 2, "classe": "0.50–1.50 m", "_coa_length_m": 0.96, "_coa_class": "0,50–1,50 m" }, "geometry": { "type": "MultiLineString", "coordinates": [ [ [ -49.5720976, -20.4040726 ], [ -49.5721067, -20.4040734 ] ] ] } },
{ "type": "Feature", "properties": { "linha_id": 132, "comp_m": 0.64, "ini_m": 204.36, "fim_m": 205.0, "faixa_id": 2, "classe": "0.50–1.50 m", "_coa_length_m": 0.64, "_coa_class": "0,50–1,50 m" }, "geometry": { "type": "MultiLineString", "coordinates": [ [ [ -49.5723399, -20.4040974 ], [ -49.572345, -20.404098 ], [ -49.572346, -20.4040981 ] ] ] } },
{ "type": "Feature", "properties": { "linha_id": 132, "comp_m": 1.36, "ini_m": 207.8, "fim_m": 209.16, "faixa_id": 2, "classe": "0.50–1.50 m", "_coa_length_m": 1.36, "_coa_class": "0,50–1,50 m" }, "geometry": { "type": "MultiLineString", "coordinates": [ [ [ -49.5723727, -20.4041009 ], [ -49.5723748, -20.4041011 ], [ -49.5723847, -20.4041021 ], [ -49.5723856, -20.4041022 ] ] ] } },
{ "type": "Feature", "properties": { "linha_id": 132, "comp_m": 0.64, "ini_m": 393.4, "fim_m": 394.04, "faixa_id": 2, "classe": "0.50–1.50 m", "_coa_length_m": 0.64, "_coa_class": "0,50–1,50 m" }, "geometry": { "type": "MultiLineString", "coordinates": [ [ [ -49.5741405, -20.4042779 ], [ -49.5741412, -20.4042779 ], [ -49.5741466, -20.4042784 ] ] ] } },
{ "type": "Feature", "properties": { "linha_id": 132, "comp_m": 0.96, "ini_m": 425.72, "fim_m": 426.68, "faixa_id": 2, "classe": "0.50–1.50 m", "_coa_length_m": 0.96, "_coa_class": "0,50–1,50 m" }, "geometry": { "type": "MultiLineString", "coordinates": [ [ [ -49.5744485, -20.4043075 ], [ -49.5744499, -20.4043077 ], [ -49.5744577, -20.4043085 ] ] ] } },
{ "type": "Feature", "properties": { "linha_id": 132, "comp_m": 2.158, "ini_m": 443.64, "fim_m": 445.798, "faixa_id": 3, "classe": "1.50–3.00 m", "_coa_length_m": 2.158, "_coa_class": "1,50–3,00 m" }, "geometry": { "type": "MultiLineString", "coordinates": [ [ [ -49.5746193, -20.4043243 ], [ -49.574624, -20.4043247 ], [ -49.574632, -20.4043254 ], [ -49.5746399, -20.4043262 ] ] ] } },
{ "type": "Feature", "properties": { "linha_id": 133, "comp_m": 0.84, "ini_m": 0.0, "fim_m": 0.84, "faixa_id": 2, "classe": "0.50–1.50 m", "_coa_length_m": 0.84, "_coa_class": "0,50–1,50 m" }, "geometry": { "type": "MultiLineString", "coordinates": [ [ [ -49.5703627, -20.4038191 ], [ -49.5703633, -20.4038191 ], [ -49.570364, -20.4038191 ], [ -49.5703646, -20.403819 ], [ -49.5703652, -20.403819 ], [ -49.5703658, -20.403819 ], [ -49.5703664, -20.403819 ], [ -49.570367, -20.403819 ], [ -49.5703676, -20.403819 ], [ -49.5703682, -20.403819 ], [ -49.5703688, -20.403819 ], [ -49.5703694, -20.403819 ], [ -49.57037, -20.403819 ], [ -49.5703706, -20.403819 ], [ -49.5703708, -20.403819 ] ] ] } },
{ "type": "Feature", "properties": { "linha_id": 133, "comp_m": 0.64, "ini_m": 8.76, "fim_m": 9.4, "faixa_id": 2, "classe": "0.50–1.50 m", "_coa_length_m": 0.64, "_coa_class": "0,50–1,50 m" }, "geometry": { "type": "MultiLineString", "coordinates": [ [ [ -49.5704453, -20.4038253 ], [ -49.5704514, -20.403826 ] ] ] } },
{ "type": "Feature", "properties": { "linha_id": 133, "comp_m": 1.04, "ini_m": 10.04, "fim_m": 11.08, "faixa_id": 2, "classe": "0.50–1.50 m", "_coa_length_m": 1.04, "_coa_class": "0,50–1,50 m" }, "geometry": { "type": "MultiLineString", "coordinates": [ [ [ -49.5704575, -20.4038267 ], [ -49.5704625, -20.4038272 ], [ -49.5704674, -20.4038277 ] ] ] } },
{ "type": "Feature", "properties": { "linha_id": 133, "comp_m": 0.64, "ini_m": 12.92, "fim_m": 13.56, "faixa_id": 2, "classe": "0.50–1.50 m", "_coa_length_m": 0.64, "_coa_class": "0,50–1,50 m" }, "geometry": { "type": "MultiLineString", "coordinates": [ [ [ -49.5704849, -20.4038296 ], [ -49.570491, -20.4038299 ] ] ] } },
{ "type": "Feature", "properties": { "linha_id": 133, "comp_m": 1.84, "ini_m": 21.4, "fim_m": 23.24, "faixa_id": 3, "classe": "1.50–3.00 m", "_coa_length_m": 1.84, "_coa_class": "1,50–3,00 m" }, "geometry": { "type": "MultiLineString", "coordinates": [ [ [ -49.5705657, -20.403837 ], [ -49.570566, -20.403837 ], [ -49.5705833, -20.4038386 ] ] ] } },
{ "type": "Feature", "properties": { "linha_id": 133, "comp_m": 2.48, "ini_m": 29.48, "fim_m": 31.96, "faixa_id": 3, "classe": "1.50–3.00 m", "_coa_length_m": 2.48, "_coa_class": "1,50–3,00 m" }, "geometry": { "type": "MultiLineString", "coordinates": [ [ [ -49.5706427, -20.4038447 ], [ -49.5706485, -20.4038451 ], [ -49.5706664, -20.4038465 ] ] ] } },
{ "type": "Feature", "properties": { "linha_id": 133, "comp_m": 0.8, "ini_m": 51.88, "fim_m": 52.68, "faixa_id": 2, "classe": "0.50–1.50 m", "_coa_length_m": 0.8, "_coa_class": "0,50–1,50 m" }, "geometry": { "type": "MultiLineString", "coordinates": [ [ [ -49.570856, -20.4038664 ], [ -49.5708637, -20.4038673 ] ] ] } },
{ "type": "Feature", "properties": { "linha_id": 133, "comp_m": 0.88, "ini_m": 77.48, "fim_m": 78.36, "faixa_id": 2, "classe": "0.50–1.50 m", "_coa_length_m": 0.88, "_coa_class": "0,50–1,50 m" }, "geometry": { "type": "MultiLineString", "coordinates": [ [ [ -49.5710999, -20.4038916 ], [ -49.5711021, -20.4038918 ], [ -49.5711082, -20.4038924 ] ] ] } },
{ "type": "Feature", "properties": { "linha_id": 133, "comp_m": 0.64, "ini_m": 100.84, "fim_m": 101.48, "faixa_id": 2, "classe": "0.50–1.50 m", "_coa_length_m": 0.64, "_coa_class": "0,50–1,50 m" }, "geometry": { "type": "MultiLineString", "coordinates": [ [ [ -49.5713225, -20.4039133 ], [ -49.5713286, -20.4039138 ] ] ] } },
{ "type": "Feature", "properties": { "linha_id": 133, "comp_m": 0.96, "ini_m": 101.96, "fim_m": 102.92, "faixa_id": 2, "classe": "0.50–1.50 m", "_coa_length_m": 0.96, "_coa_class": "0,50–1,50 m" }, "geometry": { "type": "MultiLineString", "coordinates": [ [ [ -49.5713331, -20.4039144 ], [ -49.5713422, -20.4039156 ] ] ] } },
{ "type": "Feature", "properties": { "linha_id": 133, "comp_m": 0.64, "ini_m": 116.52, "fim_m": 117.16, "faixa_id": 2, "classe": "0.50–1.50 m", "_coa_length_m": 0.64, "_coa_class": "0,50–1,50 m" }, "geometry": { "type": "MultiLineString", "coordinates": [ [ [ -49.5714718, -20.4039288 ], [ -49.5714738, -20.403929 ], [ -49.5714779, -20.4039295 ] ] ] } },
{ "type": "Feature", "properties": { "linha_id": 133, "comp_m": 0.8, "ini_m": 224.84, "fim_m": 225.64, "faixa_id": 2, "classe": "0.50–1.50 m", "_coa_length_m": 0.8, "_coa_class": "0,50–1,50 m" }, "geometry": { "type": "MultiLineString", "coordinates": [ [ [ -49.5725034, -20.4040319 ], [ -49.572511, -20.4040328 ] ] ] } },
{ "type": "Feature", "properties": { "linha_id": 133, "comp_m": 0.96, "ini_m": 339.24, "fim_m": 340.2, "faixa_id": 2, "classe": "0.50–1.50 m", "_coa_length_m": 0.96, "_coa_class": "0,50–1,50 m" }, "geometry": { "type": "MultiLineString", "coordinates": [ [ [ -49.5735934, -20.4041406 ], [ -49.5735975, -20.4041409 ], [ -49.5736026, -20.4041411 ] ] ] } },
{ "type": "Feature", "properties": { "linha_id": 133, "comp_m": 0.8, "ini_m": 405.96, "fim_m": 406.76, "faixa_id": 2, "classe": "0.50–1.50 m", "_coa_length_m": 0.8, "_coa_class": "0,50–1,50 m" }, "geometry": { "type": "MultiLineString", "coordinates": [ [ [ -49.5742286, -20.4042045 ], [ -49.5742305, -20.4042047 ], [ -49.574233, -20.4042049 ], [ -49.5742355, -20.4042052 ], [ -49.5742363, -20.4042053 ] ] ] } },
{ "type": "Feature", "properties": { "linha_id": 133, "comp_m": 0.64, "ini_m": 428.36, "fim_m": 429.0, "faixa_id": 2, "classe": "0.50–1.50 m", "_coa_length_m": 0.64, "_coa_class": "0,50–1,50 m" }, "geometry": { "type": "MultiLineString", "coordinates": [ [ [ -49.5744419, -20.4042258 ], [ -49.5744446, -20.404226 ], [ -49.574448, -20.4042263 ] ] ] } },
{ "type": "Feature", "properties": { "linha_id": 133, "comp_m": 0.56, "ini_m": 432.68, "fim_m": 433.24, "faixa_id": 2, "classe": "0.50–1.50 m", "_coa_length_m": 0.56, "_coa_class": "0,50–1,50 m" }, "geometry": { "type": "MultiLineString", "coordinates": [ [ [ -49.5744831, -20.4042291 ], [ -49.5744864, -20.4042294 ], [ -49.5744885, -20.4042296 ] ] ] } },
{ "type": "Feature", "properties": { "linha_id": 133, "comp_m": 0.88, "ini_m": 447.96, "fim_m": 448.84, "faixa_id": 2, "classe": "0.50–1.50 m", "_coa_length_m": 0.88, "_coa_class": "0,50–1,50 m" }, "geometry": { "type": "MultiLineString", "coordinates": [ [ [ -49.5746286, -20.4042443 ], [ -49.574629, -20.4042444 ], [ -49.5746327, -20.4042448 ], [ -49.5746364, -20.4042452 ], [ -49.574637, -20.4042453 ] ] ] } },
{ "type": "Feature", "properties": { "linha_id": 134, "comp_m": 2.16, "ini_m": 46.28, "fim_m": 48.44, "faixa_id": 3, "classe": "1.50–3.00 m", "_coa_length_m": 2.16, "_coa_class": "1,50–3,00 m" }, "geometry": { "type": "MultiLineString", "coordinates": [ [ [ -49.5708334, -20.4040274 ], [ -49.5708344, -20.4040276 ], [ -49.5708528, -20.4040295 ], [ -49.5708539, -20.4040296 ] ] ] } },
{ "type": "Feature", "properties": { "linha_id": 134, "comp_m": 0.8, "ini_m": 187.32, "fim_m": 188.12, "faixa_id": 2, "classe": "0.50–1.50 m", "_coa_length_m": 0.8, "_coa_class": "0,50–1,50 m" }, "geometry": { "type": "MultiLineString", "coordinates": [ [ [ -49.5721768, -20.4041627 ], [ -49.5721802, -20.4041632 ], [ -49.5721844, -20.4041636 ] ] ] } },
{ "type": "Feature", "properties": { "linha_id": 134, "comp_m": 1.36, "ini_m": 189.96, "fim_m": 191.32, "faixa_id": 2, "classe": "0.50–1.50 m", "_coa_length_m": 1.36, "_coa_class": "0,50–1,50 m" }, "geometry": { "type": "MultiLineString", "coordinates": [ [ [ -49.5722019, -20.4041653 ], [ -49.5722149, -20.404166 ] ] ] } },
{ "type": "Feature", "properties": { "linha_id": 134, "comp_m": 1.04, "ini_m": 409.56, "fim_m": 410.6, "faixa_id": 2, "classe": "0.50–1.50 m", "_coa_length_m": 1.04, "_coa_class": "0,50–1,50 m" }, "geometry": { "type": "MultiLineString", "coordinates": [ [ [ -49.574289, -20.4043724 ], [ -49.57429, -20.4043725 ], [ -49.5742933, -20.4043728 ], [ -49.5742966, -20.4043731 ], [ -49.5742989, -20.4043733 ] ] ] } },
{ "type": "Feature", "properties": { "linha_id": 134, "comp_m": 0.8, "ini_m": 420.04, "fim_m": 420.84, "faixa_id": 2, "classe": "0.50–1.50 m", "_coa_length_m": 0.8, "_coa_class": "0,50–1,50 m" }, "geometry": { "type": "MultiLineString", "coordinates": [ [ [ -49.5743889, -20.4043818 ], [ -49.5743894, -20.4043818 ], [ -49.5743927, -20.4043822 ], [ -49.574396, -20.4043826 ], [ -49.5743966, -20.4043826 ] ] ] } },
{ "type": "Feature", "properties": { "linha_id": 134, "comp_m": 0.56, "ini_m": 422.28, "fim_m": 422.84, "faixa_id": 2, "classe": "0.50–1.50 m", "_coa_length_m": 0.56, "_coa_class": "0,50–1,50 m" }, "geometry": { "type": "MultiLineString", "coordinates": [ [ [ -49.5744103, -20.4043842 ], [ -49.5744124, -20.4043844 ], [ -49.5744156, -20.4043848 ] ] ] } },
{ "type": "Feature", "properties": { "linha_id": 134, "comp_m": 0.56, "ini_m": 423.8, "fim_m": 424.36, "faixa_id": 2, "classe": "0.50–1.50 m", "_coa_length_m": 0.56, "_coa_class": "0,50–1,50 m" }, "geometry": { "type": "MultiLineString", "coordinates": [ [ [ -49.5744247, -20.4043858 ], [ -49.5744256, -20.4043859 ], [ -49.5744289, -20.4043862 ], [ -49.5744301, -20.4043864 ] ] ] } },
{ "type": "Feature", "properties": { "linha_id": 135, "comp_m": 1.24, "ini_m": 0.0, "fim_m": 1.24, "faixa_id": 2, "classe": "0.50–1.50 m", "_coa_length_m": 1.24, "_coa_class": "0,50–1,50 m" }, "geometry": { "type": "MultiLineString", "coordinates": [ [ [ -49.5703881, -20.4039272 ], [ -49.5703905, -20.4039275 ], [ -49.570393, -20.4039277 ], [ -49.5703954, -20.403928 ], [ -49.5703979, -20.4039282 ], [ -49.5703999, -20.4039284 ] ] ] } },
{ "type": "Feature", "properties": { "linha_id": 135, "comp_m": 0.88, "ini_m": 440.76, "fim_m": 441.64, "faixa_id": 2, "classe": "0.50–1.50 m", "_coa_length_m": 0.88, "_coa_class": "0,50–1,50 m" }, "geometry": { "type": "MultiLineString", "coordinates": [ [ [ -49.5745848, -20.404349 ], [ -49.5745931, -20.4043502 ] ] ] } },
{ "type": "Feature", "properties": { "linha_id": 135, "comp_m": 0.8, "ini_m": 443.0, "fim_m": 443.8, "faixa_id": 2, "classe": "0.50–1.50 m", "_coa_length_m": 0.8, "_coa_class": "0,50–1,50 m" }, "geometry": { "type": "MultiLineString", "coordinates": [ [ [ -49.5746061, -20.4043509 ], [ -49.5746063, -20.4043509 ], [ -49.5746067, -20.404351 ], [ -49.5746071, -20.404351 ], [ -49.5746075, -20.404351 ], [ -49.574608, -20.4043511 ], [ -49.5746084, -20.4043511 ], [ -49.5746088, -20.4043511 ], [ -49.5746093, -20.4043512 ], [ -49.5746097, -20.4043512 ], [ -49.5746101, -20.4043513 ], [ -49.5746105, -20.4043513 ], [ -49.574611, -20.4043514 ], [ -49.5746114, -20.4043514 ], [ -49.5746118, -20.4043514 ], [ -49.5746123, -20.4043515 ], [ -49.5746127, -20.4043515 ], [ -49.5746131, -20.4043516 ], [ -49.5746135, -20.4043516 ], [ -49.5746137, -20.4043516 ] ] ] } },
{ "type": "Feature", "properties": { "linha_id": 136, "comp_m": 0.64, "ini_m": 127.88, "fim_m": 128.52, "faixa_id": 2, "classe": "0.50–1.50 m", "_coa_length_m": 0.64, "_coa_class": "0,50–1,50 m" }, "geometry": { "type": "MultiLineString", "coordinates": [ [ [ -49.5716087, -20.4041333 ], [ -49.5716148, -20.4041339 ] ] ] } },
{ "type": "Feature", "properties": { "linha_id": 136, "comp_m": 1.52, "ini_m": 137.72, "fim_m": 139.24, "faixa_id": 3, "classe": "1.50–3.00 m", "_coa_length_m": 1.52, "_coa_class": "1,50–3,00 m" }, "geometry": { "type": "MultiLineString", "coordinates": [ [ [ -49.5717024, -20.4041433 ], [ -49.5717169, -20.4041446 ] ] ] } },
{ "type": "Feature", "properties": { "linha_id": 136, "comp_m": 0.64, "ini_m": 142.68, "fim_m": 143.32, "faixa_id": 2, "classe": "0.50–1.50 m", "_coa_length_m": 0.64, "_coa_class": "0,50–1,50 m" }, "geometry": { "type": "MultiLineString", "coordinates": [ [ [ -49.5717498, -20.4041473 ], [ -49.5717557, -20.4041478 ], [ -49.5717559, -20.4041478 ] ] ] } },
{ "type": "Feature", "properties": { "linha_id": 136, "comp_m": 0.56, "ini_m": 150.84, "fim_m": 151.4, "faixa_id": 2, "classe": "0.50–1.50 m", "_coa_length_m": 0.56, "_coa_class": "0,50–1,50 m" }, "geometry": { "type": "MultiLineString", "coordinates": [ [ [ -49.5718276, -20.4041543 ], [ -49.5718298, -20.4041545 ], [ -49.5718329, -20.4041549 ] ] ] } },
{ "type": "Feature", "properties": { "linha_id": 136, "comp_m": 1.04, "ini_m": 187.4, "fim_m": 188.44, "faixa_id": 2, "classe": "0.50–1.50 m", "_coa_length_m": 1.04, "_coa_class": "0,50–1,50 m" }, "geometry": { "type": "MultiLineString", "coordinates": [ [ [ -49.5721758, -20.4041902 ], [ -49.57218, -20.4041906 ], [ -49.5721857, -20.4041912 ] ] ] } },
{ "type": "Feature", "properties": { "linha_id": 136, "comp_m": 0.72, "ini_m": 402.92, "fim_m": 403.64, "faixa_id": 2, "classe": "0.50–1.50 m", "_coa_length_m": 0.72, "_coa_class": "0,50–1,50 m" }, "geometry": { "type": "MultiLineString", "coordinates": [ [ [ -49.5742275, -20.4043947 ], [ -49.5742312, -20.4043951 ], [ -49.5742344, -20.4043953 ] ] ] } },
{ "type": "Feature", "properties": { "linha_id": 136, "comp_m": 1.198, "ini_m": 444.6, "fim_m": 445.798, "faixa_id": 2, "classe": "0.50–1.50 m", "_coa_length_m": 1.198, "_coa_class": "0,50–1,50 m" }, "geometry": { "type": "MultiLineString", "coordinates": [ [ [ -49.5746247, -20.4044336 ], [ -49.5746252, -20.4044337 ], [ -49.5746307, -20.404434 ], [ -49.5746362, -20.4044343 ] ] ] } },
{ "type": "Feature", "properties": { "linha_id": 137, "comp_m": 0.64, "ini_m": 0.12, "fim_m": 0.76, "faixa_id": 2, "classe": "0.50–1.50 m", "_coa_length_m": 0.64, "_coa_class": "0,50–1,50 m" }, "geometry": { "type": "MultiLineString", "coordinates": [ [ [ -49.5703909, -20.4039959 ], [ -49.5703919, -20.403996 ], [ -49.570393, -20.4039961 ], [ -49.5703941, -20.4039962 ], [ -49.5703951, -20.4039963 ], [ -49.5703962, -20.4039964 ], [ -49.570397, -20.4039965 ] ] ] } },
{ "type": "Feature", "properties": { "linha_id": 137, "comp_m": 0.64, "ini_m": 322.04, "fim_m": 322.68, "faixa_id": 2, "classe": "0.50–1.50 m", "_coa_length_m": 0.64, "_coa_class": "0,50–1,50 m" }, "geometry": { "type": "MultiLineString", "coordinates": [ [ [ -49.5734562, -20.4043026 ], [ -49.5734623, -20.4043034 ] ] ] } },
{ "type": "Feature", "properties": { "linha_id": 137, "comp_m": 0.72, "ini_m": 389.64, "fim_m": 390.36, "faixa_id": 2, "classe": "0.50–1.50 m", "_coa_length_m": 0.72, "_coa_class": "0,50–1,50 m" }, "geometry": { "type": "MultiLineString", "coordinates": [ [ [ -49.5740999, -20.4043676 ], [ -49.5741005, -20.4043676 ], [ -49.5741014, -20.4043677 ], [ -49.5741023, -20.4043677 ], [ -49.5741032, -20.4043678 ], [ -49.5741041, -20.4043678 ], [ -49.574105, -20.4043679 ], [ -49.5741059, -20.4043679 ], [ -49.5741068, -20.404368 ] ] ] } },
{ "type": "Feature", "properties": { "linha_id": 137, "comp_m": 0.55, "ini_m": 445.56, "fim_m": 446.11, "faixa_id": 2, "classe": "0.50–1.50 m", "_coa_length_m": 0.55, "_coa_class": "0,50–1,50 m" }, "geometry": { "type": "MultiLineString", "coordinates": [ [ [ -49.5746308, -20.4044204 ], [ -49.5746309, -20.4044204 ], [ -49.5746314, -20.4044204 ], [ -49.5746319, -20.4044204 ], [ -49.5746325, -20.4044204 ], [ -49.574633, -20.4044204 ], [ -49.5746335, -20.4044205 ], [ -49.574634, -20.4044205 ], [ -49.5746345, -20.4044205 ], [ -49.5746351, -20.4044205 ], [ -49.5746356, -20.4044205 ], [ -49.5746361, -20.4044205 ] ] ] } },
{ "type": "Feature", "properties": { "linha_id": 138, "comp_m": 0.64, "ini_m": 223.8, "fim_m": 224.44, "faixa_id": 2, "classe": "0.50–1.50 m", "_coa_length_m": 0.64, "_coa_class": "0,50–1,50 m" }, "geometry": { "type": "MultiLineString", "coordinates": [ [ [ -49.5724993, -20.4042617 ], [ -49.572501, -20.4042619 ], [ -49.5725054, -20.4042623 ] ] ] } },
{ "type": "Feature", "properties": { "linha_id": 138, "comp_m": 0.56, "ini_m": 358.68, "fim_m": 359.24, "faixa_id": 2, "classe": "0.50–1.50 m", "_coa_length_m": 0.56, "_coa_class": "0,50–1,50 m" }, "geometry": { "type": "MultiLineString", "coordinates": [ [ [ -49.5737837, -20.4043911 ], [ -49.5737891, -20.4043918 ] ] ] } },
{ "type": "Feature", "properties": { "linha_id": 138, "comp_m": 1.019, "ini_m": 447.0, "fim_m": 448.019, "faixa_id": 2, "classe": "0.50–1.50 m", "_coa_length_m": 1.02, "_coa_class": "0,50–1,50 m" }, "geometry": { "type": "MultiLineString", "coordinates": [ [ [ -49.5746252, -20.4044732 ], [ -49.5746258, -20.4044732 ], [ -49.5746271, -20.4044732 ], [ -49.5746284, -20.4044732 ], [ -49.5746297, -20.4044733 ], [ -49.574631, -20.4044733 ], [ -49.5746324, -20.4044733 ], [ -49.5746337, -20.4044733 ], [ -49.574635, -20.4044733 ] ] ] } },
{ "type": "Feature", "properties": { "linha_id": 139, "comp_m": 2.6, "ini_m": 0.0, "fim_m": 2.6, "faixa_id": 3, "classe": "1.50–3.00 m", "_coa_length_m": 2.6, "_coa_class": "1,50–3,00 m" }, "geometry": { "type": "MultiLineString", "coordinates": [ [ [ -49.5703677, -20.4040644 ], [ -49.5703682, -20.4040643 ], [ -49.5703687, -20.4040643 ], [ -49.5703692, -20.4040643 ], [ -49.5703697, -20.4040642 ], [ -49.5703701, -20.4040642 ], [ -49.5703706, -20.4040642 ], [ -49.5703711, -20.4040642 ], [ -49.5703716, -20.4040642 ], [ -49.5703721, -20.4040641 ], [ -49.5703725, -20.4040641 ], [ -49.570373, -20.4040641 ], [ -49.5703735, -20.4040641 ], [ -49.570374, -20.4040641 ], [ -49.5703744, -20.4040641 ], [ -49.5703749, -20.4040642 ], [ -49.5703754, -20.4040642 ], [ -49.5703758, -20.4040642 ], [ -49.5703763, -20.4040642 ], [ -49.5703768, -20.4040642 ], [ -49.5703772, -20.4040643 ], [ -49.5703777, -20.4040643 ], [ -49.5703782, -20.4040643 ], [ -49.5703786, -20.4040643 ], [ -49.5703791, -20.4040644 ], [ -49.5703796, -20.4040644 ], [ -49.57038, -20.4040644 ], [ -49.5703805, -20.4040645 ], [ -49.5703809, -20.4040645 ], [ -49.5703814, -20.4040646 ], [ -49.5703819, -20.4040646 ], [ -49.5703823, -20.4040647 ], [ -49.5703828, -20.4040647 ], [ -49.5703832, -20.4040648 ], [ -49.5703837, -20.4040648 ], [ -49.5703842, -20.4040649 ], [ -49.5703846, -20.4040649 ], [ -49.5703851, -20.404065 ], [ -49.5703855, -20.404065 ], [ -49.570386, -20.4040651 ], [ -49.5703864, -20.4040651 ], [ -49.5703869, -20.4040652 ], [ -49.5703874, -20.4040652 ], [ -49.5703878, -20.4040653 ], [ -49.5703883, -20.4040654 ], [ -49.5703887, -20.4040654 ], [ -49.5703892, -20.4040655 ], [ -49.5703896, -20.4040655 ], [ -49.5703901, -20.4040656 ], [ -49.5703905, -20.4040657 ], [ -49.570391, -20.4040657 ], [ -49.5703915, -20.4040658 ], [ -49.5703919, -20.4040659 ], [ -49.5703924, -20.4040659 ], [ -49.5703925, -20.4040659 ] ] ] } },
{ "type": "Feature", "properties": { "linha_id": 139, "comp_m": 0.64, "ini_m": 359.72, "fim_m": 360.36, "faixa_id": 2, "classe": "0.50–1.50 m", "_coa_length_m": 0.64, "_coa_class": "0,50–1,50 m" }, "geometry": { "type": "MultiLineString", "coordinates": [ [ [ -49.5737942, -20.4044049 ], [ -49.5738003, -20.4044055 ] ] ] } },
{ "type": "Feature", "properties": { "linha_id": 140, "comp_m": 1.2, "ini_m": 1.96, "fim_m": 3.16, "faixa_id": 2, "classe": "0.50–1.50 m", "_coa_length_m": 1.2, "_coa_class": "0,50–1,50 m" }, "geometry": { "type": "MultiLineString", "coordinates": [ [ [ -49.5704195, -20.4038918 ], [ -49.5704212, -20.403892 ], [ -49.5704263, -20.4038925 ], [ -49.570431, -20.403893 ] ] ] } },
{ "type": "Feature", "properties": { "linha_id": 140, "comp_m": 0.56, "ini_m": 150.76, "fim_m": 151.32, "faixa_id": 2, "classe": "0.50–1.50 m", "_coa_length_m": 0.56, "_coa_class": "0,50–1,50 m" }, "geometry": { "type": "MultiLineString", "coordinates": [ [ [ -49.5718371, -20.4040327 ], [ -49.5718424, -20.4040332 ] ] ] } },
{ "type": "Feature", "properties": { "linha_id": 140, "comp_m": 0.56, "ini_m": 179.16, "fim_m": 179.72, "faixa_id": 2, "classe": "0.50–1.50 m", "_coa_length_m": 0.56, "_coa_class": "0,50–1,50 m" }, "geometry": { "type": "MultiLineString", "coordinates": [ [ [ -49.5721077, -20.4040597 ], [ -49.5721086, -20.4040598 ], [ -49.572113, -20.4040602 ] ] ] } },
{ "type": "Feature", "properties": { "linha_id": 140, "comp_m": 0.96, "ini_m": 442.68, "fim_m": 443.64, "faixa_id": 2, "classe": "0.50–1.50 m", "_coa_length_m": 0.96, "_coa_class": "0,50–1,50 m" }, "geometry": { "type": "MultiLineString", "coordinates": [ [ [ -49.574618, -20.4043106 ], [ -49.5746248, -20.4043114 ], [ -49.5746272, -20.4043116 ] ] ] } },
{ "type": "Feature", "properties": { "linha_id": 141, "comp_m": 0.72, "ini_m": 0.04, "fim_m": 0.76, "faixa_id": 2, "classe": "0.50–1.50 m", "_coa_length_m": 0.72, "_coa_class": "0,50–1,50 m" }, "geometry": { "type": "MultiLineString", "coordinates": [ [ [ -49.5703782, -20.4039543 ], [ -49.5703851, -20.4039542 ] ] ] } },
{ "type": "Feature", "properties": { "linha_id": 141, "comp_m": 1.52, "ini_m": 17.56, "fim_m": 19.08, "faixa_id": 3, "classe": "1.50–3.00 m", "_coa_length_m": 1.52, "_coa_class": "1,50–3,00 m" }, "geometry": { "type": "MultiLineString", "coordinates": [ [ [ -49.5705449, -20.4039717 ], [ -49.570554, -20.4039725 ], [ -49.5705594, -20.4039731 ] ] ] } },
{ "type": "Feature", "properties": { "linha_id": 141, "comp_m": 0.88, "ini_m": 98.76, "fim_m": 99.64, "faixa_id": 2, "classe": "0.50–1.50 m", "_coa_length_m": 0.88, "_coa_class": "0,50–1,50 m" }, "geometry": { "type": "MultiLineString", "coordinates": [ [ [ -49.5713185, -20.4040477 ], [ -49.5713269, -20.4040484 ] ] ] } },
{ "type": "Feature", "properties": { "linha_id": 141, "comp_m": 2.08, "ini_m": 114.84, "fim_m": 116.92, "faixa_id": 3, "classe": "1.50–3.00 m", "_coa_length_m": 2.08, "_coa_class": "1,50–3,00 m" }, "geometry": { "type": "MultiLineString", "coordinates": [ [ [ -49.5714716, -20.4040638 ], [ -49.5714811, -20.4040641 ], [ -49.5714915, -20.4040647 ] ] ] } },
{ "type": "Feature", "properties": { "linha_id": 141, "comp_m": 0.56, "ini_m": 130.44, "fim_m": 131.0, "faixa_id": 2, "classe": "0.50–1.50 m", "_coa_length_m": 0.56, "_coa_class": "0,50–1,50 m" }, "geometry": { "type": "MultiLineString", "coordinates": [ [ [ -49.5716201, -20.4040795 ], [ -49.5716254, -20.4040801 ] ] ] } },
{ "type": "Feature", "properties": { "linha_id": 141, "comp_m": 0.88, "ini_m": 254.04, "fim_m": 254.92, "faixa_id": 2, "classe": "0.50–1.50 m", "_coa_length_m": 0.88, "_coa_class": "0,50–1,50 m" }, "geometry": { "type": "MultiLineString", "coordinates": [ [ [ -49.5727953, -20.404197 ], [ -49.5728037, -20.4041982 ] ] ] } },
{ "type": "Feature", "properties": { "linha_id": 141, "comp_m": 0.56, "ini_m": 290.6, "fim_m": 291.16, "faixa_id": 2, "classe": "0.50–1.50 m", "_coa_length_m": 0.56, "_coa_class": "0,50–1,50 m" }, "geometry": { "type": "MultiLineString", "coordinates": [ [ [ -49.5731436, -20.4042322 ], [ -49.5731489, -20.4042328 ] ] ] } },
{ "type": "Feature", "properties": { "linha_id": 141, "comp_m": 1.28, "ini_m": 308.76, "fim_m": 310.04, "faixa_id": 2, "classe": "0.50–1.50 m", "_coa_length_m": 1.28, "_coa_class": "0,50–1,50 m" }, "geometry": { "type": "MultiLineString", "coordinates": [ [ [ -49.5733167, -20.4042488 ], [ -49.5733288, -20.4042504 ] ] ] } },
{ "type": "Feature", "properties": { "linha_id": 141, "comp_m": 0.56, "ini_m": 312.36, "fim_m": 312.92, "faixa_id": 2, "classe": "0.50–1.50 m", "_coa_length_m": 0.56, "_coa_class": "0,50–1,50 m" }, "geometry": { "type": "MultiLineString", "coordinates": [ [ [ -49.5733509, -20.4042523 ], [ -49.5733563, -20.4042527 ] ] ] } },
{ "type": "Feature", "properties": { "linha_id": 141, "comp_m": 0.56, "ini_m": 363.8, "fim_m": 364.36, "faixa_id": 2, "classe": "0.50–1.50 m", "_coa_length_m": 0.56, "_coa_class": "0,50–1,50 m" }, "geometry": { "type": "MultiLineString", "coordinates": [ [ [ -49.573841, -20.404301 ], [ -49.5738464, -20.4043014 ] ] ] } },
{ "type": "Feature", "properties": { "linha_id": 141, "comp_m": 1.04, "ini_m": 376.28, "fim_m": 377.32, "faixa_id": 2, "classe": "0.50–1.50 m", "_coa_length_m": 1.04, "_coa_class": "0,50–1,50 m" }, "geometry": { "type": "MultiLineString", "coordinates": [ [ [ -49.5739599, -20.4043129 ], [ -49.5739693, -20.4043141 ], [ -49.5739698, -20.4043141 ] ] ] } },
{ "type": "Feature", "properties": { "linha_id": 141, "comp_m": 0.56, "ini_m": 406.52, "fim_m": 407.08, "faixa_id": 2, "classe": "0.50–1.50 m", "_coa_length_m": 0.56, "_coa_class": "0,50–1,50 m" }, "geometry": { "type": "MultiLineString", "coordinates": [ [ [ -49.5742478, -20.404343 ], [ -49.5742515, -20.4043434 ], [ -49.5742532, -20.4043435 ] ] ] } },
{ "type": "Feature", "properties": { "linha_id": 141, "comp_m": 1.44, "ini_m": 407.88, "fim_m": 409.32, "faixa_id": 2, "classe": "0.50–1.50 m", "_coa_length_m": 1.44, "_coa_class": "0,50–1,50 m" }, "geometry": { "type": "MultiLineString", "coordinates": [ [ [ -49.5742608, -20.4043438 ], [ -49.5742667, -20.4043441 ], [ -49.5742666, -20.4043443 ], [ -49.5742699, -20.4043447 ], [ -49.5742733, -20.4043451 ], [ -49.5742742, -20.4043452 ] ] ] } },
{ "type": "Feature", "properties": { "linha_id": 141, "comp_m": 1.2, "ini_m": 409.8, "fim_m": 411.0, "faixa_id": 2, "classe": "0.50–1.50 m", "_coa_length_m": 1.2, "_coa_class": "0,50–1,50 m" }, "geometry": { "type": "MultiLineString", "coordinates": [ [ [ -49.5742788, -20.4043457 ], [ -49.5742799, -20.4043459 ], [ -49.5742833, -20.4043463 ], [ -49.5742866, -20.4043466 ], [ -49.57429, -20.404347 ], [ -49.5742902, -20.404347 ] ] ] } },
{ "type": "Feature", "properties": { "linha_id": 141, "comp_m": 0.56, "ini_m": 413.0, "fim_m": 413.56, "faixa_id": 2, "classe": "0.50–1.50 m", "_coa_length_m": 0.56, "_coa_class": "0,50–1,50 m" }, "geometry": { "type": "MultiLineString", "coordinates": [ [ [ -49.5743092, -20.4043491 ], [ -49.5743101, -20.4043492 ], [ -49.5743134, -20.4043496 ], [ -49.5743145, -20.4043497 ] ] ] } },
{ "type": "Feature", "properties": { "linha_id": 141, "comp_m": 0.56, "ini_m": 432.92, "fim_m": 433.48, "faixa_id": 2, "classe": "0.50–1.50 m", "_coa_length_m": 0.56, "_coa_class": "0,50–1,50 m" }, "geometry": { "type": "MultiLineString", "coordinates": [ [ [ -49.5744992, -20.4043663 ], [ -49.5744992, -20.4043663 ], [ -49.5745026, -20.4043666 ], [ -49.5745045, -20.4043668 ] ] ] } },
{ "type": "Feature", "properties": { "linha_id": 141, "comp_m": 4.24, "ini_m": 437.56, "fim_m": 441.8, "faixa_id": 4, "classe": "3.00–5.00 m", "_coa_length_m": 4.241, "_coa_class": "3,00–5,00 m" }, "geometry": { "type": "MultiLineString", "coordinates": [ [ [ -49.5745434, -20.4043707 ], [ -49.5745463, -20.404371 ], [ -49.5745497, -20.4043713 ], [ -49.574553, -20.4043717 ], [ -49.5745564, -20.4043721 ], [ -49.5745597, -20.4043725 ], [ -49.5745631, -20.4043729 ], [ -49.5745664, -20.4043733 ], [ -49.5745697, -20.4043737 ], [ -49.5745731, -20.4043741 ], [ -49.5745764, -20.4043745 ], [ -49.5745797, -20.4043749 ], [ -49.574583, -20.4043753 ], [ -49.5745837, -20.4043754 ] ] ] } },
{ "type": "Feature", "properties": { "linha_id": 141, "comp_m": 0.64, "ini_m": 442.28, "fim_m": 442.92, "faixa_id": 2, "classe": "0.50–1.50 m", "_coa_length_m": 0.64, "_coa_class": "0,50–1,50 m" }, "geometry": { "type": "MultiLineString", "coordinates": [ [ [ -49.5745883, -20.404376 ], [ -49.5745897, -20.4043762 ], [ -49.574593, -20.4043767 ], [ -49.5745944, -20.4043768 ] ] ] } },
{ "type": "Feature", "properties": { "linha_id": 142, "comp_m": 2.64, "ini_m": 3.24, "fim_m": 5.88, "faixa_id": 3, "classe": "1.50–3.00 m", "_coa_length_m": 2.64, "_coa_class": "1,50–3,00 m" }, "geometry": { "type": "MultiLineString", "coordinates": [ [ [ -49.5704169, -20.4039705 ], [ -49.5704185, -20.4039707 ], [ -49.5704221, -20.403971 ], [ -49.5704257, -20.4039713 ], [ -49.5704293, -20.4039717 ], [ -49.5704329, -20.403972 ], [ -49.5704365, -20.4039724 ], [ -49.5704401, -20.4039727 ], [ -49.5704421, -20.4039729 ] ] ] } },
{ "type": "Feature", "properties": { "linha_id": 142, "comp_m": 0.64, "ini_m": 6.76, "fim_m": 7.4, "faixa_id": 2, "classe": "0.50–1.50 m", "_coa_length_m": 0.64, "_coa_class": "0,50–1,50 m" }, "geometry": { "type": "MultiLineString", "coordinates": [ [ [ -49.5704505, -20.4039738 ], [ -49.5704509, -20.4039738 ], [ -49.5704544, -20.4039742 ], [ -49.5704566, -20.4039744 ] ] ] } },
{ "type": "Feature", "properties": { "linha_id": 142, "comp_m": 2.32, "ini_m": 349.56, "fim_m": 351.88, "faixa_id": 3, "classe": "1.50–3.00 m", "_coa_length_m": 2.32, "_coa_class": "1,50–3,00 m" }, "geometry": { "type": "MultiLineString", "coordinates": [ [ [ -49.5737141, -20.4043012 ], [ -49.5737147, -20.4043014 ], [ -49.5737219, -20.4043027 ], [ -49.5737294, -20.4043034 ], [ -49.5737361, -20.4043037 ] ] ] } },
{ "type": "Feature", "properties": { "linha_id": 142, "comp_m": 0.64, "ini_m": 357.88, "fim_m": 358.52, "faixa_id": 2, "classe": "0.50–1.50 m", "_coa_length_m": 0.64, "_coa_class": "0,50–1,50 m" }, "geometry": { "type": "MultiLineString", "coordinates": [ [ [ -49.5737933, -20.4043084 ], [ -49.573797, -20.4043088 ], [ -49.5737994, -20.4043091 ] ] ] } },
{ "type": "Feature", "properties": { "linha_id": 142, "comp_m": 0.56, "ini_m": 362.92, "fim_m": 363.48, "faixa_id": 2, "classe": "0.50–1.50 m", "_coa_length_m": 0.56, "_coa_class": "0,50–1,50 m" }, "geometry": { "type": "MultiLineString", "coordinates": [ [ [ -49.5738414, -20.4043131 ], [ -49.5738418, -20.4043131 ], [ -49.5738467, -20.4043136 ] ] ] } },
{ "type": "Feature", "properties": { "linha_id": 142, "comp_m": 1.44, "ini_m": 368.28, "fim_m": 369.72, "faixa_id": 2, "classe": "0.50–1.50 m", "_coa_length_m": 1.44, "_coa_class": "0,50–1,50 m" }, "geometry": { "type": "MultiLineString", "coordinates": [ [ [ -49.5738921, -20.404319 ], [ -49.5738936, -20.4043191 ], [ -49.5738978, -20.4043195 ], [ -49.5739019, -20.4043199 ], [ -49.5739058, -20.4043203 ] ] ] } },
{ "type": "Feature", "properties": { "linha_id": 142, "comp_m": 0.72, "ini_m": 370.12, "fim_m": 370.84, "faixa_id": 2, "classe": "0.50–1.50 m", "_coa_length_m": 0.72, "_coa_class": "0,50–1,50 m" }, "geometry": { "type": "MultiLineString", "coordinates": [ [ [ -49.5739097, -20.4043207 ], [ -49.5739102, -20.4043207 ], [ -49.5739144, -20.4043211 ], [ -49.5739165, -20.4043213 ] ] ] } },
{ "type": "Feature", "properties": { "linha_id": 142, "comp_m": 0.56, "ini_m": 378.2, "fim_m": 378.76, "faixa_id": 2, "classe": "0.50–1.50 m", "_coa_length_m": 0.56, "_coa_class": "0,50–1,50 m" }, "geometry": { "type": "MultiLineString", "coordinates": [ [ [ -49.5739867, -20.404328 ], [ -49.573989, -20.4043283 ], [ -49.573992, -20.4043286 ] ] ] } },
{ "type": "Feature", "properties": { "linha_id": 142, "comp_m": 1.6, "ini_m": 405.48, "fim_m": 407.08, "faixa_id": 3, "classe": "1.50–3.00 m", "_coa_length_m": 1.6, "_coa_class": "1,50–3,00 m" }, "geometry": { "type": "MultiLineString", "coordinates": [ [ [ -49.5742467, -20.4043536 ], [ -49.5742501, -20.4043539 ], [ -49.5742543, -20.4043542 ], [ -49.5742585, -20.4043544 ], [ -49.574262, -20.4043546 ] ] ] } },
{ "type": "Feature", "properties": { "linha_id": 142, "comp_m": 0.72, "ini_m": 427.24, "fim_m": 427.96, "faixa_id": 2, "classe": "0.50–1.50 m", "_coa_length_m": 0.72, "_coa_class": "0,50–1,50 m" }, "geometry": { "type": "MultiLineString", "coordinates": [ [ [ -49.5744528, -20.4043749 ], [ -49.5744557, -20.4043752 ], [ -49.5744594, -20.4043755 ], [ -49.5744597, -20.4043755 ] ] ] } },
{ "type": "Feature", "properties": { "linha_id": 142, "comp_m": 1.12, "ini_m": 437.64, "fim_m": 438.76, "faixa_id": 2, "classe": "0.50–1.50 m", "_coa_length_m": 1.12, "_coa_class": "0,50–1,50 m" }, "geometry": { "type": "MultiLineString", "coordinates": [ [ [ -49.574552, -20.4043841 ], [ -49.5745527, -20.4043842 ], [ -49.5745565, -20.4043845 ], [ -49.5745602, -20.4043849 ], [ -49.5745627, -20.4043851 ] ] ] } },
{ "type": "Feature", "properties": { "linha_id": 143, "comp_m": 0.72, "ini_m": 28.28, "fim_m": 29.0, "faixa_id": 2, "classe": "0.50–1.50 m", "_coa_length_m": 0.72, "_coa_class": "0,50–1,50 m" }, "geometry": { "type": "MultiLineString", "coordinates": [ [ [ -49.5706489, -20.4039679 ], [ -49.5706515, -20.4039681 ], [ -49.5706558, -20.4039684 ] ] ] } },
{ "type": "Feature", "properties": { "linha_id": 143, "comp_m": 0.72, "ini_m": 431.0, "fim_m": 431.72, "faixa_id": 2, "classe": "0.50–1.50 m", "_coa_length_m": 0.72, "_coa_class": "0,50–1,50 m" }, "geometry": { "type": "MultiLineString", "coordinates": [ [ [ -49.5744852, -20.4043509 ], [ -49.5744913, -20.4043515 ], [ -49.574492, -20.4043516 ] ] ] } },
{ "type": "Feature", "properties": { "linha_id": 144, "comp_m": 1.16, "ini_m": 0.0, "fim_m": 1.16, "faixa_id": 2, "classe": "0.50–1.50 m", "_coa_length_m": 1.16, "_coa_class": "0,50–1,50 m" }, "geometry": { "type": "MultiLineString", "coordinates": [ [ [ -49.5703724, -20.4039123 ], [ -49.5703754, -20.4039124 ], [ -49.5703784, -20.4039125 ], [ -49.5703814, -20.4039127 ], [ -49.5703835, -20.4039128 ] ] ] } },
{ "type": "Feature", "properties": { "linha_id": 144, "comp_m": 0.64, "ini_m": 1.88, "fim_m": 2.52, "faixa_id": 2, "classe": "0.50–1.50 m", "_coa_length_m": 0.64, "_coa_class": "0,50–1,50 m" }, "geometry": { "type": "MultiLineString", "coordinates": [ [ [ -49.5703904, -20.4039133 ], [ -49.5703933, -20.4039135 ], [ -49.5703963, -20.4039137 ], [ -49.5703965, -20.4039138 ] ] ] } },
{ "type": "Feature", "properties": { "linha_id": 144, "comp_m": 1.44, "ini_m": 4.36, "fim_m": 5.8, "faixa_id": 2, "classe": "0.50–1.50 m", "_coa_length_m": 1.44, "_coa_class": "0,50–1,50 m" }, "geometry": { "type": "MultiLineString", "coordinates": [ [ [ -49.570414, -20.4039156 ], [ -49.5704168, -20.4039159 ], [ -49.5704197, -20.4039163 ], [ -49.5704226, -20.4039166 ], [ -49.5704256, -20.403917 ], [ -49.5704277, -20.4039172 ] ] ] } },
{ "type": "Feature", "properties": { "linha_id": 144, "comp_m": 0.72, "ini_m": 67.56, "fim_m": 68.28, "faixa_id": 2, "classe": "0.50–1.50 m", "_coa_length_m": 0.72, "_coa_class": "0,50–1,50 m" }, "geometry": { "type": "MultiLineString", "coordinates": [ [ [ -49.5710151, -20.4039767 ], [ -49.5710167, -20.4039768 ], [ -49.571022, -20.4039772 ] ] ] } },
{ "type": "Feature", "properties": { "linha_id": 144, "comp_m": 0.56, "ini_m": 303.32, "fim_m": 303.88, "faixa_id": 2, "classe": "0.50–1.50 m", "_coa_length_m": 0.56, "_coa_class": "0,50–1,50 m" }, "geometry": { "type": "MultiLineString", "coordinates": [ [ [ -49.573259, -20.4042022 ], [ -49.5732597, -20.4042023 ], [ -49.5732644, -20.4042028 ] ] ] } },
{ "type": "Feature", "properties": { "linha_id": 144, "comp_m": 0.64, "ini_m": 438.36, "fim_m": 439.0, "faixa_id": 2, "classe": "0.50–1.50 m", "_coa_length_m": 0.64, "_coa_class": "0,50–1,50 m" }, "geometry": { "type": "MultiLineString", "coordinates": [ [ [ -49.5745431, -20.4043305 ], [ -49.5745469, -20.4043309 ], [ -49.5745492, -20.4043312 ] ] ] } },
{ "type": "Feature", "properties": { "linha_id": 144, "comp_m": 1.04, "ini_m": 440.44, "fim_m": 441.48, "faixa_id": 2, "classe": "0.50–1.50 m", "_coa_length_m": 1.04, "_coa_class": "0,50–1,50 m" }, "geometry": { "type": "MultiLineString", "coordinates": [ [ [ -49.5745629, -20.4043329 ], [ -49.5745705, -20.4043338 ], [ -49.5745728, -20.404334 ] ] ] } },
{ "type": "Feature", "properties": { "linha_id": 145, "comp_m": 1.36, "ini_m": 85.56, "fim_m": 86.92, "faixa_id": 2, "classe": "0.50–1.50 m", "_coa_length_m": 1.36, "_coa_class": "0,50–1,50 m" }, "geometry": { "type": "MultiLineString", "coordinates": [ [ [ -49.5711921, -20.4041041 ], [ -49.571205, -20.404106 ] ] ] } },
{ "type": "Feature", "properties": { "linha_id": 146, "comp_m": 1.2, "ini_m": 0.44, "fim_m": 1.64, "faixa_id": 2, "classe": "0.50–1.50 m", "_coa_length_m": 1.2, "_coa_class": "0,50–1,50 m" }, "geometry": { "type": "MultiLineString", "coordinates": [ [ [ -49.570369, -20.4040387 ], [ -49.5703805, -20.4040388 ] ] ] } },
{ "type": "Feature", "properties": { "linha_id": 146, "comp_m": 0.56, "ini_m": 37.56, "fim_m": 38.12, "faixa_id": 2, "classe": "0.50–1.50 m", "_coa_length_m": 0.56, "_coa_class": "0,50–1,50 m" }, "geometry": { "type": "MultiLineString", "coordinates": [ [ [ -49.5707227, -20.4040722 ], [ -49.570723, -20.4040722 ], [ -49.5707281, -20.4040727 ] ] ] } },
{ "type": "Feature", "properties": { "linha_id": 146, "comp_m": 0.56, "ini_m": 115.56, "fim_m": 116.12, "faixa_id": 2, "classe": "0.50–1.50 m", "_coa_length_m": 0.56, "_coa_class": "0,50–1,50 m" }, "geometry": { "type": "MultiLineString", "coordinates": [ [ [ -49.5714657, -20.4041473 ], [ -49.5714697, -20.4041476 ], [ -49.5714711, -20.4041477 ] ] ] } },
{ "type": "Feature", "properties": { "linha_id": 146, "comp_m": 0.56, "ini_m": 250.44, "fim_m": 251.0, "faixa_id": 2, "classe": "0.50–1.50 m", "_coa_length_m": 0.56, "_coa_class": "0,50–1,50 m" }, "geometry": { "type": "MultiLineString", "coordinates": [ [ [ -49.57275, -20.4042754 ], [ -49.5727517, -20.4042755 ], [ -49.5727534, -20.4042757 ], [ -49.5727552, -20.4042759 ], [ -49.5727554, -20.4042759 ] ] ] } },
{ "type": "Feature", "properties": { "linha_id": 146, "comp_m": 0.56, "ini_m": 350.36, "fim_m": 350.92, "faixa_id": 2, "classe": "0.50–1.50 m", "_coa_length_m": 0.56, "_coa_class": "0,50–1,50 m" }, "geometry": { "type": "MultiLineString", "coordinates": [ [ [ -49.5737006, -20.4043692 ], [ -49.5737008, -20.4043692 ], [ -49.573705, -20.4043697 ], [ -49.573706, -20.4043698 ] ] ] } },
{ "type": "Feature", "properties": { "linha_id": 146, "comp_m": 0.88, "ini_m": 368.28, "fim_m": 369.16, "faixa_id": 2, "classe": "0.50–1.50 m", "_coa_length_m": 0.88, "_coa_class": "0,50–1,50 m" }, "geometry": { "type": "MultiLineString", "coordinates": [ [ [ -49.5738708, -20.4043868 ], [ -49.573879, -20.4043878 ], [ -49.5738791, -20.4043879 ] ] ] } },
{ "type": "Feature", "properties": { "linha_id": 147, "comp_m": 1.6, "ini_m": 1.64, "fim_m": 3.24, "faixa_id": 3, "classe": "1.50–3.00 m", "_coa_length_m": 1.6, "_coa_class": "1,50–3,00 m" }, "geometry": { "type": "MultiLineString", "coordinates": [ [ [ -49.5704342, -20.4035653 ], [ -49.5704344, -20.4035653 ], [ -49.5704352, -20.4035653 ], [ -49.570436, -20.4035654 ], [ -49.5704368, -20.4035654 ], [ -49.5704377, -20.4035655 ], [ -49.5704385, -20.4035656 ], [ -49.5704393, -20.4035656 ], [ -49.5704402, -20.4035657 ], [ -49.570441, -20.4035657 ], [ -49.5704418, -20.4035658 ], [ -49.5704427, -20.4035658 ], [ -49.5704435, -20.4035659 ], [ -49.5704443, -20.403566 ], [ -49.5704452, -20.403566 ], [ -49.570446, -20.4035661 ], [ -49.5704468, -20.4035661 ], [ -49.5704477, -20.4035662 ], [ -49.5704485, -20.4035663 ], [ -49.5704493, -20.4035663 ], [ -49.5704495, -20.4035663 ] ] ] } },
{ "type": "Feature", "properties": { "linha_id": 147, "comp_m": 0.72, "ini_m": 5.56, "fim_m": 6.28, "faixa_id": 2, "classe": "0.50–1.50 m", "_coa_length_m": 0.72, "_coa_class": "0,50–1,50 m" }, "geometry": { "type": "MultiLineString", "coordinates": [ [ [ -49.5704716, -20.4035682 ], [ -49.5704724, -20.4035683 ], [ -49.5704732, -20.4035684 ], [ -49.570474, -20.4035685 ], [ -49.5704749, -20.4035686 ], [ -49.5704757, -20.4035687 ], [ -49.5704765, -20.4035688 ], [ -49.5704773, -20.4035689 ], [ -49.5704781, -20.4035689 ], [ -49.5704785, -20.403569 ] ] ] } },
{ "type": "Feature", "properties": { "linha_id": 147, "comp_m": 0.56, "ini_m": 42.28, "fim_m": 42.84, "faixa_id": 2, "classe": "0.50–1.50 m", "_coa_length_m": 0.56, "_coa_class": "0,50–1,50 m" }, "geometry": { "type": "MultiLineString", "coordinates": [ [ [ -49.5708214, -20.4036031 ], [ -49.5708251, -20.4036035 ], [ -49.5708267, -20.4036036 ] ] ] } },
{ "type": "Feature", "properties": { "linha_id": 147, "comp_m": 1.04, "ini_m": 99.96, "fim_m": 101.0, "faixa_id": 2, "classe": "0.50–1.50 m", "_coa_length_m": 1.04, "_coa_class": "0,50–1,50 m" }, "geometry": { "type": "MultiLineString", "coordinates": [ [ [ -49.57137, -20.4036587 ], [ -49.5713712, -20.4036588 ], [ -49.5713798, -20.4036599 ] ] ] } },
{ "type": "Feature", "properties": { "linha_id": 147, "comp_m": 0.56, "ini_m": 321.8, "fim_m": 322.36, "faixa_id": 2, "classe": "0.50–1.50 m", "_coa_length_m": 0.56, "_coa_class": "0,50–1,50 m" }, "geometry": { "type": "MultiLineString", "coordinates": [ [ [ -49.5734823, -20.4038697 ], [ -49.5734877, -20.4038702 ] ] ] } },
{ "type": "Feature", "properties": { "linha_id": 147, "comp_m": 0.72, "ini_m": 428.52, "fim_m": 429.24, "faixa_id": 2, "classe": "0.50–1.50 m", "_coa_length_m": 0.72, "_coa_class": "0,50–1,50 m" }, "geometry": { "type": "MultiLineString", "coordinates": [ [ [ -49.574497, -20.403972 ], [ -49.5745037, -20.4039727 ], [ -49.5745039, -20.4039728 ] ] ] } },
{ "type": "Feature", "properties": { "linha_id": 147, "comp_m": 0.508, "ini_m": 442.68, "fim_m": 443.188, "faixa_id": 2, "classe": "0.50–1.50 m", "_coa_length_m": 0.508, "_coa_class": "0,50–1,50 m" }, "geometry": { "type": "MultiLineString", "coordinates": [ [ [ -49.5746317, -20.4039866 ], [ -49.5746366, -20.4039866 ] ] ] } },
{ "type": "Feature", "properties": { "linha_id": 148, "comp_m": 1.32, "ini_m": 0.0, "fim_m": 1.32, "faixa_id": 2, "classe": "0.50–1.50 m", "_coa_length_m": 1.32, "_coa_class": "0,50–1,50 m" }, "geometry": { "type": "MultiLineString", "coordinates": [ [ [ -49.570413, -20.4033543 ], [ -49.5704157, -20.4033555 ], [ -49.5704186, -20.4033566 ], [ -49.5704216, -20.4033576 ], [ -49.5704246, -20.4033584 ], [ -49.5704248, -20.4033584 ] ] ] } },
{ "type": "Feature", "properties": { "linha_id": 148, "comp_m": 1.28, "ini_m": 53.48, "fim_m": 54.76, "faixa_id": 2, "classe": "0.50–1.50 m", "_coa_length_m": 1.28, "_coa_class": "0,50–1,50 m" }, "geometry": { "type": "MultiLineString", "coordinates": [ [ [ -49.5709213, -20.4034095 ], [ -49.5709259, -20.40341 ], [ -49.5709335, -20.4034108 ] ] ] } },
{ "type": "Feature", "properties": { "linha_id": 148, "comp_m": 1.44, "ini_m": 59.0, "fim_m": 60.44, "faixa_id": 2, "classe": "0.50–1.50 m", "_coa_length_m": 1.44, "_coa_class": "0,50–1,50 m" }, "geometry": { "type": "MultiLineString", "coordinates": [ [ [ -49.570974, -20.4034144 ], [ -49.5709759, -20.4034145 ], [ -49.5709859, -20.4034153 ], [ -49.5709877, -20.4034155 ] ] ] } },
{ "type": "Feature", "properties": { "linha_id": 148, "comp_m": 0.64, "ini_m": 63.4, "fim_m": 64.04, "faixa_id": 2, "classe": "0.50–1.50 m", "_coa_length_m": 0.64, "_coa_class": "0,50–1,50 m" }, "geometry": { "type": "MultiLineString", "coordinates": [ [ [ -49.571016, -20.4034181 ], [ -49.5710221, -20.4034186 ] ] ] } },
{ "type": "Feature", "properties": { "linha_id": 148, "comp_m": 0.64, "ini_m": 189.48, "fim_m": 190.12, "faixa_id": 2, "classe": "0.50–1.50 m", "_coa_length_m": 0.64, "_coa_class": "0,50–1,50 m" }, "geometry": { "type": "MultiLineString", "coordinates": [ [ [ -49.5722168, -20.4035397 ], [ -49.5722229, -20.4035403 ] ] ] } },
{ "type": "Feature", "properties": { "linha_id": 148, "comp_m": 1.04, "ini_m": 192.2, "fim_m": 193.24, "faixa_id": 2, "classe": "0.50–1.50 m", "_coa_length_m": 1.04, "_coa_class": "0,50–1,50 m" }, "geometry": { "type": "MultiLineString", "coordinates": [ [ [ -49.5722427, -20.4035423 ], [ -49.5722433, -20.4035424 ], [ -49.5722524, -20.4035431 ], [ -49.5722526, -20.4035432 ] ] ] } },
{ "type": "Feature", "properties": { "linha_id": 148, "comp_m": 0.64, "ini_m": 221.32, "fim_m": 221.96, "faixa_id": 2, "classe": "0.50–1.50 m", "_coa_length_m": 0.64, "_coa_class": "0,50–1,50 m" }, "geometry": { "type": "MultiLineString", "coordinates": [ [ [ -49.5725202, -20.4035694 ], [ -49.5725243, -20.4035698 ], [ -49.5725263, -20.4035701 ] ] ] } },
{ "type": "Feature", "properties": { "linha_id": 148, "comp_m": 0.64, "ini_m": 224.6, "fim_m": 225.24, "faixa_id": 2, "classe": "0.50–1.50 m", "_coa_length_m": 0.64, "_coa_class": "0,50–1,50 m" }, "geometry": { "type": "MultiLineString", "coordinates": [ [ [ -49.5725514, -20.4035727 ], [ -49.5725576, -20.4035732 ] ] ] } },
{ "type": "Feature", "properties": { "linha_id": 148, "comp_m": 1.76, "ini_m": 292.28, "fim_m": 294.04, "faixa_id": 3, "classe": "1.50–3.00 m", "_coa_length_m": 1.76, "_coa_class": "1,50–3,00 m" }, "geometry": { "type": "MultiLineString", "coordinates": [ [ [ -49.5731961, -20.4036369 ], [ -49.5732001, -20.4036372 ], [ -49.5732128, -20.4036388 ] ] ] } },
{ "type": "Feature", "properties": { "linha_id": 148, "comp_m": 0.8, "ini_m": 303.8, "fim_m": 304.6, "faixa_id": 2, "classe": "0.50–1.50 m", "_coa_length_m": 0.8, "_coa_class": "0,50–1,50 m" }, "geometry": { "type": "MultiLineString", "coordinates": [ [ [ -49.5733059, -20.4036476 ], [ -49.5733135, -20.4036485 ] ] ] } },
{ "type": "Feature", "properties": { "linha_id": 148, "comp_m": 0.8, "ini_m": 310.12, "fim_m": 310.92, "faixa_id": 2, "classe": "0.50–1.50 m", "_coa_length_m": 0.8, "_coa_class": "0,50–1,50 m" }, "geometry": { "type": "MultiLineString", "coordinates": [ [ [ -49.573366, -20.4036541 ], [ -49.5733736, -20.4036552 ] ] ] } },
{ "type": "Feature", "properties": { "linha_id": 148, "comp_m": 0.56, "ini_m": 387.88, "fim_m": 388.44, "faixa_id": 2, "classe": "0.50–1.50 m", "_coa_length_m": 0.56, "_coa_class": "0,50–1,50 m" }, "geometry": { "type": "MultiLineString", "coordinates": [ [ [ -49.5741067, -20.4037292 ], [ -49.5741109, -20.4037296 ], [ -49.574112, -20.4037297 ] ] ] } },
{ "type": "Feature", "properties": { "linha_id": 148, "comp_m": 2.88, "ini_m": 421.4, "fim_m": 424.28, "faixa_id": 3, "classe": "1.50–3.00 m", "_coa_length_m": 2.88, "_coa_class": "1,50–3,00 m" }, "geometry": { "type": "MultiLineString", "coordinates": [ [ [ -49.5744259, -20.4037618 ], [ -49.5744346, -20.403762 ], [ -49.5744533, -20.4037643 ] ] ] } },
{ "type": "Feature", "properties": { "linha_id": 148, "comp_m": 0.72, "ini_m": 424.6, "fim_m": 425.32, "faixa_id": 2, "classe": "0.50–1.50 m", "_coa_length_m": 0.72, "_coa_class": "0,50–1,50 m" }, "geometry": { "type": "MultiLineString", "coordinates": [ [ [ -49.5744564, -20.4037647 ], [ -49.5744633, -20.4037653 ] ] ] } },
{ "type": "Feature", "properties": { "linha_id": 148, "comp_m": 0.56, "ini_m": 426.12, "fim_m": 426.68, "faixa_id": 2, "classe": "0.50–1.50 m", "_coa_length_m": 0.56, "_coa_class": "0,50–1,50 m" }, "geometry": { "type": "MultiLineString", "coordinates": [ [ [ -49.5744709, -20.403766 ], [ -49.5744749, -20.4037664 ], [ -49.5744762, -20.4037666 ] ] ] } },
{ "type": "Feature", "properties": { "linha_id": 149, "comp_m": 3.48, "ini_m": 0.0, "fim_m": 3.48, "faixa_id": 4, "classe": "3.00–5.00 m", "_coa_length_m": 3.48, "_coa_class": "3,00–5,00 m" }, "geometry": { "type": "MultiLineString", "coordinates": [ [ [ -49.5703641, -20.4037909 ], [ -49.5703654, -20.403791 ], [ -49.5703668, -20.4037911 ], [ -49.5703681, -20.4037912 ], [ -49.5703695, -20.4037913 ], [ -49.5703708, -20.4037914 ], [ -49.5703722, -20.4037915 ], [ -49.5703735, -20.4037916 ], [ -49.5703749, -20.4037917 ], [ -49.5703762, -20.4037918 ], [ -49.5703775, -20.4037919 ], [ -49.5703789, -20.403792 ], [ -49.5703802, -20.4037921 ], [ -49.5703816, -20.4037922 ], [ -49.5703829, -20.4037923 ], [ -49.5703843, -20.4037925 ], [ -49.5703856, -20.4037926 ], [ -49.570387, -20.4037927 ], [ -49.5703883, -20.4037928 ], [ -49.5703896, -20.403793 ], [ -49.570391, -20.4037931 ], [ -49.5703923, -20.4037932 ], [ -49.5703937, -20.4037934 ], [ -49.570395, -20.4037935 ], [ -49.5703964, -20.4037936 ], [ -49.5703973, -20.4037937 ] ] ] } },
{ "type": "Feature", "properties": { "linha_id": 149, "comp_m": 1.92, "ini_m": 5.4, "fim_m": 7.32, "faixa_id": 3, "classe": "1.50–3.00 m", "_coa_length_m": 1.92, "_coa_class": "1,50–3,00 m" }, "geometry": { "type": "MultiLineString", "coordinates": [ [ [ -49.5704156, -20.4037957 ], [ -49.5704166, -20.4037958 ], [ -49.570418, -20.4037959 ], [ -49.5704193, -20.4037961 ], [ -49.5704207, -20.4037962 ], [ -49.570422, -20.4037964 ], [ -49.5704234, -20.4037965 ], [ -49.5704247, -20.4037967 ], [ -49.5704261, -20.4037968 ], [ -49.5704274, -20.403797 ], [ -49.5704288, -20.4037971 ], [ -49.5704301, -20.4037973 ], [ -49.5704315, -20.4037974 ], [ -49.5704328, -20.4037976 ], [ -49.5704339, -20.4037977 ] ] ] } },
{ "type": "Feature", "properties": { "linha_id": 149, "comp_m": 2.08, "ini_m": 10.44, "fim_m": 12.52, "faixa_id": 3, "classe": "1.50–3.00 m", "_coa_length_m": 2.08, "_coa_class": "1,50–3,00 m" }, "geometry": { "type": "MultiLineString", "coordinates": [ [ [ -49.5704636, -20.4038005 ], [ -49.5704641, -20.4038005 ], [ -49.5704655, -20.4038006 ], [ -49.5704669, -20.4038007 ], [ -49.5704682, -20.4038008 ], [ -49.5704696, -20.4038009 ], [ -49.570471, -20.403801 ], [ -49.5704724, -20.4038011 ], [ -49.5704737, -20.4038012 ], [ -49.5704751, -20.4038013 ], [ -49.5704765, -20.4038014 ], [ -49.5704778, -20.4038015 ], [ -49.5704792, -20.4038015 ], [ -49.5704806, -20.4038016 ], [ -49.570482, -20.4038017 ], [ -49.5704833, -20.4038017 ], [ -49.5704835, -20.4038018 ] ] ] } },
{ "type": "Feature", "properties": { "linha_id": 149, "comp_m": 0.8, "ini_m": 13.24, "fim_m": 14.04, "faixa_id": 2, "classe": "0.50–1.50 m", "_coa_length_m": 0.8, "_coa_class": "0,50–1,50 m" }, "geometry": { "type": "MultiLineString", "coordinates": [ [ [ -49.5704904, -20.403802 ], [ -49.5704916, -20.4038021 ], [ -49.570493, -20.4038021 ], [ -49.5704944, -20.4038021 ], [ -49.5704958, -20.4038022 ], [ -49.5704972, -20.4038022 ], [ -49.570498, -20.4038022 ] ] ] } },
{ "type": "Feature", "properties": { "linha_id": 149, "comp_m": 0.8, "ini_m": 20.44, "fim_m": 21.24, "faixa_id": 2, "classe": "0.50–1.50 m", "_coa_length_m": 0.8, "_coa_class": "0,50–1,50 m" }, "geometry": { "type": "MultiLineString", "coordinates": [ [ [ -49.5705573, -20.40381 ], [ -49.5705581, -20.40381 ], [ -49.5705589, -20.40381 ], [ -49.5705598, -20.4038101 ], [ -49.5705606, -20.4038101 ], [ -49.5705614, -20.4038102 ], [ -49.5705623, -20.4038102 ], [ -49.5705631, -20.4038102 ], [ -49.570564, -20.4038103 ], [ -49.5705648, -20.4038103 ], [ -49.570565, -20.4038103 ] ] ] } },
{ "type": "Feature", "properties": { "linha_id": 149, "comp_m": 1.12, "ini_m": 22.6, "fim_m": 23.72, "faixa_id": 2, "classe": "0.50–1.50 m", "_coa_length_m": 1.12, "_coa_class": "0,50–1,50 m" }, "geometry": { "type": "MultiLineString", "coordinates": [ [ [ -49.570578, -20.4038107 ], [ -49.5705783, -20.4038107 ], [ -49.5705792, -20.4038107 ], [ -49.57058, -20.4038107 ], [ -49.57058, -20.4038106 ], [ -49.5705884, -20.4038117 ] ] ] } },
{ "type": "Feature", "properties": { "linha_id": 149, "comp_m": 0.72, "ini_m": 24.92, "fim_m": 25.64, "faixa_id": 2, "classe": "0.50–1.50 m", "_coa_length_m": 0.72, "_coa_class": "0,50–1,50 m" }, "geometry": { "type": "MultiLineString", "coordinates": [ [ [ -49.5705998, -20.403813 ], [ -49.5706067, -20.4038135 ] ] ] } },
{ "type": "Feature", "properties": { "linha_id": 149, "comp_m": 1.12, "ini_m": 27.16, "fim_m": 28.28, "faixa_id": 2, "classe": "0.50–1.50 m", "_coa_length_m": 1.12, "_coa_class": "0,50–1,50 m" }, "geometry": { "type": "MultiLineString", "coordinates": [ [ [ -49.5706211, -20.4038153 ], [ -49.5706268, -20.4038161 ], [ -49.5706318, -20.4038167 ] ] ] } },
{ "type": "Feature", "properties": { "linha_id": 149, "comp_m": 2.08, "ini_m": 31.48, "fim_m": 33.56, "faixa_id": 3, "classe": "1.50–3.00 m", "_coa_length_m": 2.08, "_coa_class": "1,50–3,00 m" }, "geometry": { "type": "MultiLineString", "coordinates": [ [ [ -49.5706622, -20.4038199 ], [ -49.570674, -20.4038207 ], [ -49.5706821, -20.4038213 ] ] ] } },
{ "type": "Feature", "properties": { "linha_id": 149, "comp_m": 0.88, "ini_m": 34.52, "fim_m": 35.4, "faixa_id": 2, "classe": "0.50–1.50 m", "_coa_length_m": 0.88, "_coa_class": "0,50–1,50 m" }, "geometry": { "type": "MultiLineString", "coordinates": [ [ [ -49.5706913, -20.4038221 ], [ -49.5706997, -20.4038228 ] ] ] } },
{ "type": "Feature", "properties": { "linha_id": 149, "comp_m": 0.72, "ini_m": 62.68, "fim_m": 63.4, "faixa_id": 2, "classe": "0.50–1.50 m", "_coa_length_m": 0.72, "_coa_class": "0,50–1,50 m" }, "geometry": { "type": "MultiLineString", "coordinates": [ [ [ -49.5709594, -20.4038504 ], [ -49.5709662, -20.4038514 ] ] ] } },
{ "type": "Feature", "properties": { "linha_id": 149, "comp_m": 0.72, "ini_m": 105.96, "fim_m": 106.68, "faixa_id": 2, "classe": "0.50–1.50 m", "_coa_length_m": 0.72, "_coa_class": "0,50–1,50 m" }, "geometry": { "type": "MultiLineString", "coordinates": [ [ [ -49.5713718, -20.403891 ], [ -49.5713787, -20.4038915 ] ] ] } },
{ "type": "Feature", "properties": { "linha_id": 149, "comp_m": 0.96, "ini_m": 107.24, "fim_m": 108.2, "faixa_id": 2, "classe": "0.50–1.50 m", "_coa_length_m": 0.96, "_coa_class": "0,50–1,50 m" }, "geometry": { "type": "MultiLineString", "coordinates": [ [ [ -49.571384, -20.4038918 ], [ -49.5713932, -20.4038926 ] ] ] } },
{ "type": "Feature", "properties": { "linha_id": 149, "comp_m": 0.56, "ini_m": 113.4, "fim_m": 113.96, "faixa_id": 2, "classe": "0.50–1.50 m", "_coa_length_m": 0.56, "_coa_class": "0,50–1,50 m" }, "geometry": { "type": "MultiLineString", "coordinates": [ [ [ -49.5714426, -20.4038984 ], [ -49.5714447, -20.4038987 ], [ -49.5714479, -20.4038992 ] ] ] } },
{ "type": "Feature", "properties": { "linha_id": 149, "comp_m": 0.56, "ini_m": 231.24, "fim_m": 231.8, "faixa_id": 2, "classe": "0.50–1.50 m", "_coa_length_m": 0.56, "_coa_class": "0,50–1,50 m" }, "geometry": { "type": "MultiLineString", "coordinates": [ [ [ -49.572565, -20.4040113 ], [ -49.5725662, -20.4040114 ], [ -49.5725703, -20.4040119 ] ] ] } },
{ "type": "Feature", "properties": { "linha_id": 149, "comp_m": 0.64, "ini_m": 294.28, "fim_m": 294.92, "faixa_id": 2, "classe": "0.50–1.50 m", "_coa_length_m": 0.64, "_coa_class": "0,50–1,50 m" }, "geometry": { "type": "MultiLineString", "coordinates": [ [ [ -49.5731656, -20.4040713 ], [ -49.5731717, -20.4040719 ] ] ] } },
{ "type": "Feature", "properties": { "linha_id": 149, "comp_m": 0.96, "ini_m": 325.32, "fim_m": 326.28, "faixa_id": 2, "classe": "0.50–1.50 m", "_coa_length_m": 0.96, "_coa_class": "0,50–1,50 m" }, "geometry": { "type": "MultiLineString", "coordinates": [ [ [ -49.5734613, -20.4041008 ], [ -49.5734704, -20.4041017 ] ] ] } },
{ "type": "Feature", "properties": { "linha_id": 149, "comp_m": 0.56, "ini_m": 327.56, "fim_m": 328.12, "faixa_id": 2, "classe": "0.50–1.50 m", "_coa_length_m": 0.56, "_coa_class": "0,50–1,50 m" }, "geometry": { "type": "MultiLineString", "coordinates": [ [ [ -49.5734826, -20.4041027 ], [ -49.573488, -20.4041032 ] ] ] } },
{ "type": "Feature", "properties": { "linha_id": 149, "comp_m": 1.04, "ini_m": 344.28, "fim_m": 345.32, "faixa_id": 2, "classe": "0.50–1.50 m", "_coa_length_m": 1.04, "_coa_class": "0,50–1,50 m" }, "geometry": { "type": "MultiLineString", "coordinates": [ [ [ -49.5736419, -20.4041189 ], [ -49.5736444, -20.4041192 ], [ -49.5736518, -20.40412 ] ] ] } },
{ "type": "Feature", "properties": { "linha_id": 149, "comp_m": 0.56, "ini_m": 393.88, "fim_m": 394.44, "faixa_id": 2, "classe": "0.50–1.50 m", "_coa_length_m": 0.56, "_coa_class": "0,50–1,50 m" }, "geometry": { "type": "MultiLineString", "coordinates": [ [ [ -49.5741145, -20.4041659 ], [ -49.5741198, -20.4041665 ] ] ] } },
{ "type": "Feature", "properties": { "linha_id": 149, "comp_m": 0.72, "ini_m": 402.12, "fim_m": 402.84, "faixa_id": 2, "classe": "0.50–1.50 m", "_coa_length_m": 0.72, "_coa_class": "0,50–1,50 m" }, "geometry": { "type": "MultiLineString", "coordinates": [ [ [ -49.5741929, -20.4041746 ], [ -49.5741997, -20.4041752 ] ] ] } },
{ "type": "Feature", "properties": { "linha_id": 149, "comp_m": 1.92, "ini_m": 442.04, "fim_m": 443.96, "faixa_id": 3, "classe": "1.50–3.00 m", "_coa_length_m": 1.92, "_coa_class": "1,50–3,00 m" }, "geometry": { "type": "MultiLineString", "coordinates": [ [ [ -49.574573, -20.4042129 ], [ -49.574574, -20.404213 ], [ -49.5745751, -20.4042131 ], [ -49.5745763, -20.4042132 ], [ -49.5745775, -20.4042133 ], [ -49.5745787, -20.4042134 ], [ -49.5745799, -20.4042136 ], [ -49.5745811, -20.4042137 ], [ -49.5745823, -20.4042138 ], [ -49.5745834, -20.4042139 ], [ -49.5745846, -20.404214 ], [ -49.5745858, -20.4042141 ], [ -49.574587, -20.4042142 ], [ -49.5745882, -20.4042143 ], [ -49.5745894, -20.4042144 ], [ -49.5745906, -20.4042146 ], [ -49.5745913, -20.4042146 ] ] ] } },
{ "type": "Feature", "properties": { "linha_id": 150, "comp_m": 0.72, "ini_m": 26.84, "fim_m": 27.56, "faixa_id": 2, "classe": "0.50–1.50 m", "_coa_length_m": 0.72, "_coa_class": "0,50–1,50 m" }, "geometry": { "type": "MultiLineString", "coordinates": [ [ [ -49.5706624, -20.4035744 ], [ -49.5706632, -20.4035745 ], [ -49.5706693, -20.4035752 ] ] ] } },
{ "type": "Feature", "properties": { "linha_id": 150, "comp_m": 0.8, "ini_m": 33.32, "fim_m": 34.12, "faixa_id": 2, "classe": "0.50–1.50 m", "_coa_length_m": 0.8, "_coa_class": "0,50–1,50 m" }, "geometry": { "type": "MultiLineString", "coordinates": [ [ [ -49.5707242, -20.4035804 ], [ -49.5707301, -20.403581 ], [ -49.5707318, -20.4035812 ] ] ] } },
{ "type": "Feature", "properties": { "linha_id": 150, "comp_m": 0.56, "ini_m": 81.72, "fim_m": 82.28, "faixa_id": 2, "classe": "0.50–1.50 m", "_coa_length_m": 0.56, "_coa_class": "0,50–1,50 m" }, "geometry": { "type": "MultiLineString", "coordinates": [ [ [ -49.5711854, -20.4036264 ], [ -49.5711907, -20.4036269 ] ] ] } },
{ "type": "Feature", "properties": { "linha_id": 150, "comp_m": 0.8, "ini_m": 318.52, "fim_m": 319.32, "faixa_id": 2, "classe": "0.50–1.50 m", "_coa_length_m": 0.8, "_coa_class": "0,50–1,50 m" }, "geometry": { "type": "MultiLineString", "coordinates": [ [ [ -49.5734397, -20.4038529 ], [ -49.5734474, -20.4038534 ] ] ] } },
{ "type": "Feature", "properties": { "linha_id": 150, "comp_m": 1.04, "ini_m": 333.64, "fim_m": 334.68, "faixa_id": 2, "classe": "0.50–1.50 m", "_coa_length_m": 1.04, "_coa_class": "0,50–1,50 m" }, "geometry": { "type": "MultiLineString", "coordinates": [ [ [ -49.5735837, -20.4038671 ], [ -49.5735914, -20.4038684 ], [ -49.5735936, -20.4038687 ] ] ] } },
{ "type": "Feature", "properties": { "linha_id": 150, "comp_m": 1.04, "ini_m": 336.52, "fim_m": 337.56, "faixa_id": 2, "classe": "0.50–1.50 m", "_coa_length_m": 1.04, "_coa_class": "0,50–1,50 m" }, "geometry": { "type": "MultiLineString", "coordinates": [ [ [ -49.5736111, -20.4038708 ], [ -49.573621, -20.4038716 ] ] ] } },
{ "type": "Feature", "properties": { "linha_id": 150, "comp_m": 0.8, "ini_m": 437.16, "fim_m": 437.96, "faixa_id": 2, "classe": "0.50–1.50 m", "_coa_length_m": 0.8, "_coa_class": "0,50–1,50 m" }, "geometry": { "type": "MultiLineString", "coordinates": [ [ [ -49.5745698, -20.4039667 ], [ -49.5745774, -20.4039677 ] ] ] } },
{ "type": "Feature", "properties": { "linha_id": 150, "comp_m": 0.56, "ini_m": 442.12, "fim_m": 442.68, "faixa_id": 2, "classe": "0.50–1.50 m", "_coa_length_m": 0.56, "_coa_class": "0,50–1,50 m" }, "geometry": { "type": "MultiLineString", "coordinates": [ [ [ -49.5746169, -20.4039719 ], [ -49.5746172, -20.4039719 ], [ -49.5746175, -20.4039719 ], [ -49.5746179, -20.403972 ], [ -49.5746182, -20.403972 ], [ -49.5746186, -20.403972 ], [ -49.5746189, -20.4039721 ], [ -49.5746193, -20.4039721 ], [ -49.5746196, -20.4039721 ], [ -49.57462, -20.4039722 ], [ -49.5746203, -20.4039722 ], [ -49.5746207, -20.4039722 ], [ -49.574621, -20.4039723 ], [ -49.5746214, -20.4039723 ], [ -49.5746217, -20.4039723 ], [ -49.5746221, -20.4039724 ], [ -49.5746222, -20.4039724 ] ] ] } },
{ "type": "Feature", "properties": { "linha_id": 151, "comp_m": 0.8, "ini_m": 70.04, "fim_m": 70.84, "faixa_id": 2, "classe": "0.50–1.50 m", "_coa_length_m": 0.8, "_coa_class": "0,50–1,50 m" }, "geometry": { "type": "MultiLineString", "coordinates": [ [ [ -49.5710607, -20.4039411 ], [ -49.5710624, -20.4039413 ], [ -49.5710682, -20.4039419 ], [ -49.5710683, -20.4039419 ] ] ] } },
{ "type": "Feature", "properties": { "linha_id": 151, "comp_m": 1.28, "ini_m": 208.84, "fim_m": 210.12, "faixa_id": 2, "classe": "0.50–1.50 m", "_coa_length_m": 1.28, "_coa_class": "0,50–1,50 m" }, "geometry": { "type": "MultiLineString", "coordinates": [ [ [ -49.5723828, -20.4040741 ], [ -49.5723924, -20.4040752 ], [ -49.572395, -20.4040755 ] ] ] } },
{ "type": "Feature", "properties": { "linha_id": 152, "comp_m": 0.96, "ini_m": 23.08, "fim_m": 24.04, "faixa_id": 2, "classe": "0.50–1.50 m", "_coa_length_m": 0.96, "_coa_class": "0,50–1,50 m" }, "geometry": { "type": "MultiLineString", "coordinates": [ [ [ -49.5706054, -20.4038815 ], [ -49.5706068, -20.4038817 ], [ -49.5706137, -20.4038823 ], [ -49.5706145, -20.4038823 ] ] ] } },
{ "type": "Feature", "properties": { "linha_id": 152, "comp_m": 0.96, "ini_m": 31.08, "fim_m": 32.04, "faixa_id": 2, "classe": "0.50–1.50 m", "_coa_length_m": 0.96, "_coa_class": "0,50–1,50 m" }, "geometry": { "type": "MultiLineString", "coordinates": [ [ [ -49.5706816, -20.4038892 ], [ -49.5706829, -20.4038894 ], [ -49.5706898, -20.4038902 ], [ -49.5706907, -20.4038903 ] ] ] } },
{ "type": "Feature", "properties": { "linha_id": 152, "comp_m": 2.48, "ini_m": 38.28, "fim_m": 40.76, "faixa_id": 3, "classe": "1.50–3.00 m", "_coa_length_m": 2.48, "_coa_class": "1,50–3,00 m" }, "geometry": { "type": "MultiLineString", "coordinates": [ [ [ -49.5707501, -20.4038969 ], [ -49.5707519, -20.403897 ], [ -49.5707589, -20.4038976 ], [ -49.5707659, -20.4038981 ], [ -49.5707729, -20.4038985 ], [ -49.5707738, -20.4038986 ] ] ] } },
{ "type": "Feature", "properties": { "linha_id": 153, "comp_m": 6.36, "ini_m": 0.0, "fim_m": 6.36, "faixa_id": 5, "classe": "≥ 5.00 m", "_coa_length_m": 6.361, "_coa_class": ">= 5,00 m" }, "geometry": { "type": "MultiLineString", "coordinates": [ [ [ -49.5703633, -20.4038071 ], [ -49.57037, -20.4038066 ], [ -49.5703763, -20.403807 ], [ -49.5703827, -20.4038075 ], [ -49.5703891, -20.4038076 ], [ -49.5703956, -20.4038073 ], [ -49.570402, -20.4038071 ], [ -49.5704084, -20.4038072 ], [ -49.5704147, -20.4038076 ], [ -49.570421, -20.4038082 ], [ -49.5704241, -20.4038086 ] ] ] } },
{ "type": "Feature", "properties": { "linha_id": 153, "comp_m": 0.64, "ini_m": 11.88, "fim_m": 12.52, "faixa_id": 2, "classe": "0.50–1.50 m", "_coa_length_m": 0.64, "_coa_class": "0,50–1,50 m" }, "geometry": { "type": "MultiLineString", "coordinates": [ [ [ -49.5704768, -20.4038132 ], [ -49.5704783, -20.4038133 ], [ -49.5704829, -20.4038137 ] ] ] } },
{ "type": "Feature", "properties": { "linha_id": 153, "comp_m": 1.44, "ini_m": 15.88, "fim_m": 17.32, "faixa_id": 2, "classe": "0.50–1.50 m", "_coa_length_m": 1.44, "_coa_class": "0,50–1,50 m" }, "geometry": { "type": "MultiLineString", "coordinates": [ [ [ -49.5705148, -20.4038178 ], [ -49.5705159, -20.403818 ], [ -49.5705221, -20.4038188 ], [ -49.5705283, -20.4038196 ], [ -49.5705285, -20.4038197 ] ] ] } },
{ "type": "Feature", "properties": { "linha_id": 153, "comp_m": 0.96, "ini_m": 21.4, "fim_m": 22.36, "faixa_id": 2, "classe": "0.50–1.50 m", "_coa_length_m": 0.96, "_coa_class": "0,50–1,50 m" }, "geometry": { "type": "MultiLineString", "coordinates": [ [ [ -49.5705673, -20.4038238 ], [ -49.5705726, -20.4038243 ], [ -49.5705765, -20.4038247 ] ] ] } },
{ "type": "Feature", "properties": { "linha_id": 153, "comp_m": 1.12, "ini_m": 25.96, "fim_m": 27.08, "faixa_id": 2, "classe": "0.50–1.50 m", "_coa_length_m": 1.12, "_coa_class": "0,50–1,50 m" }, "geometry": { "type": "MultiLineString", "coordinates": [ [ [ -49.5706108, -20.403828 ], [ -49.570617, -20.4038286 ], [ -49.5706214, -20.4038291 ] ] ] } },
{ "type": "Feature", "properties": { "linha_id": 153, "comp_m": 0.64, "ini_m": 48.12, "fim_m": 48.76, "faixa_id": 2, "classe": "0.50–1.50 m", "_coa_length_m": 0.64, "_coa_class": "0,50–1,50 m" }, "geometry": { "type": "MultiLineString", "coordinates": [ [ [ -49.5708218, -20.403849 ], [ -49.5708259, -20.4038494 ], [ -49.5708279, -20.4038496 ] ] ] } },
{ "type": "Feature", "properties": { "linha_id": 153, "comp_m": 0.64, "ini_m": 139.64, "fim_m": 140.28, "faixa_id": 2, "classe": "0.50–1.50 m", "_coa_length_m": 0.64, "_coa_class": "0,50–1,50 m" }, "geometry": { "type": "MultiLineString", "coordinates": [ [ [ -49.5716933, -20.4039361 ], [ -49.5716968, -20.4039364 ], [ -49.5716994, -20.4039367 ] ] ] } },
{ "type": "Feature", "properties": { "linha_id": 153, "comp_m": 1.12, "ini_m": 150.52, "fim_m": 151.64, "faixa_id": 2, "classe": "0.50–1.50 m", "_coa_length_m": 1.12, "_coa_class": "0,50–1,50 m" }, "geometry": { "type": "MultiLineString", "coordinates": [ [ [ -49.571797, -20.4039466 ], [ -49.5718028, -20.4039471 ], [ -49.5718076, -20.4039476 ] ] ] } },
{ "type": "Feature", "properties": { "linha_id": 153, "comp_m": 5.36, "ini_m": 276.36, "fim_m": 281.72, "faixa_id": 5, "classe": "≥ 5.00 m", "_coa_length_m": 5.361, "_coa_class": ">= 5,00 m" }, "geometry": { "type": "MultiLineString", "coordinates": [ [ [ -49.572995, -20.4040668 ], [ -49.5730021, -20.4040679 ], [ -49.5730109, -20.4040694 ], [ -49.5730198, -20.4040707 ], [ -49.5730289, -20.4040717 ], [ -49.573038, -20.4040725 ], [ -49.5730459, -20.4040731 ] ] ] } },
{ "type": "Feature", "properties": { "linha_id": 153, "comp_m": 1.28, "ini_m": 431.88, "fim_m": 433.16, "faixa_id": 2, "classe": "0.50–1.50 m", "_coa_length_m": 1.28, "_coa_class": "0,50–1,50 m" }, "geometry": { "type": "MultiLineString", "coordinates": [ [ [ -49.5744764, -20.4042158 ], [ -49.5744777, -20.4042159 ], [ -49.5744797, -20.4042161 ], [ -49.5744817, -20.4042163 ], [ -49.5744837, -20.4042165 ], [ -49.5744857, -20.4042167 ], [ -49.5744877, -20.4042169 ], [ -49.5744886, -20.404217 ] ] ] } },
{ "type": "Feature", "properties": { "linha_id": 153, "comp_m": 0.8, "ini_m": 446.76, "fim_m": 447.56, "faixa_id": 2, "classe": "0.50–1.50 m", "_coa_length_m": 0.8, "_coa_class": "0,50–1,50 m" }, "geometry": { "type": "MultiLineString", "coordinates": [ [ [ -49.5746181, -20.4042303 ], [ -49.57462, -20.4042305 ], [ -49.574622, -20.4042308 ], [ -49.574624, -20.404231 ], [ -49.5746257, -20.4042313 ] ] ] } },
{ "type": "Feature", "properties": { "linha_id": 154, "comp_m": 0.72, "ini_m": 24.68, "fim_m": 25.4, "faixa_id": 2, "classe": "0.50–1.50 m", "_coa_length_m": 0.72, "_coa_class": "0,50–1,50 m" }, "geometry": { "type": "MultiLineString", "coordinates": [ [ [ -49.5706584, -20.4033956 ], [ -49.5706584, -20.4033956 ], [ -49.5706609, -20.4033959 ], [ -49.5706633, -20.4033962 ], [ -49.5706652, -20.4033965 ] ] ] } },
{ "type": "Feature", "properties": { "linha_id": 154, "comp_m": 0.72, "ini_m": 26.04, "fim_m": 26.76, "faixa_id": 2, "classe": "0.50–1.50 m", "_coa_length_m": 0.72, "_coa_class": "0,50–1,50 m" }, "geometry": { "type": "MultiLineString", "coordinates": [ [ [ -49.5706708, -20.4033971 ], [ -49.5706714, -20.4033971 ], [ -49.5706773, -20.4033974 ], [ -49.5706777, -20.4033975 ] ] ] } },
{ "type": "Feature", "properties": { "linha_id": 154, "comp_m": 0.64, "ini_m": 46.28, "fim_m": 46.92, "faixa_id": 2, "classe": "0.50–1.50 m", "_coa_length_m": 0.64, "_coa_class": "0,50–1,50 m" }, "geometry": { "type": "MultiLineString", "coordinates": [ [ [ -49.5708636, -20.4034165 ], [ -49.5708685, -20.403417 ], [ -49.5708697, -20.4034171 ] ] ] } },
{ "type": "Feature", "properties": { "linha_id": 154, "comp_m": 1.04, "ini_m": 202.36, "fim_m": 203.4, "faixa_id": 2, "classe": "0.50–1.50 m", "_coa_length_m": 1.04, "_coa_class": "0,50–1,50 m" }, "geometry": { "type": "MultiLineString", "coordinates": [ [ [ -49.5723504, -20.4035666 ], [ -49.5723523, -20.4035669 ], [ -49.5723602, -20.4035681 ] ] ] } },
{ "type": "Feature", "properties": { "linha_id": 154, "comp_m": 0.8, "ini_m": 229.48, "fim_m": 230.28, "faixa_id": 2, "classe": "0.50–1.50 m", "_coa_length_m": 0.8, "_coa_class": "0,50–1,50 m" }, "geometry": { "type": "MultiLineString", "coordinates": [ [ [ -49.5726085, -20.4035935 ], [ -49.5726086, -20.4035935 ], [ -49.5726094, -20.4035936 ], [ -49.5726102, -20.4035937 ], [ -49.5726111, -20.4035938 ], [ -49.5726119, -20.4035939 ], [ -49.5726128, -20.403594 ], [ -49.5726136, -20.403594 ], [ -49.5726144, -20.4035941 ], [ -49.5726153, -20.4035942 ], [ -49.5726161, -20.4035943 ], [ -49.5726162, -20.4035943 ] ] ] } },
{ "type": "Feature", "properties": { "linha_id": 154, "comp_m": 0.88, "ini_m": 383.72, "fim_m": 384.6, "faixa_id": 2, "classe": "0.50–1.50 m", "_coa_length_m": 0.88, "_coa_class": "0,50–1,50 m" }, "geometry": { "type": "MultiLineString", "coordinates": [ [ [ -49.5740768, -20.4037397 ], [ -49.5740768, -20.4037397 ], [ -49.5740802, -20.40374 ], [ -49.5740835, -20.4037403 ], [ -49.5740852, -20.4037405 ] ] ] } },
{ "type": "Feature", "properties": { "linha_id": 154, "comp_m": 0.56, "ini_m": 411.4, "fim_m": 411.96, "faixa_id": 2, "classe": "0.50–1.50 m", "_coa_length_m": 0.56, "_coa_class": "0,50–1,50 m" }, "geometry": { "type": "MultiLineString", "coordinates": [ [ [ -49.5743404, -20.4037662 ], [ -49.5743416, -20.4037664 ], [ -49.5743448, -20.4037667 ], [ -49.5743457, -20.4037668 ] ] ] } },
{ "type": "Feature", "properties": { "linha_id": 156, "comp_m": 0.56, "ini_m": 30.28, "fim_m": 30.84, "faixa_id": 2, "classe": "0.50–1.50 m", "_coa_length_m": 0.56, "_coa_class": "0,50–1,50 m" }, "geometry": { "type": "MultiLineString", "coordinates": [ [ [ -49.5706544, -20.4041056 ], [ -49.5706547, -20.4041056 ], [ -49.5706596, -20.4041062 ], [ -49.5706597, -20.4041062 ] ] ] } },
{ "type": "Feature", "properties": { "linha_id": 156, "comp_m": 0.56, "ini_m": 99.56, "fim_m": 100.12, "faixa_id": 2, "classe": "0.50–1.50 m", "_coa_length_m": 0.56, "_coa_class": "0,50–1,50 m" }, "geometry": { "type": "MultiLineString", "coordinates": [ [ [ -49.5713142, -20.4041718 ], [ -49.5713189, -20.4041721 ], [ -49.5713196, -20.4041721 ] ] ] } },
{ "type": "Feature", "properties": { "linha_id": 156, "comp_m": 0.8, "ini_m": 380.68, "fim_m": 381.48, "faixa_id": 2, "classe": "0.50–1.50 m", "_coa_length_m": 0.8, "_coa_class": "0,50–1,50 m" }, "geometry": { "type": "MultiLineString", "coordinates": [ [ [ -49.573991, -20.404438 ], [ -49.5739968, -20.4044386 ], [ -49.5739986, -20.4044388 ] ] ] } },
{ "type": "Feature", "properties": { "linha_id": 157, "comp_m": 0.88, "ini_m": 4.92, "fim_m": 5.8, "faixa_id": 2, "classe": "0.50–1.50 m", "_coa_length_m": 0.88, "_coa_class": "0,50–1,50 m" }, "geometry": { "type": "MultiLineString", "coordinates": [ [ [ -49.5704471, -20.4035383 ], [ -49.5704517, -20.4035387 ], [ -49.5704555, -20.4035391 ] ] ] } },
{ "type": "Feature", "properties": { "linha_id": 157, "comp_m": 0.64, "ini_m": 17.0, "fim_m": 17.64, "faixa_id": 2, "classe": "0.50–1.50 m", "_coa_length_m": 0.64, "_coa_class": "0,50–1,50 m" }, "geometry": { "type": "MultiLineString", "coordinates": [ [ [ -49.5705621, -20.4035508 ], [ -49.5705682, -20.4035514 ] ] ] } },
{ "type": "Feature", "properties": { "linha_id": 157, "comp_m": 0.56, "ini_m": 18.2, "fim_m": 18.76, "faixa_id": 2, "classe": "0.50–1.50 m", "_coa_length_m": 0.56, "_coa_class": "0,50–1,50 m" }, "geometry": { "type": "MultiLineString", "coordinates": [ [ [ -49.5705735, -20.403552 ], [ -49.5705782, -20.4035525 ], [ -49.5705788, -20.4035525 ] ] ] } },
{ "type": "Feature", "properties": { "linha_id": 157, "comp_m": 0.88, "ini_m": 20.84, "fim_m": 21.72, "faixa_id": 2, "classe": "0.50–1.50 m", "_coa_length_m": 0.88, "_coa_class": "0,50–1,50 m" }, "geometry": { "type": "MultiLineString", "coordinates": [ [ [ -49.5705986, -20.4035545 ], [ -49.5706035, -20.403555 ], [ -49.570607, -20.4035554 ] ] ] } },
{ "type": "Feature", "properties": { "linha_id": 157, "comp_m": 1.04, "ini_m": 28.04, "fim_m": 29.08, "faixa_id": 2, "classe": "0.50–1.50 m", "_coa_length_m": 1.04, "_coa_class": "0,50–1,50 m" }, "geometry": { "type": "MultiLineString", "coordinates": [ [ [ -49.5706673, -20.4035605 ], [ -49.5706716, -20.4035609 ], [ -49.5706773, -20.4035614 ] ] ] } },
{ "type": "Feature", "properties": { "linha_id": 157, "comp_m": 1.12, "ini_m": 45.8, "fim_m": 46.92, "faixa_id": 2, "classe": "0.50–1.50 m", "_coa_length_m": 1.12, "_coa_class": "0,50–1,50 m" }, "geometry": { "type": "MultiLineString", "coordinates": [ [ [ -49.5708365, -20.4035781 ], [ -49.5708401, -20.4035784 ], [ -49.5708472, -20.4035789 ] ] ] } },
{ "type": "Feature", "properties": { "linha_id": 157, "comp_m": 0.8, "ini_m": 109.4, "fim_m": 110.2, "faixa_id": 2, "classe": "0.50–1.50 m", "_coa_length_m": 0.8, "_coa_class": "0,50–1,50 m" }, "geometry": { "type": "MultiLineString", "coordinates": [ [ [ -49.5714414, -20.4036384 ], [ -49.5714423, -20.4036385 ], [ -49.5714449, -20.4036387 ], [ -49.5714474, -20.403639 ], [ -49.571449, -20.4036392 ] ] ] } },
{ "type": "Feature", "properties": { "linha_id": 157, "comp_m": 0.64, "ini_m": 228.92, "fim_m": 229.56, "faixa_id": 2, "classe": "0.50–1.50 m", "_coa_length_m": 0.64, "_coa_class": "0,50–1,50 m" }, "geometry": { "type": "MultiLineString", "coordinates": [ [ [ -49.572577, -20.4037533 ], [ -49.5725788, -20.4037535 ], [ -49.5725831, -20.4037539 ] ] ] } },
{ "type": "Feature", "properties": { "linha_id": 158, "comp_m": 0.64, "ini_m": 26.68, "fim_m": 27.32, "faixa_id": 2, "classe": "0.50–1.50 m", "_coa_length_m": 0.64, "_coa_class": "0,50–1,50 m" }, "geometry": { "type": "MultiLineString", "coordinates": [ [ [ -49.5706565, -20.4035462 ], [ -49.5706605, -20.4035465 ], [ -49.5706626, -20.4035467 ] ] ] } },
{ "type": "Feature", "properties": { "linha_id": 158, "comp_m": 2.08, "ini_m": 123.72, "fim_m": 125.8, "faixa_id": 3, "classe": "1.50–3.00 m", "_coa_length_m": 2.08, "_coa_class": "1,50–3,00 m" }, "geometry": { "type": "MultiLineString", "coordinates": [ [ [ -49.5715807, -20.403639 ], [ -49.5715808, -20.403639 ], [ -49.5715832, -20.4036393 ], [ -49.5715857, -20.4036396 ], [ -49.5715882, -20.4036399 ], [ -49.5715906, -20.4036402 ], [ -49.5715931, -20.4036405 ], [ -49.5715955, -20.4036408 ], [ -49.571598, -20.4036411 ], [ -49.5716004, -20.4036414 ] ] ] } },
{ "type": "Feature", "properties": { "linha_id": 158, "comp_m": 0.56, "ini_m": 132.28, "fim_m": 132.84, "faixa_id": 2, "classe": "0.50–1.50 m", "_coa_length_m": 0.56, "_coa_class": "0,50–1,50 m" }, "geometry": { "type": "MultiLineString", "coordinates": [ [ [ -49.5716618, -20.4036473 ], [ -49.5716643, -20.4036477 ], [ -49.5716671, -20.403648 ] ] ] } },
{ "type": "Feature", "properties": { "linha_id": 158, "comp_m": 0.96, "ini_m": 155.0, "fim_m": 155.96, "faixa_id": 2, "classe": "0.50–1.50 m", "_coa_length_m": 0.96, "_coa_class": "0,50–1,50 m" }, "geometry": { "type": "MultiLineString", "coordinates": [ [ [ -49.5718783, -20.4036688 ], [ -49.5718799, -20.403669 ], [ -49.5718874, -20.4036698 ] ] ] } },
{ "type": "Feature", "properties": { "linha_id": 158, "comp_m": 1.04, "ini_m": 171.88, "fim_m": 172.92, "faixa_id": 2, "classe": "0.50–1.50 m", "_coa_length_m": 1.04, "_coa_class": "0,50–1,50 m" }, "geometry": { "type": "MultiLineString", "coordinates": [ [ [ -49.572039, -20.4036854 ], [ -49.5720454, -20.4036861 ], [ -49.5720489, -20.4036864 ] ] ] } },
{ "type": "Feature", "properties": { "linha_id": 158, "comp_m": 0.64, "ini_m": 243.88, "fim_m": 244.52, "faixa_id": 2, "classe": "0.50–1.50 m", "_coa_length_m": 0.64, "_coa_class": "0,50–1,50 m" }, "geometry": { "type": "MultiLineString", "coordinates": [ [ [ -49.5727246, -20.4037548 ], [ -49.5727247, -20.4037548 ], [ -49.5727263, -20.403755 ], [ -49.572728, -20.4037551 ], [ -49.5727297, -20.4037553 ], [ -49.5727307, -20.4037554 ] ] ] } },
{ "type": "Feature", "properties": { "linha_id": 158, "comp_m": 0.64, "ini_m": 245.4, "fim_m": 246.04, "faixa_id": 2, "classe": "0.50–1.50 m", "_coa_length_m": 0.64, "_coa_class": "0,50–1,50 m" }, "geometry": { "type": "MultiLineString", "coordinates": [ [ [ -49.5727391, -20.4037561 ], [ -49.5727396, -20.4037562 ], [ -49.5727413, -20.4037563 ], [ -49.5727429, -20.4037565 ], [ -49.5727446, -20.4037566 ], [ -49.5727452, -20.4037567 ] ] ] } },
{ "type": "Feature", "properties": { "linha_id": 158, "comp_m": 1.04, "ini_m": 278.84, "fim_m": 279.88, "faixa_id": 2, "classe": "0.50–1.50 m", "_coa_length_m": 1.04, "_coa_class": "0,50–1,50 m" }, "geometry": { "type": "MultiLineString", "coordinates": [ [ [ -49.5730573, -20.4037881 ], [ -49.5730623, -20.4037888 ], [ -49.5730672, -20.4037893 ] ] ] } },
{ "type": "Feature", "properties": { "linha_id": 158, "comp_m": 0.8, "ini_m": 282.84, "fim_m": 283.64, "faixa_id": 2, "classe": "0.50–1.50 m", "_coa_length_m": 0.8, "_coa_class": "0,50–1,50 m" }, "geometry": { "type": "MultiLineString", "coordinates": [ [ [ -49.5730955, -20.4037916 ], [ -49.5730957, -20.4037916 ], [ -49.5731024, -20.4037922 ], [ -49.5731031, -20.4037922 ] ] ] } },
{ "type": "Feature", "properties": { "linha_id": 158, "comp_m": 0.56, "ini_m": 293.08, "fim_m": 293.64, "faixa_id": 2, "classe": "0.50–1.50 m", "_coa_length_m": 0.56, "_coa_class": "0,50–1,50 m" }, "geometry": { "type": "MultiLineString", "coordinates": [ [ [ -49.5731931, -20.4038012 ], [ -49.5731952, -20.4038014 ], [ -49.5731984, -20.4038017 ] ] ] } },
{ "type": "Feature", "properties": { "linha_id": 158, "comp_m": 1.12, "ini_m": 321.08, "fim_m": 322.2, "faixa_id": 2, "classe": "0.50–1.50 m", "_coa_length_m": 1.12, "_coa_class": "0,50–1,50 m" }, "geometry": { "type": "MultiLineString", "coordinates": [ [ [ -49.5734598, -20.4038279 ], [ -49.5734602, -20.403828 ], [ -49.5734667, -20.4038288 ], [ -49.5734705, -20.4038293 ] ] ] } },
{ "type": "Feature", "properties": { "linha_id": 158, "comp_m": 0.72, "ini_m": 325.96, "fim_m": 326.68, "faixa_id": 2, "classe": "0.50–1.50 m", "_coa_length_m": 0.72, "_coa_class": "0,50–1,50 m" }, "geometry": { "type": "MultiLineString", "coordinates": [ [ [ -49.5735062, -20.4038335 ], [ -49.5735129, -20.4038341 ], [ -49.5735131, -20.4038341 ] ] ] } },
{ "type": "Feature", "properties": { "linha_id": 158, "comp_m": 0.64, "ini_m": 332.52, "fim_m": 333.16, "faixa_id": 2, "classe": "0.50–1.50 m", "_coa_length_m": 0.64, "_coa_class": "0,50–1,50 m" }, "geometry": { "type": "MultiLineString", "coordinates": [ [ [ -49.5735685, -20.4038393 ], [ -49.5735746, -20.4038401 ] ] ] } },
{ "type": "Feature", "properties": { "linha_id": 158, "comp_m": 0.8, "ini_m": 333.64, "fim_m": 334.44, "faixa_id": 2, "classe": "0.50–1.50 m", "_coa_length_m": 0.8, "_coa_class": "0,50–1,50 m" }, "geometry": { "type": "MultiLineString", "coordinates": [ [ [ -49.5735792, -20.4038407 ], [ -49.5735868, -20.4038417 ] ] ] } },
{ "type": "Feature", "properties": { "linha_id": 158, "comp_m": 0.72, "ini_m": 385.56, "fim_m": 386.28, "faixa_id": 2, "classe": "0.50–1.50 m", "_coa_length_m": 0.72, "_coa_class": "0,50–1,50 m" }, "geometry": { "type": "MultiLineString", "coordinates": [ [ [ -49.5740739, -20.4038892 ], [ -49.5740743, -20.4038892 ], [ -49.5740807, -20.40389 ] ] ] } },
{ "type": "Feature", "properties": { "linha_id": 158, "comp_m": 0.8, "ini_m": 426.92, "fim_m": 427.72, "faixa_id": 2, "classe": "0.50–1.50 m", "_coa_length_m": 0.8, "_coa_class": "0,50–1,50 m" }, "geometry": { "type": "MultiLineString", "coordinates": [ [ [ -49.5744679, -20.4039289 ], [ -49.5744719, -20.4039293 ], [ -49.5744755, -20.4039297 ] ] ] } },
{ "type": "Feature", "properties": { "linha_id": 158, "comp_m": 3.36, "ini_m": 428.36, "fim_m": 431.72, "faixa_id": 4, "classe": "3.00–5.00 m", "_coa_length_m": 3.36, "_coa_class": "3,00–5,00 m" }, "geometry": { "type": "MultiLineString", "coordinates": [ [ [ -49.5744816, -20.4039303 ], [ -49.5744829, -20.4039304 ], [ -49.5744939, -20.4039316 ], [ -49.5745049, -20.4039328 ], [ -49.5745136, -20.4039338 ] ] ] } },
{ "type": "Feature", "properties": { "linha_id": 158, "comp_m": 1.68, "ini_m": 438.68, "fim_m": 440.36, "faixa_id": 3, "classe": "1.50–3.00 m", "_coa_length_m": 1.68, "_coa_class": "1,50–3,00 m" }, "geometry": { "type": "MultiLineString", "coordinates": [ [ [ -49.57458, -20.403939 ], [ -49.5745828, -20.4039393 ], [ -49.5745937, -20.4039407 ], [ -49.574596, -20.4039411 ] ] ] } },
{ "type": "Feature", "properties": { "linha_id": 158, "comp_m": 0.733, "ini_m": 442.84, "fim_m": 443.573, "faixa_id": 2, "classe": "0.50–1.50 m", "_coa_length_m": 0.733, "_coa_class": "0,50–1,50 m" }, "geometry": { "type": "MultiLineString", "coordinates": [ [ [ -49.5746194, -20.4039445 ], [ -49.5746265, -20.4039449 ] ] ] } },
{ "type": "Feature", "properties": { "linha_id": 159, "comp_m": 0.927, "ini_m": 447.8, "fim_m": 448.727, "faixa_id": 2, "classe": "0.50–1.50 m", "_coa_length_m": 0.927, "_coa_class": "0,50–1,50 m" }, "geometry": { "type": "MultiLineString", "coordinates": [ [ [ -49.5746095, -20.4047453 ], [ -49.5746096, -20.4047453 ], [ -49.5746098, -20.4047453 ], [ -49.5746101, -20.4047453 ], [ -49.5746103, -20.4047453 ], [ -49.5746105, -20.4047453 ], [ -49.5746108, -20.4047454 ], [ -49.574611, -20.4047454 ], [ -49.5746112, -20.4047454 ], [ -49.5746115, -20.4047454 ], [ -49.5746117, -20.4047454 ], [ -49.5746119, -20.4047454 ], [ -49.5746122, -20.4047455 ], [ -49.5746124, -20.4047455 ], [ -49.5746126, -20.4047455 ], [ -49.5746129, -20.4047455 ], [ -49.5746131, -20.4047455 ], [ -49.5746133, -20.4047456 ], [ -49.5746136, -20.4047456 ], [ -49.5746138, -20.4047456 ], [ -49.574614, -20.4047456 ], [ -49.5746143, -20.4047456 ], [ -49.5746145, -20.4047457 ], [ -49.5746148, -20.4047457 ], [ -49.574615, -20.4047457 ], [ -49.5746152, -20.4047457 ], [ -49.5746155, -20.4047457 ], [ -49.5746157, -20.4047457 ], [ -49.5746159, -20.4047458 ], [ -49.5746162, -20.4047458 ], [ -49.5746164, -20.4047458 ], [ -49.5746167, -20.4047458 ], [ -49.5746169, -20.4047458 ], [ -49.5746171, -20.4047459 ], [ -49.5746174, -20.4047459 ], [ -49.5746176, -20.4047459 ], [ -49.5746179, -20.4047459 ], [ -49.5746181, -20.4047459 ], [ -49.5746184, -20.404746 ] ] ] } },
{ "type": "Feature", "properties": { "linha_id": 160, "comp_m": 0.64, "ini_m": 6.76, "fim_m": 7.4, "faixa_id": 2, "classe": "0.50–1.50 m", "_coa_length_m": 0.64, "_coa_class": "0,50–1,50 m" }, "geometry": { "type": "MultiLineString", "coordinates": [ [ [ -49.5704307, -20.4040976 ], [ -49.5704329, -20.4040979 ], [ -49.5704368, -20.4040984 ] ] ] } },
{ "type": "Feature", "properties": { "linha_id": 160, "comp_m": 0.56, "ini_m": 52.92, "fim_m": 53.48, "faixa_id": 2, "classe": "0.50–1.50 m", "_coa_length_m": 0.56, "_coa_class": "0,50–1,50 m" }, "geometry": { "type": "MultiLineString", "coordinates": [ [ [ -49.5708705, -20.4041418 ], [ -49.5708759, -20.4041423 ] ] ] } },
{ "type": "Feature", "properties": { "linha_id": 160, "comp_m": 0.56, "ini_m": 292.6, "fim_m": 293.16, "faixa_id": 2, "classe": "0.50–1.50 m", "_coa_length_m": 0.56, "_coa_class": "0,50–1,50 m" }, "geometry": { "type": "MultiLineString", "coordinates": [ [ [ -49.5731527, -20.4043697 ], [ -49.5731549, -20.4043699 ], [ -49.5731581, -20.4043702 ] ] ] } },
{ "type": "Feature", "properties": { "linha_id": 160, "comp_m": 0.8, "ini_m": 386.36, "fim_m": 387.16, "faixa_id": 2, "classe": "0.50–1.50 m", "_coa_length_m": 0.8, "_coa_class": "0,50–1,50 m" }, "geometry": { "type": "MultiLineString", "coordinates": [ [ [ -49.5740455, -20.4044577 ], [ -49.5740485, -20.4044581 ], [ -49.5740531, -20.4044586 ] ] ] } },
{ "type": "Feature", "properties": { "linha_id": 160, "comp_m": 0.8, "ini_m": 428.04, "fim_m": 428.84, "faixa_id": 2, "classe": "0.50–1.50 m", "_coa_length_m": 0.8, "_coa_class": "0,50–1,50 m" }, "geometry": { "type": "MultiLineString", "coordinates": [ [ [ -49.5744425, -20.4044983 ], [ -49.574449, -20.4044992 ], [ -49.5744501, -20.4044993 ] ] ] } },
{ "type": "Feature", "properties": { "linha_id": 160, "comp_m": 1.52, "ini_m": 432.28, "fim_m": 433.8, "faixa_id": 3, "classe": "1.50–3.00 m", "_coa_length_m": 1.52, "_coa_class": "1,50–3,00 m" }, "geometry": { "type": "MultiLineString", "coordinates": [ [ [ -49.5744828, -20.4045026 ], [ -49.5744831, -20.4045026 ], [ -49.5744917, -20.4045034 ], [ -49.5744973, -20.4045038 ] ] ] } },
{ "type": "Feature", "properties": { "linha_id": 160, "comp_m": 2.8, "ini_m": 440.92, "fim_m": 443.72, "faixa_id": 3, "classe": "1.50–3.00 m", "_coa_length_m": 2.8, "_coa_class": "1,50–3,00 m" }, "geometry": { "type": "MultiLineString", "coordinates": [ [ [ -49.5745653, -20.4045088 ], [ -49.5745693, -20.4045093 ], [ -49.5745776, -20.4045107 ], [ -49.5745858, -20.4045122 ], [ -49.5745917, -20.4045133 ] ] ] } },
{ "type": "Feature", "properties": { "linha_id": 160, "comp_m": 0.64, "ini_m": 445.24, "fim_m": 445.88, "faixa_id": 2, "classe": "0.50–1.50 m", "_coa_length_m": 0.64, "_coa_class": "0,50–1,50 m" }, "geometry": { "type": "MultiLineString", "coordinates": [ [ [ -49.5746062, -20.4045151 ], [ -49.5746107, -20.4045155 ], [ -49.5746123, -20.4045155 ] ] ] } },
{ "type": "Feature", "properties": { "linha_id": 161, "comp_m": 0.64, "ini_m": 283.24, "fim_m": 283.88, "faixa_id": 2, "classe": "0.50–1.50 m", "_coa_length_m": 0.64, "_coa_class": "0,50–1,50 m" }, "geometry": { "type": "MultiLineString", "coordinates": [ [ [ -49.5730658, -20.4043733 ], [ -49.5730689, -20.4043736 ], [ -49.5730719, -20.404374 ] ] ] } },
{ "type": "Feature", "properties": { "linha_id": 161, "comp_m": 2.72, "ini_m": 336.12, "fim_m": 338.84, "faixa_id": 3, "classe": "1.50–3.00 m", "_coa_length_m": 2.72, "_coa_class": "1,50–3,00 m" }, "geometry": { "type": "MultiLineString", "coordinates": [ [ [ -49.5735686, -20.4044245 ], [ -49.5735693, -20.4044246 ], [ -49.5735709, -20.4044247 ], [ -49.5735726, -20.4044249 ], [ -49.5735742, -20.4044251 ], [ -49.5735759, -20.4044252 ], [ -49.5735775, -20.4044254 ], [ -49.5735792, -20.4044256 ], [ -49.5735809, -20.4044257 ], [ -49.5735825, -20.4044259 ], [ -49.5735842, -20.404426 ], [ -49.5735858, -20.4044262 ], [ -49.5735875, -20.4044264 ], [ -49.5735892, -20.4044265 ], [ -49.5735908, -20.4044267 ], [ -49.5735925, -20.4044268 ], [ -49.5735941, -20.404427 ], [ -49.5735945, -20.404427 ] ] ] } },
{ "type": "Feature", "properties": { "linha_id": 162, "comp_m": 0.634, "ini_m": 449.4, "fim_m": 450.034, "faixa_id": 2, "classe": "0.50–1.50 m", "_coa_length_m": 0.634, "_coa_class": "0,50–1,50 m" }, "geometry": { "type": "MultiLineString", "coordinates": [ [ [ -49.5746085, -20.4048679 ], [ -49.5746091, -20.4048679 ], [ -49.5746102, -20.404868 ], [ -49.5746113, -20.4048681 ], [ -49.5746123, -20.4048682 ], [ -49.5746134, -20.4048683 ], [ -49.5746145, -20.4048684 ] ] ] } },
{ "type": "Feature", "properties": { "linha_id": 163, "comp_m": 0.56, "ini_m": 183.88, "fim_m": 184.44, "faixa_id": 2, "classe": "0.50–1.50 m", "_coa_length_m": 0.56, "_coa_class": "0,50–1,50 m" }, "geometry": { "type": "MultiLineString", "coordinates": [ [ [ -49.572175, -20.4035625 ], [ -49.5721772, -20.4035628 ], [ -49.5721804, -20.4035631 ] ] ] } },
{ "type": "Feature", "properties": { "linha_id": 163, "comp_m": 0.72, "ini_m": 215.24, "fim_m": 215.96, "faixa_id": 2, "classe": "0.50–1.50 m", "_coa_length_m": 0.72, "_coa_class": "0,50–1,50 m" }, "geometry": { "type": "MultiLineString", "coordinates": [ [ [ -49.5724738, -20.4035925 ], [ -49.5724806, -20.4035934 ] ] ] } },
{ "type": "Feature", "properties": { "linha_id": 163, "comp_m": 0.56, "ini_m": 218.68, "fim_m": 219.24, "faixa_id": 2, "classe": "0.50–1.50 m", "_coa_length_m": 0.56, "_coa_class": "0,50–1,50 m" }, "geometry": { "type": "MultiLineString", "coordinates": [ [ [ -49.5725064, -20.4035966 ], [ -49.5725118, -20.403597 ] ] ] } },
{ "type": "Feature", "properties": { "linha_id": 163, "comp_m": 0.64, "ini_m": 228.84, "fim_m": 229.48, "faixa_id": 2, "classe": "0.50–1.50 m", "_coa_length_m": 0.64, "_coa_class": "0,50–1,50 m" }, "geometry": { "type": "MultiLineString", "coordinates": [ [ [ -49.5726032, -20.4036066 ], [ -49.5726093, -20.4036073 ] ] ] } },
{ "type": "Feature", "properties": { "linha_id": 163, "comp_m": 0.88, "ini_m": 350.04, "fim_m": 350.92, "faixa_id": 2, "classe": "0.50–1.50 m", "_coa_length_m": 0.88, "_coa_class": "0,50–1,50 m" }, "geometry": { "type": "MultiLineString", "coordinates": [ [ [ -49.5737578, -20.4037213 ], [ -49.5737635, -20.4037223 ], [ -49.5737661, -20.4037226 ] ] ] } },
{ "type": "Feature", "properties": { "linha_id": 163, "comp_m": 0.56, "ini_m": 413.32, "fim_m": 413.88, "faixa_id": 2, "classe": "0.50–1.50 m", "_coa_length_m": 0.56, "_coa_class": "0,50–1,50 m" }, "geometry": { "type": "MultiLineString", "coordinates": [ [ [ -49.5743596, -20.4037824 ], [ -49.5743631, -20.4037827 ], [ -49.5743649, -20.4037829 ] ] ] } },
{ "type": "Feature", "properties": { "linha_id": 164, "comp_m": 0.88, "ini_m": 2.2, "fim_m": 3.08, "faixa_id": 2, "classe": "0.50–1.50 m", "_coa_length_m": 0.88, "_coa_class": "0,50–1,50 m" }, "geometry": { "type": "MultiLineString", "coordinates": [ [ [ -49.5703988, -20.4038489 ], [ -49.5704072, -20.4038493 ] ] ] } },
{ "type": "Feature", "properties": { "linha_id": 164, "comp_m": 0.56, "ini_m": 31.8, "fim_m": 32.36, "faixa_id": 2, "classe": "0.50–1.50 m", "_coa_length_m": 0.56, "_coa_class": "0,50–1,50 m" }, "geometry": { "type": "MultiLineString", "coordinates": [ [ [ -49.5706808, -20.4038764 ], [ -49.5706836, -20.4038767 ], [ -49.5706862, -20.403877 ] ] ] } },
{ "type": "Feature", "properties": { "linha_id": 164, "comp_m": 0.56, "ini_m": 185.48, "fim_m": 186.04, "faixa_id": 2, "classe": "0.50–1.50 m", "_coa_length_m": 0.56, "_coa_class": "0,50–1,50 m" }, "geometry": { "type": "MultiLineString", "coordinates": [ [ [ -49.5721449, -20.4040232 ], [ -49.5721502, -20.4040238 ] ] ] } },
{ "type": "Feature", "properties": { "linha_id": 164, "comp_m": 0.56, "ini_m": 226.92, "fim_m": 227.48, "faixa_id": 2, "classe": "0.50–1.50 m", "_coa_length_m": 0.56, "_coa_class": "0,50–1,50 m" }, "geometry": { "type": "MultiLineString", "coordinates": [ [ [ -49.5725396, -20.4040632 ], [ -49.572545, -20.4040638 ] ] ] } },
{ "type": "Feature", "properties": { "linha_id": 164, "comp_m": 0.96, "ini_m": 440.92, "fim_m": 441.88, "faixa_id": 2, "classe": "0.50–1.50 m", "_coa_length_m": 0.96, "_coa_class": "0,50–1,50 m" }, "geometry": { "type": "MultiLineString", "coordinates": [ [ [ -49.5745786, -20.4042668 ], [ -49.5745877, -20.4042676 ] ] ] } },
{ "type": "Feature", "properties": { "linha_id": 165, "comp_m": 1.28, "ini_m": 422.04, "fim_m": 423.32, "faixa_id": 2, "classe": "0.50–1.50 m", "_coa_length_m": 1.28, "_coa_class": "0,50–1,50 m" }, "geometry": { "type": "MultiLineString", "coordinates": [ [ [ -49.5743683, -20.4046403 ], [ -49.5743804, -20.4046416 ] ] ] } },
{ "type": "Feature", "properties": { "linha_id": 167, "comp_m": 0.56, "ini_m": 10.04, "fim_m": 10.6, "faixa_id": 2, "classe": "0.50–1.50 m", "_coa_length_m": 0.56, "_coa_class": "0,50–1,50 m" }, "geometry": { "type": "MultiLineString", "coordinates": [ [ [ -49.5704469, -20.404236 ], [ -49.5704522, -20.4042368 ] ] ] } },
{ "type": "Feature", "properties": { "linha_id": 167, "comp_m": 0.64, "ini_m": 337.72, "fim_m": 338.36, "faixa_id": 2, "classe": "0.50–1.50 m", "_coa_length_m": 0.64, "_coa_class": "0,50–1,50 m" }, "geometry": { "type": "MultiLineString", "coordinates": [ [ [ -49.5735683, -20.4045473 ], [ -49.5735713, -20.4045476 ], [ -49.5735744, -20.4045479 ] ] ] } },
{ "type": "Feature", "properties": { "linha_id": 167, "comp_m": 2.117, "ini_m": 445.48, "fim_m": 447.597, "faixa_id": 3, "classe": "1.50–3.00 m", "_coa_length_m": 2.117, "_coa_class": "1,50–3,00 m" }, "geometry": { "type": "MultiLineString", "coordinates": [ [ [ -49.5745944, -20.4046487 ], [ -49.5745951, -20.4046487 ], [ -49.5745962, -20.4046488 ], [ -49.5745973, -20.4046489 ], [ -49.5745984, -20.4046489 ], [ -49.5745994, -20.404649 ], [ -49.5746005, -20.4046491 ], [ -49.5746016, -20.4046491 ], [ -49.5746027, -20.4046492 ], [ -49.5746037, -20.4046492 ], [ -49.5746048, -20.4046493 ], [ -49.5746059, -20.4046493 ], [ -49.574607, -20.4046494 ], [ -49.5746081, -20.4046494 ], [ -49.5746092, -20.4046495 ], [ -49.5746103, -20.4046495 ], [ -49.5746113, -20.4046495 ], [ -49.5746124, -20.4046495 ], [ -49.5746135, -20.4046496 ], [ -49.5746146, -20.4046496 ] ] ] } },
{ "type": "Feature", "properties": { "linha_id": 168, "comp_m": 0.72, "ini_m": 195.16, "fim_m": 195.88, "faixa_id": 2, "classe": "0.50–1.50 m", "_coa_length_m": 0.72, "_coa_class": "0,50–1,50 m" }, "geometry": { "type": "MultiLineString", "coordinates": [ [ [ -49.5722129, -20.4044387 ], [ -49.5722136, -20.4044388 ], [ -49.5722195, -20.4044393 ], [ -49.5722198, -20.4044393 ] ] ] } },
{ "type": "Feature", "properties": { "linha_id": 168, "comp_m": 1.04, "ini_m": 308.12, "fim_m": 309.16, "faixa_id": 2, "classe": "0.50–1.50 m", "_coa_length_m": 1.04, "_coa_class": "0,50–1,50 m" }, "geometry": { "type": "MultiLineString", "coordinates": [ [ [ -49.5732885, -20.4045467 ], [ -49.5732925, -20.404547 ], [ -49.5732975, -20.4045475 ], [ -49.5732985, -20.4045476 ] ] ] } },
{ "type": "Feature", "properties": { "linha_id": 168, "comp_m": 0.72, "ini_m": 310.2, "fim_m": 310.92, "faixa_id": 2, "classe": "0.50–1.50 m", "_coa_length_m": 0.72, "_coa_class": "0,50–1,50 m" }, "geometry": { "type": "MultiLineString", "coordinates": [ [ [ -49.5733084, -20.4045486 ], [ -49.5733124, -20.404549 ], [ -49.5733152, -20.4045493 ] ] ] } },
{ "type": "Feature", "properties": { "linha_id": 168, "comp_m": 1.04, "ini_m": 370.04, "fim_m": 371.08, "faixa_id": 2, "classe": "0.50–1.50 m", "_coa_length_m": 1.04, "_coa_class": "0,50–1,50 m" }, "geometry": { "type": "MultiLineString", "coordinates": [ [ [ -49.5738784, -20.4046057 ], [ -49.5738802, -20.4046059 ], [ -49.5738883, -20.404607 ] ] ] } },
{ "type": "Feature", "properties": { "linha_id": 168, "comp_m": 1.04, "ini_m": 402.28, "fim_m": 403.32, "faixa_id": 2, "classe": "0.50–1.50 m", "_coa_length_m": 1.04, "_coa_class": "0,50–1,50 m" }, "geometry": { "type": "MultiLineString", "coordinates": [ [ [ -49.5741856, -20.4046363 ], [ -49.5741955, -20.4046373 ] ] ] } },
{ "type": "Feature", "properties": { "linha_id": 168, "comp_m": 0.851, "ini_m": 446.36, "fim_m": 447.211, "faixa_id": 2, "classe": "0.50–1.50 m", "_coa_length_m": 0.851, "_coa_class": "0,50–1,50 m" }, "geometry": { "type": "MultiLineString", "coordinates": [ [ [ -49.5746057, -20.4046765 ], [ -49.5746138, -20.4046769 ] ] ] } },
{ "type": "Feature", "properties": { "linha_id": 169, "comp_m": 0.64, "ini_m": 0.2, "fim_m": 0.84, "faixa_id": 2, "classe": "0.50–1.50 m", "_coa_length_m": 0.64, "_coa_class": "0,50–1,50 m" }, "geometry": { "type": "MultiLineString", "coordinates": [ [ [ -49.5703573, -20.4041711 ], [ -49.5703577, -20.4041712 ], [ -49.5703589, -20.4041713 ], [ -49.5703601, -20.4041715 ], [ -49.5703613, -20.4041716 ], [ -49.5703625, -20.4041718 ], [ -49.5703634, -20.4041719 ] ] ] } },
{ "type": "Feature", "properties": { "linha_id": 169, "comp_m": 0.64, "ini_m": 2.92, "fim_m": 3.56, "faixa_id": 2, "classe": "0.50–1.50 m", "_coa_length_m": 0.64, "_coa_class": "0,50–1,50 m" }, "geometry": { "type": "MultiLineString", "coordinates": [ [ [ -49.5703831, -20.4041742 ], [ -49.5703839, -20.4041743 ], [ -49.5703851, -20.4041744 ], [ -49.5703862, -20.4041746 ], [ -49.5703874, -20.4041747 ], [ -49.5703886, -20.4041748 ], [ -49.5703892, -20.4041749 ] ] ] } },
{ "type": "Feature", "properties": { "linha_id": 169, "comp_m": 0.96, "ini_m": 32.2, "fim_m": 33.16, "faixa_id": 2, "classe": "0.50–1.50 m", "_coa_length_m": 0.96, "_coa_class": "0,50–1,50 m" }, "geometry": { "type": "MultiLineString", "coordinates": [ [ [ -49.5706613, -20.4042024 ], [ -49.5706653, -20.4042028 ], [ -49.5706704, -20.4042032 ] ] ] } },
{ "type": "Feature", "properties": { "linha_id": 169, "comp_m": 0.56, "ini_m": 265.16, "fim_m": 265.72, "faixa_id": 2, "classe": "0.50–1.50 m", "_coa_length_m": 0.56, "_coa_class": "0,50–1,50 m" }, "geometry": { "type": "MultiLineString", "coordinates": [ [ [ -49.5728777, -20.4044233 ], [ -49.5728817, -20.4044238 ], [ -49.572883, -20.4044239 ] ] ] } },
{ "type": "Feature", "properties": { "linha_id": 170, "comp_m": 0.64, "ini_m": 241.0, "fim_m": 241.64, "faixa_id": 2, "classe": "0.50–1.50 m", "_coa_length_m": 0.64, "_coa_class": "0,50–1,50 m" }, "geometry": { "type": "MultiLineString", "coordinates": [ [ [ -49.5726262, -20.4046966 ], [ -49.5726267, -20.4046966 ], [ -49.5726308, -20.4046971 ], [ -49.5726323, -20.4046973 ] ] ] } },
{ "type": "Feature", "properties": { "linha_id": 171, "comp_m": 0.76, "ini_m": 0.0, "fim_m": 0.76, "faixa_id": 2, "classe": "0.50–1.50 m", "_coa_length_m": 0.76, "_coa_class": "0,50–1,50 m" }, "geometry": { "type": "MultiLineString", "coordinates": [ [ [ -49.5703445, -20.4042705 ], [ -49.5703505, -20.404269 ], [ -49.5703516, -20.404269 ] ] ] } },
{ "type": "Feature", "properties": { "linha_id": 171, "comp_m": 0.8, "ini_m": 20.76, "fim_m": 21.56, "faixa_id": 2, "classe": "0.50–1.50 m", "_coa_length_m": 0.8, "_coa_class": "0,50–1,50 m" }, "geometry": { "type": "MultiLineString", "coordinates": [ [ [ -49.5705424, -20.4042846 ], [ -49.5705461, -20.404285 ], [ -49.57055, -20.4042855 ] ] ] } },
{ "type": "Feature", "properties": { "linha_id": 171, "comp_m": 0.72, "ini_m": 23.8, "fim_m": 24.52, "faixa_id": 2, "classe": "0.50–1.50 m", "_coa_length_m": 0.72, "_coa_class": "0,50–1,50 m" }, "geometry": { "type": "MultiLineString", "coordinates": [ [ [ -49.5705712, -20.4042885 ], [ -49.5705716, -20.4042886 ], [ -49.570578, -20.4042895 ], [ -49.5705781, -20.4042895 ] ] ] } },
{ "type": "Feature", "properties": { "linha_id": 171, "comp_m": 1.068, "ini_m": 447.16, "fim_m": 448.228, "faixa_id": 2, "classe": "0.50–1.50 m", "_coa_length_m": 1.068, "_coa_class": "0,50–1,50 m" }, "geometry": { "type": "MultiLineString", "coordinates": [ [ [ -49.5746022, -20.4046915 ], [ -49.5746047, -20.4046918 ], [ -49.5746124, -20.4046925 ] ] ] } },
{ "type": "Feature", "properties": { "linha_id": 172, "comp_m": 1.4, "ini_m": 0.0, "fim_m": 1.4, "faixa_id": 2, "classe": "0.50–1.50 m", "_coa_length_m": 1.4, "_coa_class": "0,50–1,50 m" }, "geometry": { "type": "MultiLineString", "coordinates": [ [ [ -49.5703945, -20.4033968 ], [ -49.5704079, -20.4033973 ] ] ] } },
{ "type": "Feature", "properties": { "linha_id": 172, "comp_m": 2.56, "ini_m": 4.6, "fim_m": 7.16, "faixa_id": 3, "classe": "1.50–3.00 m", "_coa_length_m": 2.56, "_coa_class": "1,50–3,00 m" }, "geometry": { "type": "MultiLineString", "coordinates": [ [ [ -49.5704385, -20.4033992 ], [ -49.5704594, -20.4034022 ], [ -49.5704628, -20.4034025 ] ] ] } },
{ "type": "Feature", "properties": { "linha_id": 172, "comp_m": 0.56, "ini_m": 350.04, "fim_m": 350.6, "faixa_id": 2, "classe": "0.50–1.50 m", "_coa_length_m": 0.56, "_coa_class": "0,50–1,50 m" }, "geometry": { "type": "MultiLineString", "coordinates": [ [ [ -49.5737274, -20.4037315 ], [ -49.5737288, -20.4037317 ], [ -49.5737327, -20.4037321 ] ] ] } },
{ "type": "Feature", "properties": { "linha_id": 172, "comp_m": 0.72, "ini_m": 367.72, "fim_m": 368.44, "faixa_id": 2, "classe": "0.50–1.50 m", "_coa_length_m": 0.72, "_coa_class": "0,50–1,50 m" }, "geometry": { "type": "MultiLineString", "coordinates": [ [ [ -49.5738957, -20.4037493 ], [ -49.5739026, -20.40375 ] ] ] } },
{ "type": "Feature", "properties": { "linha_id": 172, "comp_m": 0.72, "ini_m": 416.76, "fim_m": 417.48, "faixa_id": 2, "classe": "0.50–1.50 m", "_coa_length_m": 0.72, "_coa_class": "0,50–1,50 m" }, "geometry": { "type": "MultiLineString", "coordinates": [ [ [ -49.5743629, -20.4037963 ], [ -49.5743683, -20.4037968 ], [ -49.5743697, -20.4037969 ] ] ] } },
{ "type": "Feature", "properties": { "linha_id": 172, "comp_m": 0.56, "ini_m": 442.04, "fim_m": 442.6, "faixa_id": 2, "classe": "0.50–1.50 m", "_coa_length_m": 0.56, "_coa_class": "0,50–1,50 m" }, "geometry": { "type": "MultiLineString", "coordinates": [ [ [ -49.5746035, -20.4038198 ], [ -49.5746038, -20.4038198 ], [ -49.5746048, -20.4038199 ], [ -49.5746058, -20.40382 ], [ -49.5746069, -20.4038201 ], [ -49.5746079, -20.4038202 ], [ -49.5746088, -20.4038203 ] ] ] } },
{ "type": "Feature", "properties": { "linha_id": 173, "comp_m": 0.56, "ini_m": 25.8, "fim_m": 26.36, "faixa_id": 2, "classe": "0.50–1.50 m", "_coa_length_m": 0.56, "_coa_class": "0,50–1,50 m" }, "geometry": { "type": "MultiLineString", "coordinates": [ [ [ -49.5705849, -20.4043169 ], [ -49.5705866, -20.4043171 ], [ -49.5705902, -20.4043175 ] ] ] } },
{ "type": "Feature", "properties": { "linha_id": 174, "comp_m": 0.64, "ini_m": 17.72, "fim_m": 18.36, "faixa_id": 2, "classe": "0.50–1.50 m", "_coa_length_m": 0.64, "_coa_class": "0,50–1,50 m" }, "geometry": { "type": "MultiLineString", "coordinates": [ [ [ -49.5705846, -20.4034285 ], [ -49.5705847, -20.4034285 ], [ -49.5705906, -20.4034292 ] ] ] } },
{ "type": "Feature", "properties": { "linha_id": 174, "comp_m": 0.8, "ini_m": 230.92, "fim_m": 231.72, "faixa_id": 2, "classe": "0.50–1.50 m", "_coa_length_m": 0.8, "_coa_class": "0,50–1,50 m" }, "geometry": { "type": "MultiLineString", "coordinates": [ [ [ -49.5726149, -20.4036345 ], [ -49.5726174, -20.4036349 ], [ -49.5726225, -20.4036355 ] ] ] } },
{ "type": "Feature", "properties": { "linha_id": 174, "comp_m": 0.72, "ini_m": 235.08, "fim_m": 235.8, "faixa_id": 2, "classe": "0.50–1.50 m", "_coa_length_m": 0.72, "_coa_class": "0,50–1,50 m" }, "geometry": { "type": "MultiLineString", "coordinates": [ [ [ -49.5726545, -20.4036387 ], [ -49.5726604, -20.4036394 ], [ -49.5726614, -20.4036395 ] ] ] } },
{ "type": "Feature", "properties": { "linha_id": 174, "comp_m": 0.64, "ini_m": 240.52, "fim_m": 241.16, "faixa_id": 2, "classe": "0.50–1.50 m", "_coa_length_m": 0.64, "_coa_class": "0,50–1,50 m" }, "geometry": { "type": "MultiLineString", "coordinates": [ [ [ -49.5727064, -20.4036439 ], [ -49.5727124, -20.4036445 ] ] ] } },
{ "type": "Feature", "properties": { "linha_id": 174, "comp_m": 0.64, "ini_m": 277.48, "fim_m": 278.12, "faixa_id": 2, "classe": "0.50–1.50 m", "_coa_length_m": 0.64, "_coa_class": "0,50–1,50 m" }, "geometry": { "type": "MultiLineString", "coordinates": [ [ [ -49.5730567, -20.4036793 ], [ -49.5730567, -20.4036793 ], [ -49.5730584, -20.4036795 ], [ -49.57306, -20.4036796 ], [ -49.5730617, -20.4036798 ], [ -49.5730628, -20.4036799 ] ] ] } },
{ "type": "Feature", "properties": { "linha_id": 174, "comp_m": 0.72, "ini_m": 307.08, "fim_m": 307.8, "faixa_id": 2, "classe": "0.50–1.50 m", "_coa_length_m": 0.72, "_coa_class": "0,50–1,50 m" }, "geometry": { "type": "MultiLineString", "coordinates": [ [ [ -49.5733385, -20.4037072 ], [ -49.5733448, -20.4037078 ], [ -49.5733454, -20.4037079 ] ] ] } },
{ "type": "Feature", "properties": { "linha_id": 174, "comp_m": 0.64, "ini_m": 347.16, "fim_m": 347.8, "faixa_id": 2, "classe": "0.50–1.50 m", "_coa_length_m": 0.64, "_coa_class": "0,50–1,50 m" }, "geometry": { "type": "MultiLineString", "coordinates": [ [ [ -49.5737204, -20.4037449 ], [ -49.5737225, -20.4037451 ], [ -49.5737265, -20.4037454 ] ] ] } },
{ "type": "Feature", "properties": { "linha_id": 174, "comp_m": 0.56, "ini_m": 367.16, "fim_m": 367.72, "faixa_id": 2, "classe": "0.50–1.50 m", "_coa_length_m": 0.56, "_coa_class": "0,50–1,50 m" }, "geometry": { "type": "MultiLineString", "coordinates": [ [ [ -49.5739099, -20.4037642 ], [ -49.5739149, -20.4037647 ], [ -49.5739152, -20.4037648 ] ] ] } },
{ "type": "Feature", "properties": { "linha_id": 174, "comp_m": 0.64, "ini_m": 370.28, "fim_m": 370.92, "faixa_id": 2, "classe": "0.50–1.50 m", "_coa_length_m": 0.64, "_coa_class": "0,50–1,50 m" }, "geometry": { "type": "MultiLineString", "coordinates": [ [ [ -49.5739396, -20.4037671 ], [ -49.5739455, -20.4037676 ], [ -49.5739457, -20.4037676 ] ] ] } },
{ "type": "Feature", "properties": { "linha_id": 174, "comp_m": 0.64, "ini_m": 373.96, "fim_m": 374.6, "faixa_id": 2, "classe": "0.50–1.50 m", "_coa_length_m": 0.64, "_coa_class": "0,50–1,50 m" }, "geometry": { "type": "MultiLineString", "coordinates": [ [ [ -49.5739747, -20.4037703 ], [ -49.5739761, -20.4037704 ], [ -49.5739808, -20.4037708 ] ] ] } },
{ "type": "Feature", "properties": { "linha_id": 174, "comp_m": 1.2, "ini_m": 379.0, "fim_m": 380.2, "faixa_id": 2, "classe": "0.50–1.50 m", "_coa_length_m": 1.2, "_coa_class": "0,50–1,50 m" }, "geometry": { "type": "MultiLineString", "coordinates": [ [ [ -49.5740228, -20.4037747 ], [ -49.5740297, -20.4037753 ], [ -49.5740342, -20.4037758 ] ] ] } },
{ "type": "Feature", "properties": { "linha_id": 174, "comp_m": 0.729, "ini_m": 440.6, "fim_m": 441.329, "faixa_id": 2, "classe": "0.50–1.50 m", "_coa_length_m": 0.729, "_coa_class": "0,50–1,50 m" }, "geometry": { "type": "MultiLineString", "coordinates": [ [ [ -49.5746096, -20.4038343 ], [ -49.5746166, -20.4038348 ] ] ] } },
{ "type": "Feature", "properties": { "linha_id": 175, "comp_m": 0.52, "ini_m": 0.0, "fim_m": 0.52, "faixa_id": 2, "classe": "0.50–1.50 m", "_coa_length_m": 0.52, "_coa_class": "0,50–1,50 m" }, "geometry": { "type": "MultiLineString", "coordinates": [ [ [ -49.5703552, -20.4042008 ], [ -49.5703602, -20.404201 ] ] ] } },
{ "type": "Feature", "properties": { "linha_id": 175, "comp_m": 0.96, "ini_m": 6.12, "fim_m": 7.08, "faixa_id": 2, "classe": "0.50–1.50 m", "_coa_length_m": 0.96, "_coa_class": "0,50–1,50 m" }, "geometry": { "type": "MultiLineString", "coordinates": [ [ [ -49.5704137, -20.4042045 ], [ -49.5704174, -20.4042048 ], [ -49.5704228, -20.4042054 ] ] ] } },
{ "type": "Feature", "properties": { "linha_id": 175, "comp_m": 1.68, "ini_m": 65.08, "fim_m": 66.76, "faixa_id": 3, "classe": "1.50–3.00 m", "_coa_length_m": 1.68, "_coa_class": "1,50–3,00 m" }, "geometry": { "type": "MultiLineString", "coordinates": [ [ [ -49.5709755, -20.4042605 ], [ -49.5709824, -20.4042612 ], [ -49.5709915, -20.4042621 ] ] ] } },
{ "type": "Feature", "properties": { "linha_id": 175, "comp_m": 1.12, "ini_m": 67.24, "fim_m": 68.36, "faixa_id": 2, "classe": "0.50–1.50 m", "_coa_length_m": 1.12, "_coa_class": "0,50–1,50 m" }, "geometry": { "type": "MultiLineString", "coordinates": [ [ [ -49.570996, -20.4042626 ], [ -49.5710067, -20.4042638 ] ] ] } },
{ "type": "Feature", "properties": { "linha_id": 175, "comp_m": 0.88, "ini_m": 374.76, "fim_m": 375.64, "faixa_id": 2, "classe": "0.50–1.50 m", "_coa_length_m": 0.88, "_coa_class": "0,50–1,50 m" }, "geometry": { "type": "MultiLineString", "coordinates": [ [ [ -49.5739247, -20.4045552 ], [ -49.5739274, -20.4045555 ], [ -49.5739315, -20.4045559 ], [ -49.5739331, -20.4045561 ] ] ] } },
{ "type": "Feature", "properties": { "linha_id": 175, "comp_m": 0.588, "ini_m": 446.12, "fim_m": 446.708, "faixa_id": 2, "classe": "0.50–1.50 m", "_coa_length_m": 0.588, "_coa_class": "0,50–1,50 m" }, "geometry": { "type": "MultiLineString", "coordinates": [ [ [ -49.5746031, -20.4046227 ], [ -49.5746037, -20.4046228 ], [ -49.5746047, -20.4046229 ], [ -49.5746057, -20.404623 ], [ -49.5746067, -20.4046231 ], [ -49.5746077, -20.4046232 ], [ -49.5746087, -20.4046233 ] ] ] } },
{ "type": "Feature", "properties": { "linha_id": 176, "comp_m": 3.08, "ini_m": 0.0, "fim_m": 3.08, "faixa_id": 4, "classe": "3.00–5.00 m", "_coa_length_m": 3.08, "_coa_class": "3,00–5,00 m" }, "geometry": { "type": "MultiLineString", "coordinates": [ [ [ -49.5704051, -20.4034399 ], [ -49.5704053, -20.4034399 ], [ -49.5704054, -20.4034399 ], [ -49.5704056, -20.4034399 ], [ -49.5704058, -20.4034399 ], [ -49.570406, -20.4034399 ], [ -49.5704062, -20.4034399 ], [ -49.5704064, -20.4034399 ], [ -49.5704066, -20.4034399 ], [ -49.5704067, -20.4034399 ], [ -49.5704069, -20.4034399 ], [ -49.5704071, -20.4034399 ], [ -49.5704073, -20.40344 ], [ -49.5704075, -20.40344 ], [ -49.5704077, -20.40344 ], [ -49.5704079, -20.40344 ], [ -49.5704081, -20.40344 ], [ -49.5704082, -20.40344 ], [ -49.5704084, -20.40344 ], [ -49.5704086, -20.40344 ], [ -49.5704088, -20.40344 ], [ -49.570409, -20.40344 ], [ -49.5704092, -20.4034401 ], [ -49.5704094, -20.4034401 ], [ -49.5704096, -20.4034401 ], [ -49.5704098, -20.4034401 ], [ -49.57041, -20.4034401 ], [ -49.5704102, -20.4034401 ], [ -49.5704104, -20.4034401 ], [ -49.5704105, -20.4034401 ], [ -49.5704107, -20.4034401 ], [ -49.5704109, -20.4034402 ], [ -49.5704111, -20.4034402 ], [ -49.5704113, -20.4034402 ], [ -49.5704115, -20.4034402 ], [ -49.5704117, -20.4034402 ], [ -49.5704119, -20.4034402 ], [ -49.5704121, -20.4034402 ], [ -49.5704123, -20.4034402 ], [ -49.5704125, -20.4034402 ], [ -49.5704127, -20.4034403 ], [ -49.5704129, -20.4034403 ], [ -49.5704131, -20.4034403 ], [ -49.5704133, -20.4034403 ], [ -49.5704135, -20.4034403 ], [ -49.5704137, -20.4034403 ], [ -49.5704139, -20.4034403 ], [ -49.5704141, -20.4034403 ], [ -49.5704143, -20.4034403 ], [ -49.5704144, -20.4034404 ], [ -49.5704146, -20.4034404 ], [ -49.5704148, -20.4034404 ], [ -49.570415, -20.4034404 ], [ -49.5704152, -20.4034404 ], [ -49.5704154, -20.4034404 ], [ -49.5704156, -20.4034404 ], [ -49.5704158, -20.4034404 ], [ -49.570416, -20.4034404 ], [ -49.5704162, -20.4034405 ], [ -49.5704164, -20.4034405 ], [ -49.5704166, -20.4034405 ], [ -49.5704168, -20.4034405 ], [ -49.570417, -20.4034405 ], [ -49.5704172, -20.4034405 ], [ -49.5704174, -20.4034405 ], [ -49.5704175, -20.4034405 ], [ -49.5704177, -20.4034405 ], [ -49.5704179, -20.4034405 ], [ -49.5704181, -20.4034405 ], [ -49.5704183, -20.4034406 ], [ -49.5704185, -20.4034406 ], [ -49.5704187, -20.4034406 ], [ -49.5704189, -20.4034406 ], [ -49.5704191, -20.4034406 ], [ -49.5704193, -20.4034406 ], [ -49.5704194, -20.4034406 ], [ -49.5704196, -20.4034406 ], [ -49.5704198, -20.4034406 ], [ -49.57042, -20.4034406 ], [ -49.5704202, -20.4034406 ], [ -49.5704204, -20.4034406 ], [ -49.5704206, -20.4034407 ], [ -49.5704208, -20.4034407 ], [ -49.5704209, -20.4034407 ], [ -49.5704211, -20.4034407 ], [ -49.5704213, -20.4034407 ], [ -49.5704215, -20.4034407 ], [ -49.5704217, -20.4034407 ], [ -49.5704218, -20.4034407 ], [ -49.570422, -20.4034407 ], [ -49.5704222, -20.4034407 ], [ -49.5704224, -20.4034407 ], [ -49.5704226, -20.4034407 ], [ -49.5704227, -20.4034407 ], [ -49.5704229, -20.4034407 ], [ -49.5704231, -20.4034407 ], [ -49.5704233, -20.4034407 ], [ -49.5704234, -20.4034407 ], [ -49.5704236, -20.4034407 ], [ -49.5704238, -20.4034407 ], [ -49.570424, -20.4034401 ], [ -49.5704281, -20.4034405 ], [ -49.5704322, -20.4034409 ], [ -49.5704341, -20.403441 ] ] ] } },
{ "type": "Feature", "properties": { "linha_id": 176, "comp_m": 0.64, "ini_m": 181.8, "fim_m": 182.44, "faixa_id": 2, "classe": "0.50–1.50 m", "_coa_length_m": 0.64, "_coa_class": "0,50–1,50 m" }, "geometry": { "type": "MultiLineString", "coordinates": [ [ [ -49.5721361, -20.4036131 ], [ -49.5721404, -20.4036136 ], [ -49.5721403, -20.4036137 ], [ -49.572142, -20.4036138 ], [ -49.5721421, -20.4036138 ] ] ] } },
{ "type": "Feature", "properties": { "linha_id": 176, "comp_m": 0.64, "ini_m": 204.44, "fim_m": 205.08, "faixa_id": 2, "classe": "0.50–1.50 m", "_coa_length_m": 0.64, "_coa_class": "0,50–1,50 m" }, "geometry": { "type": "MultiLineString", "coordinates": [ [ [ -49.5723513, -20.4036352 ], [ -49.5723521, -20.4036352 ], [ -49.5723537, -20.4036354 ], [ -49.5723554, -20.4036355 ], [ -49.572357, -20.4036357 ], [ -49.5723574, -20.4036357 ] ] ] } },
{ "type": "Feature", "properties": { "linha_id": 176, "comp_m": 1.52, "ini_m": 382.68, "fim_m": 384.2, "faixa_id": 3, "classe": "1.50–3.00 m", "_coa_length_m": 1.52, "_coa_class": "1,50–3,00 m" }, "geometry": { "type": "MultiLineString", "coordinates": [ [ [ -49.5740477, -20.4038047 ], [ -49.5740502, -20.4038049 ], [ -49.5740622, -20.4038058 ] ] ] } },
{ "type": "Feature", "properties": { "linha_id": 177, "comp_m": 0.64, "ini_m": 0.68, "fim_m": 1.32, "faixa_id": 2, "classe": "0.50–1.50 m", "_coa_length_m": 0.64, "_coa_class": "0,50–1,50 m" }, "geometry": { "type": "MultiLineString", "coordinates": [ [ [ -49.5703562, -20.4042133 ], [ -49.570361, -20.4042135 ], [ -49.5703624, -20.4042136 ] ] ] } },
{ "type": "Feature", "properties": { "linha_id": 177, "comp_m": 0.72, "ini_m": 78.52, "fim_m": 79.24, "faixa_id": 2, "classe": "0.50–1.50 m", "_coa_length_m": 0.72, "_coa_class": "0,50–1,50 m" }, "geometry": { "type": "MultiLineString", "coordinates": [ [ [ -49.5710981, -20.4042855 ], [ -49.5711005, -20.4042857 ], [ -49.5711029, -20.4042859 ], [ -49.5711049, -20.4042861 ] ] ] } },
{ "type": "Feature", "properties": { "linha_id": 178, "comp_m": 0.64, "ini_m": 300.92, "fim_m": 301.56, "faixa_id": 2, "classe": "0.50–1.50 m", "_coa_length_m": 0.64, "_coa_class": "0,50–1,50 m" }, "geometry": { "type": "MultiLineString", "coordinates": [ [ [ -49.5717422, -20.4045129 ], [ -49.5717366, -20.4045121 ], [ -49.5717361, -20.4045121 ] ] ] } },
{ "type": "Feature", "properties": { "linha_id": 178, "comp_m": 1.305, "ini_m": 447.56, "fim_m": 448.865, "faixa_id": 2, "classe": "0.50–1.50 m", "_coa_length_m": 1.305, "_coa_class": "0,50–1,50 m" }, "geometry": { "type": "MultiLineString", "coordinates": [ [ [ -49.5703457, -20.4043749 ], [ -49.5703424, -20.4043747 ], [ -49.5703332, -20.4043741 ] ] ] } },
{ "type": "Feature", "properties": { "linha_id": 179, "comp_m": 1.4, "ini_m": 0.0, "fim_m": 1.4, "faixa_id": 2, "classe": "0.50–1.50 m", "_coa_length_m": 1.4, "_coa_class": "0,50–1,50 m" }, "geometry": { "type": "MultiLineString", "coordinates": [ [ [ -49.5704312, -20.4034263 ], [ -49.5704445, -20.4034281 ] ] ] } },
{ "type": "Feature", "properties": { "linha_id": 179, "comp_m": 0.56, "ini_m": 9.72, "fim_m": 10.28, "faixa_id": 2, "classe": "0.50–1.50 m", "_coa_length_m": 0.56, "_coa_class": "0,50–1,50 m" }, "geometry": { "type": "MultiLineString", "coordinates": [ [ [ -49.5705237, -20.4034366 ], [ -49.570529, -20.4034372 ] ] ] } },
{ "type": "Feature", "properties": { "linha_id": 179, "comp_m": 1.04, "ini_m": 301.96, "fim_m": 303.0, "faixa_id": 2, "classe": "0.50–1.50 m", "_coa_length_m": 1.04, "_coa_class": "0,50–1,50 m" }, "geometry": { "type": "MultiLineString", "coordinates": [ [ [ -49.5733075, -20.4037171 ], [ -49.5733076, -20.4037171 ], [ -49.5733174, -20.4037183 ] ] ] } },
{ "type": "Feature", "properties": { "linha_id": 179, "comp_m": 1.04, "ini_m": 382.52, "fim_m": 383.56, "faixa_id": 2, "classe": "0.50–1.50 m", "_coa_length_m": 1.04, "_coa_class": "0,50–1,50 m" }, "geometry": { "type": "MultiLineString", "coordinates": [ [ [ -49.5740747, -20.4037935 ], [ -49.5740817, -20.4037944 ], [ -49.5740846, -20.4037947 ] ] ] } },
{ "type": "Feature", "properties": { "linha_id": 180, "comp_m": 0.64, "ini_m": 47.56, "fim_m": 48.2, "faixa_id": 2, "classe": "0.50–1.50 m", "_coa_length_m": 0.64, "_coa_class": "0,50–1,50 m" }, "geometry": { "type": "MultiLineString", "coordinates": [ [ [ -49.5708137, -20.4042306 ], [ -49.5708198, -20.4042313 ] ] ] } },
{ "type": "Feature", "properties": { "linha_id": 180, "comp_m": 0.8, "ini_m": 259.24, "fim_m": 260.04, "faixa_id": 2, "classe": "0.50–1.50 m", "_coa_length_m": 0.8, "_coa_class": "0,50–1,50 m" }, "geometry": { "type": "MultiLineString", "coordinates": [ [ [ -49.5728296, -20.404431 ], [ -49.5728313, -20.4044311 ], [ -49.5728372, -20.4044317 ] ] ] } },
{ "type": "Feature", "properties": { "linha_id": 181, "comp_m": 1.0, "ini_m": 0.0, "fim_m": 1.0, "faixa_id": 2, "classe": "0.50–1.50 m", "_coa_length_m": 1.0, "_coa_class": "0,50–1,50 m" }, "geometry": { "type": "MultiLineString", "coordinates": [ [ [ -49.5703308, -20.4045129 ], [ -49.5703375, -20.4045129 ], [ -49.5703404, -20.4045129 ] ] ] } },
{ "type": "Feature", "properties": { "linha_id": 183, "comp_m": 0.68, "ini_m": 0.0, "fim_m": 0.68, "faixa_id": 2, "classe": "0.50–1.50 m", "_coa_length_m": 0.68, "_coa_class": "0,50–1,50 m" }, "geometry": { "type": "MultiLineString", "coordinates": [ [ [ -49.5703323, -20.4045273 ], [ -49.5703389, -20.4045272 ] ] ] } },
{ "type": "Feature", "properties": { "linha_id": 184, "comp_m": 1.36, "ini_m": 88.12, "fim_m": 89.48, "faixa_id": 2, "classe": "0.50–1.50 m", "_coa_length_m": 1.36, "_coa_class": "0,50–1,50 m" }, "geometry": { "type": "MultiLineString", "coordinates": [ [ [ -49.571194, -20.4045006 ], [ -49.5712026, -20.4045013 ], [ -49.571207, -20.4045018 ] ] ] } },
{ "type": "Feature", "properties": { "linha_id": 184, "comp_m": 1.04, "ini_m": 90.04, "fim_m": 91.08, "faixa_id": 2, "classe": "0.50–1.50 m", "_coa_length_m": 1.04, "_coa_class": "0,50–1,50 m" }, "geometry": { "type": "MultiLineString", "coordinates": [ [ [ -49.5712123, -20.4045024 ], [ -49.5712222, -20.4045034 ] ] ] } },
{ "type": "Feature", "properties": { "linha_id": 184, "comp_m": 0.72, "ini_m": 331.0, "fim_m": 331.72, "faixa_id": 2, "classe": "0.50–1.50 m", "_coa_length_m": 0.72, "_coa_class": "0,50–1,50 m" }, "geometry": { "type": "MultiLineString", "coordinates": [ [ [ -49.5735067, -20.4047307 ], [ -49.5735095, -20.404731 ], [ -49.5735136, -20.4047314 ] ] ] } },
{ "type": "Feature", "properties": { "linha_id": 184, "comp_m": 0.64, "ini_m": 424.12, "fim_m": 424.76, "faixa_id": 2, "classe": "0.50–1.50 m", "_coa_length_m": 0.64, "_coa_class": "0,50–1,50 m" }, "geometry": { "type": "MultiLineString", "coordinates": [ [ [ -49.5743924, -20.4048193 ], [ -49.5743937, -20.4048194 ], [ -49.5743979, -20.4048199 ], [ -49.5743985, -20.4048199 ] ] ] } },
{ "type": "Feature", "properties": { "linha_id": 184, "comp_m": 1.311, "ini_m": 444.84, "fim_m": 446.151, "faixa_id": 2, "classe": "0.50–1.50 m", "_coa_length_m": 1.311, "_coa_class": "0,50–1,50 m" }, "geometry": { "type": "MultiLineString", "coordinates": [ [ [ -49.5745897, -20.40484 ], [ -49.5745936, -20.40484 ], [ -49.5745979, -20.4048398 ], [ -49.5746022, -20.4048395 ] ] ] } },
{ "type": "Feature", "properties": { "linha_id": 185, "comp_m": 1.04, "ini_m": 2.84, "fim_m": 3.88, "faixa_id": 2, "classe": "0.50–1.50 m", "_coa_length_m": 1.04, "_coa_class": "0,50–1,50 m" }, "geometry": { "type": "MultiLineString", "coordinates": [ [ [ -49.5703588, -20.4045549 ], [ -49.5703607, -20.404555 ], [ -49.5703664, -20.4045555 ], [ -49.5703687, -20.4045557 ] ] ] } },
{ "type": "Feature", "properties": { "linha_id": 186, "comp_m": 0.92, "ini_m": 0.0, "fim_m": 0.92, "faixa_id": 2, "classe": "0.50–1.50 m", "_coa_length_m": 0.92, "_coa_class": "0,50–1,50 m" }, "geometry": { "type": "MultiLineString", "coordinates": [ [ [ -49.5703326, -20.4045395 ], [ -49.5703359, -20.4045398 ], [ -49.5703392, -20.40454 ], [ -49.5703414, -20.4045401 ] ] ] } },
{ "type": "Feature", "properties": { "linha_id": 186, "comp_m": 1.2, "ini_m": 1.72, "fim_m": 2.92, "faixa_id": 2, "classe": "0.50–1.50 m", "_coa_length_m": 1.2, "_coa_class": "0,50–1,50 m" }, "geometry": { "type": "MultiLineString", "coordinates": [ [ [ -49.570349, -20.4045407 ], [ -49.5703491, -20.4045407 ], [ -49.5703524, -20.4045409 ], [ -49.5703557, -20.4045412 ], [ -49.570359, -20.4045414 ], [ -49.5703605, -20.4045416 ] ] ] } },
{ "type": "Feature", "properties": { "linha_id": 186, "comp_m": 0.72, "ini_m": 12.04, "fim_m": 12.76, "faixa_id": 2, "classe": "0.50–1.50 m", "_coa_length_m": 0.72, "_coa_class": "0,50–1,50 m" }, "geometry": { "type": "MultiLineString", "coordinates": [ [ [ -49.5704475, -20.4045494 ], [ -49.5704478, -20.4045494 ], [ -49.5704511, -20.4045497 ], [ -49.5704543, -20.40455 ], [ -49.5704543, -20.40455 ] ] ] } },
{ "type": "Feature", "properties": { "linha_id": 187, "comp_m": 1.84, "ini_m": 0.68, "fim_m": 2.52, "faixa_id": 3, "classe": "1.50–3.00 m", "_coa_length_m": 1.84, "_coa_class": "1,50–3,00 m" }, "geometry": { "type": "MultiLineString", "coordinates": [ [ [ -49.570399, -20.404134 ], [ -49.5703992, -20.404134 ], [ -49.5703994, -20.404134 ], [ -49.5703997, -20.4041341 ], [ -49.5703999, -20.4041341 ], [ -49.5704002, -20.4041341 ], [ -49.5704005, -20.4041342 ], [ -49.5704007, -20.4041342 ], [ -49.570401, -20.4041343 ], [ -49.5704012, -20.4041343 ], [ -49.5704015, -20.4041344 ], [ -49.5704018, -20.4041344 ], [ -49.570402, -20.4041345 ], [ -49.5704023, -20.4041345 ], [ -49.5704025, -20.4041345 ], [ -49.5704028, -20.4041346 ], [ -49.5704031, -20.4041346 ], [ -49.5704033, -20.4041347 ], [ -49.5704036, -20.4041347 ], [ -49.5704038, -20.4041348 ], [ -49.5704041, -20.4041348 ], [ -49.5704043, -20.4041349 ], [ -49.5704046, -20.4041349 ], [ -49.5704049, -20.404135 ], [ -49.5704051, -20.404135 ], [ -49.5704054, -20.4041351 ], [ -49.5704056, -20.4041351 ], [ -49.5704059, -20.4041352 ], [ -49.5704062, -20.4041352 ], [ -49.5704064, -20.4041353 ], [ -49.5704067, -20.4041353 ], [ -49.5704069, -20.4041354 ], [ -49.5704072, -20.4041354 ], [ -49.5704074, -20.4041355 ], [ -49.5704077, -20.4041355 ], [ -49.570408, -20.4041356 ], [ -49.5704082, -20.4041356 ], [ -49.5704085, -20.4041356 ], [ -49.5704087, -20.4041357 ], [ -49.570409, -20.4041357 ], [ -49.5704093, -20.4041358 ], [ -49.5704095, -20.4041358 ], [ -49.5704098, -20.4041359 ], [ -49.57041, -20.4041359 ], [ -49.5704103, -20.4041359 ], [ -49.5704106, -20.404136 ], [ -49.5704108, -20.404136 ], [ -49.5704111, -20.4041361 ], [ -49.5704114, -20.4041361 ], [ -49.5704116, -20.4041361 ], [ -49.5704119, -20.4041362 ], [ -49.5704121, -20.4041362 ], [ -49.5704124, -20.4041362 ], [ -49.5704127, -20.4041363 ], [ -49.5704129, -20.4041363 ], [ -49.5704132, -20.4041363 ], [ -49.5704135, -20.4041364 ], [ -49.5704137, -20.4041364 ], [ -49.570414, -20.4041364 ], [ -49.5704143, -20.4041364 ], [ -49.5704145, -20.4041365 ], [ -49.5704148, -20.4041365 ], [ -49.5704151, -20.4041365 ], [ -49.5704153, -20.4041365 ], [ -49.5704156, -20.4041365 ], [ -49.5704159, -20.4041366 ], [ -49.5704162, -20.4041366 ], [ -49.5704164, -20.4041366 ] ] ] } },
{ "type": "Feature", "properties": { "linha_id": 187, "comp_m": 0.72, "ini_m": 85.32, "fim_m": 86.04, "faixa_id": 2, "classe": "0.50–1.50 m", "_coa_length_m": 0.72, "_coa_class": "0,50–1,50 m" }, "geometry": { "type": "MultiLineString", "coordinates": [ [ [ -49.5712048, -20.4042163 ], [ -49.5712116, -20.4042171 ] ] ] } },
{ "type": "Feature", "properties": { "linha_id": 187, "comp_m": 0.64, "ini_m": 142.68, "fim_m": 143.32, "faixa_id": 2, "classe": "0.50–1.50 m", "_coa_length_m": 0.64, "_coa_class": "0,50–1,50 m" }, "geometry": { "type": "MultiLineString", "coordinates": [ [ [ -49.5717513, -20.4042699 ], [ -49.5717574, -20.4042706 ] ] ] } },
{ "type": "Feature", "properties": { "linha_id": 187, "comp_m": 0.64, "ini_m": 206.68, "fim_m": 207.32, "faixa_id": 2, "classe": "0.50–1.50 m", "_coa_length_m": 0.64, "_coa_class": "0,50–1,50 m" }, "geometry": { "type": "MultiLineString", "coordinates": [ [ [ -49.5723604, -20.4043306 ], [ -49.5723665, -20.4043313 ] ] ] } },
{ "type": "Feature", "properties": { "linha_id": 187, "comp_m": 0.64, "ini_m": 246.68, "fim_m": 247.32, "faixa_id": 2, "classe": "0.50–1.50 m", "_coa_length_m": 0.64, "_coa_class": "0,50–1,50 m" }, "geometry": { "type": "MultiLineString", "coordinates": [ [ [ -49.5727415, -20.4043686 ], [ -49.5727461, -20.4043689 ], [ -49.5727476, -20.4043691 ] ] ] } },
{ "type": "Feature", "properties": { "linha_id": 187, "comp_m": 1.28, "ini_m": 290.44, "fim_m": 291.72, "faixa_id": 2, "classe": "0.50–1.50 m", "_coa_length_m": 1.28, "_coa_class": "0,50–1,50 m" }, "geometry": { "type": "MultiLineString", "coordinates": [ [ [ -49.5731584, -20.4044105 ], [ -49.573164, -20.4044114 ], [ -49.5731705, -20.4044118 ] ] ] } },
{ "type": "Feature", "properties": { "linha_id": 187, "comp_m": 0.72, "ini_m": 342.76, "fim_m": 343.48, "faixa_id": 2, "classe": "0.50–1.50 m", "_coa_length_m": 0.72, "_coa_class": "0,50–1,50 m" }, "geometry": { "type": "MultiLineString", "coordinates": [ [ [ -49.5736564, -20.4044608 ], [ -49.5736574, -20.4044609 ], [ -49.5736615, -20.4044613 ], [ -49.5736633, -20.4044615 ] ] ] } },
{ "type": "Feature", "properties": { "linha_id": 188, "comp_m": 1.0, "ini_m": 0.0, "fim_m": 1.0, "faixa_id": 2, "classe": "0.50–1.50 m", "_coa_length_m": 1.0, "_coa_class": "0,50–1,50 m" }, "geometry": { "type": "MultiLineString", "coordinates": [ [ [ -49.5703309, -20.4045672 ], [ -49.5703325, -20.4045673 ], [ -49.5703342, -20.4045674 ], [ -49.5703358, -20.4045675 ], [ -49.5703374, -20.4045676 ], [ -49.5703391, -20.4045677 ], [ -49.5703405, -20.4045677 ] ] ] } },
{ "type": "Feature", "properties": { "linha_id": 188, "comp_m": 0.72, "ini_m": 1.56, "fim_m": 2.28, "faixa_id": 2, "classe": "0.50–1.50 m", "_coa_length_m": 0.72, "_coa_class": "0,50–1,50 m" }, "geometry": { "type": "MultiLineString", "coordinates": [ [ [ -49.5703458, -20.4045681 ], [ -49.5703472, -20.4045682 ], [ -49.5703488, -20.4045683 ], [ -49.5703505, -20.4045684 ], [ -49.5703521, -20.4045685 ], [ -49.5703527, -20.4045686 ] ] ] } },
{ "type": "Feature", "properties": { "linha_id": 188, "comp_m": 0.56, "ini_m": 332.28, "fim_m": 332.84, "faixa_id": 2, "classe": "0.50–1.50 m", "_coa_length_m": 0.56, "_coa_class": "0,50–1,50 m" }, "geometry": { "type": "MultiLineString", "coordinates": [ [ [ -49.5734952, -20.4048791 ], [ -49.5735006, -20.4048796 ] ] ] } },
{ "type": "Feature", "properties": { "linha_id": 188, "comp_m": 0.56, "ini_m": 339.08, "fim_m": 339.64, "faixa_id": 2, "classe": "0.50–1.50 m", "_coa_length_m": 0.56, "_coa_class": "0,50–1,50 m" }, "geometry": { "type": "MultiLineString", "coordinates": [ [ [ -49.57356, -20.404886 ], [ -49.5735608, -20.4048861 ], [ -49.5735653, -20.4048865 ] ] ] } },
{ "type": "Feature", "properties": { "linha_id": 188, "comp_m": 0.72, "ini_m": 447.32, "fim_m": 448.04, "faixa_id": 2, "classe": "0.50–1.50 m", "_coa_length_m": 0.72, "_coa_class": "0,50–1,50 m" }, "geometry": { "type": "MultiLineString", "coordinates": [ [ [ -49.5745905, -20.4049886 ], [ -49.5745913, -20.4049887 ], [ -49.5745972, -20.4049898 ] ] ] } },
{ "type": "Feature", "properties": { "linha_id": 189, "comp_m": 1.48, "ini_m": 0.0, "fim_m": 1.48, "faixa_id": 2, "classe": "0.50–1.50 m", "_coa_length_m": 1.48, "_coa_class": "0,50–1,50 m" }, "geometry": { "type": "MultiLineString", "coordinates": [ [ [ -49.5703412, -20.4045945 ], [ -49.5703427, -20.4045947 ], [ -49.5703442, -20.4045948 ], [ -49.5703457, -20.404595 ], [ -49.5703472, -20.4045951 ], [ -49.5703487, -20.4045953 ], [ -49.5703502, -20.4045954 ], [ -49.5703517, -20.4045955 ], [ -49.5703532, -20.4045957 ], [ -49.5703547, -20.4045958 ], [ -49.5703553, -20.4045959 ] ] ] } },
{ "type": "Feature", "properties": { "linha_id": 189, "comp_m": 0.64, "ini_m": 1.88, "fim_m": 2.52, "faixa_id": 2, "classe": "0.50–1.50 m", "_coa_length_m": 0.64, "_coa_class": "0,50–1,50 m" }, "geometry": { "type": "MultiLineString", "coordinates": [ [ [ -49.5703591, -20.4045963 ], [ -49.5703592, -20.4045963 ], [ -49.5703608, -20.4045964 ], [ -49.5703623, -20.4045966 ], [ -49.5703638, -20.4045967 ], [ -49.5703652, -20.4045968 ] ] ] } },
{ "type": "Feature", "properties": { "linha_id": 189, "comp_m": 0.56, "ini_m": 16.28, "fim_m": 16.84, "faixa_id": 2, "classe": "0.50–1.50 m", "_coa_length_m": 0.56, "_coa_class": "0,50–1,50 m" }, "geometry": { "type": "MultiLineString", "coordinates": [ [ [ -49.5704963, -20.4046084 ], [ -49.5704995, -20.4046088 ], [ -49.5705016, -20.4046091 ] ] ] } },
{ "type": "Feature", "properties": { "linha_id": 189, "comp_m": 1.28, "ini_m": 426.04, "fim_m": 427.32, "faixa_id": 2, "classe": "0.50–1.50 m", "_coa_length_m": 1.28, "_coa_class": "0,50–1,50 m" }, "geometry": { "type": "MultiLineString", "coordinates": [ [ [ -49.5743962, -20.4049965 ], [ -49.5743986, -20.4049967 ], [ -49.5744014, -20.404997 ], [ -49.5744042, -20.4049972 ], [ -49.574407, -20.4049974 ], [ -49.5744084, -20.4049976 ] ] ] } },
{ "type": "Feature", "properties": { "linha_id": 189, "comp_m": 1.2, "ini_m": 442.68, "fim_m": 443.88, "faixa_id": 2, "classe": "0.50–1.50 m", "_coa_length_m": 1.2, "_coa_class": "0,50–1,50 m" }, "geometry": { "type": "MultiLineString", "coordinates": [ [ [ -49.5745548, -20.4050114 ], [ -49.5745576, -20.4050117 ], [ -49.5745604, -20.4050119 ], [ -49.5745632, -20.4050122 ], [ -49.574566, -20.4050124 ], [ -49.5745663, -20.4050124 ] ] ] } },
{ "type": "Feature", "properties": { "linha_id": 191, "comp_m": 2.6, "ini_m": 0.0, "fim_m": 2.6, "faixa_id": 3, "classe": "1.50–3.00 m", "_coa_length_m": 2.6, "_coa_class": "1,50–3,00 m" }, "geometry": { "type": "MultiLineString", "coordinates": [ [ [ -49.5703933, -20.4034946 ], [ -49.5703944, -20.4034947 ], [ -49.5703954, -20.4034948 ], [ -49.5703965, -20.4034949 ], [ -49.5703976, -20.403495 ], [ -49.5703987, -20.4034951 ], [ -49.5703997, -20.4034952 ], [ -49.5704008, -20.4034953 ], [ -49.5704019, -20.4034954 ], [ -49.570403, -20.4034955 ], [ -49.5704041, -20.4034956 ], [ -49.5704052, -20.4034957 ], [ -49.5704062, -20.4034958 ], [ -49.5704073, -20.4034959 ], [ -49.5704084, -20.403496 ], [ -49.5704095, -20.403496 ], [ -49.5704106, -20.4034961 ], [ -49.5704117, -20.4034962 ], [ -49.5704128, -20.4034963 ], [ -49.5704139, -20.4034964 ], [ -49.570415, -20.4034965 ], [ -49.5704161, -20.4034965 ], [ -49.5704171, -20.4034966 ], [ -49.5704181, -20.4034967 ] ] ] } },
{ "type": "Feature", "properties": { "linha_id": 191, "comp_m": 1.04, "ini_m": 10.76, "fim_m": 11.8, "faixa_id": 2, "classe": "0.50–1.50 m", "_coa_length_m": 1.04, "_coa_class": "0,50–1,50 m" }, "geometry": { "type": "MultiLineString", "coordinates": [ [ [ -49.5704961, -20.4035017 ], [ -49.5704963, -20.4035017 ], [ -49.5704974, -20.4035018 ], [ -49.5704985, -20.4035019 ], [ -49.5704996, -20.403502 ], [ -49.5705007, -20.403502 ], [ -49.5705007, -20.4035022 ], [ -49.5705058, -20.4035029 ] ] ] } },
{ "type": "Feature", "properties": { "linha_id": 191, "comp_m": 0.88, "ini_m": 25.88, "fim_m": 26.76, "faixa_id": 2, "classe": "0.50–1.50 m", "_coa_length_m": 0.88, "_coa_class": "0,50–1,50 m" }, "geometry": { "type": "MultiLineString", "coordinates": [ [ [ -49.5706398, -20.4035175 ], [ -49.570644, -20.403518 ], [ -49.5706482, -20.4035184 ] ] ] } },
{ "type": "Feature", "properties": { "linha_id": 191, "comp_m": 0.56, "ini_m": 170.28, "fim_m": 170.84, "faixa_id": 2, "classe": "0.50–1.50 m", "_coa_length_m": 0.56, "_coa_class": "0,50–1,50 m" }, "geometry": { "type": "MultiLineString", "coordinates": [ [ [ -49.5720153, -20.4036558 ], [ -49.5720184, -20.4036561 ], [ -49.5720206, -20.4036563 ] ] ] } },
{ "type": "Feature", "properties": { "linha_id": 191, "comp_m": 0.8, "ini_m": 216.28, "fim_m": 217.08, "faixa_id": 2, "classe": "0.50–1.50 m", "_coa_length_m": 0.8, "_coa_class": "0,50–1,50 m" }, "geometry": { "type": "MultiLineString", "coordinates": [ [ [ -49.5724535, -20.4037004 ], [ -49.5724543, -20.4037004 ], [ -49.5724611, -20.4037011 ] ] ] } },
{ "type": "Feature", "properties": { "linha_id": 191, "comp_m": 1.28, "ini_m": 264.92, "fim_m": 266.2, "faixa_id": 2, "classe": "0.50–1.50 m", "_coa_length_m": 1.28, "_coa_class": "0,50–1,50 m" }, "geometry": { "type": "MultiLineString", "coordinates": [ [ [ -49.5729164, -20.4037459 ], [ -49.5729165, -20.403746 ], [ -49.572919, -20.4037462 ], [ -49.5729215, -20.4037464 ], [ -49.572924, -20.4037466 ], [ -49.5729265, -20.4037468 ], [ -49.5729286, -20.403747 ] ] ] } },
{ "type": "Feature", "properties": { "linha_id": 191, "comp_m": 0.56, "ini_m": 305.48, "fim_m": 306.04, "faixa_id": 2, "classe": "0.50–1.50 m", "_coa_length_m": 0.56, "_coa_class": "0,50–1,50 m" }, "geometry": { "type": "MultiLineString", "coordinates": [ [ [ -49.5733024, -20.4037849 ], [ -49.5733077, -20.4037856 ] ] ] } },
{ "type": "Feature", "properties": { "linha_id": 191, "comp_m": 0.56, "ini_m": 358.6, "fim_m": 359.16, "faixa_id": 2, "classe": "0.50–1.50 m", "_coa_length_m": 0.56, "_coa_class": "0,50–1,50 m" }, "geometry": { "type": "MultiLineString", "coordinates": [ [ [ -49.5738084, -20.403835 ], [ -49.5738137, -20.4038355 ] ] ] } },
{ "type": "Feature", "properties": { "linha_id": 191, "comp_m": 0.56, "ini_m": 391.72, "fim_m": 392.28, "faixa_id": 2, "classe": "0.50–1.50 m", "_coa_length_m": 0.56, "_coa_class": "0,50–1,50 m" }, "geometry": { "type": "MultiLineString", "coordinates": [ [ [ -49.5741238, -20.4038677 ], [ -49.5741291, -20.4038682 ] ] ] } },
{ "type": "Feature", "properties": { "linha_id": 191, "comp_m": 1.12, "ini_m": 404.52, "fim_m": 405.64, "faixa_id": 2, "classe": "0.50–1.50 m", "_coa_length_m": 1.12, "_coa_class": "0,50–1,50 m" }, "geometry": { "type": "MultiLineString", "coordinates": [ [ [ -49.5742457, -20.40388 ], [ -49.5742459, -20.40388 ], [ -49.5742547, -20.4038809 ], [ -49.5742564, -20.403881 ] ] ] } },
{ "type": "Feature", "properties": { "linha_id": 191, "comp_m": 1.12, "ini_m": 409.48, "fim_m": 410.6, "faixa_id": 2, "classe": "0.50–1.50 m", "_coa_length_m": 1.12, "_coa_class": "0,50–1,50 m" }, "geometry": { "type": "MultiLineString", "coordinates": [ [ [ -49.574293, -20.4038844 ], [ -49.574299, -20.4038849 ], [ -49.5743037, -20.4038853 ] ] ] } },
{ "type": "Feature", "properties": { "linha_id": 191, "comp_m": 0.72, "ini_m": 429.4, "fim_m": 430.12, "faixa_id": 2, "classe": "0.50–1.50 m", "_coa_length_m": 0.72, "_coa_class": "0,50–1,50 m" }, "geometry": { "type": "MultiLineString", "coordinates": [ [ [ -49.5744828, -20.403903 ], [ -49.5744844, -20.4039032 ], [ -49.5744897, -20.4039036 ] ] ] } },
{ "type": "Feature", "properties": { "linha_id": 191, "comp_m": 0.88, "ini_m": 430.92, "fim_m": 431.8, "faixa_id": 2, "classe": "0.50–1.50 m", "_coa_length_m": 0.88, "_coa_class": "0,50–1,50 m" }, "geometry": { "type": "MultiLineString", "coordinates": [ [ [ -49.5744973, -20.4039043 ], [ -49.5745021, -20.4039048 ], [ -49.5745057, -20.4039051 ] ] ] } },
{ "type": "Feature", "properties": { "linha_id": 191, "comp_m": 0.72, "ini_m": 438.28, "fim_m": 439.0, "faixa_id": 2, "classe": "0.50–1.50 m", "_coa_length_m": 0.72, "_coa_class": "0,50–1,50 m" }, "geometry": { "type": "MultiLineString", "coordinates": [ [ [ -49.5745674, -20.4039116 ], [ -49.5745725, -20.4039122 ], [ -49.5745742, -20.4039126 ] ] ] } },
{ "type": "Feature", "properties": { "linha_id": 191, "comp_m": 1.337, "ini_m": 441.08, "fim_m": 442.417, "faixa_id": 2, "classe": "0.50–1.50 m", "_coa_length_m": 1.337, "_coa_class": "0,50–1,50 m" }, "geometry": { "type": "MultiLineString", "coordinates": [ [ [ -49.5745938, -20.4039155 ], [ -49.5745984, -20.4039155 ], [ -49.5746065, -20.4039169 ] ] ] } },
{ "type": "Feature", "properties": { "linha_id": 192, "comp_m": 1.4, "ini_m": 0.0, "fim_m": 1.4, "faixa_id": 2, "classe": "0.50–1.50 m", "_coa_length_m": 1.4, "_coa_class": "0,50–1,50 m" }, "geometry": { "type": "MultiLineString", "coordinates": [ [ [ -49.5703351, -20.4046066 ], [ -49.5703439, -20.4046078 ], [ -49.5703484, -20.4046083 ] ] ] } },
{ "type": "Feature", "properties": { "linha_id": 192, "comp_m": 0.72, "ini_m": 52.68, "fim_m": 53.4, "faixa_id": 2, "classe": "0.50–1.50 m", "_coa_length_m": 0.72, "_coa_class": "0,50–1,50 m" }, "geometry": { "type": "MultiLineString", "coordinates": [ [ [ -49.570837, -20.4046562 ], [ -49.57084, -20.4046565 ], [ -49.5708439, -20.4046568 ] ] ] } },
{ "type": "Feature", "properties": { "linha_id": 193, "comp_m": 0.52, "ini_m": 0.0, "fim_m": 0.52, "faixa_id": 2, "classe": "0.50–1.50 m", "_coa_length_m": 0.52, "_coa_class": "0,50–1,50 m" }, "geometry": { "type": "MultiLineString", "coordinates": [ [ [ -49.5703368, -20.4046208 ], [ -49.5703418, -20.4046213 ] ] ] } },
{ "type": "Feature", "properties": { "linha_id": 193, "comp_m": 1.36, "ini_m": 13.8, "fim_m": 15.16, "faixa_id": 2, "classe": "0.50–1.50 m", "_coa_length_m": 1.36, "_coa_class": "0,50–1,50 m" }, "geometry": { "type": "MultiLineString", "coordinates": [ [ [ -49.5704683, -20.4046338 ], [ -49.5704738, -20.4046341 ], [ -49.5704803, -20.4046345 ], [ -49.5704813, -20.4046346 ] ] ] } },
{ "type": "Feature", "properties": { "linha_id": 193, "comp_m": 1.12, "ini_m": 411.48, "fim_m": 412.6, "faixa_id": 2, "classe": "0.50–1.50 m", "_coa_length_m": 1.12, "_coa_class": "0,50–1,50 m" }, "geometry": { "type": "MultiLineString", "coordinates": [ [ [ -49.5742552, -20.4050101 ], [ -49.5742552, -20.4050101 ], [ -49.5742602, -20.4050106 ], [ -49.5742651, -20.4050111 ], [ -49.5742658, -20.4050112 ] ] ] } },
{ "type": "Feature", "properties": { "linha_id": 193, "comp_m": 1.44, "ini_m": 439.48, "fim_m": 440.92, "faixa_id": 2, "classe": "0.50–1.50 m", "_coa_length_m": 1.44, "_coa_class": "0,50–1,50 m" }, "geometry": { "type": "MultiLineString", "coordinates": [ [ [ -49.5745212, -20.4050364 ], [ -49.5745225, -20.4050365 ], [ -49.5745243, -20.4050367 ], [ -49.574526, -20.4050368 ], [ -49.5745277, -20.405037 ], [ -49.5745294, -20.4050372 ], [ -49.5745312, -20.4050373 ], [ -49.5745329, -20.4050375 ], [ -49.5745346, -20.4050377 ], [ -49.5745349, -20.4050377 ] ] ] } },
{ "type": "Feature", "properties": { "linha_id": 193, "comp_m": 0.876, "ini_m": 446.36, "fim_m": 447.236, "faixa_id": 2, "classe": "0.50–1.50 m", "_coa_length_m": 0.876, "_coa_class": "0,50–1,50 m" }, "geometry": { "type": "MultiLineString", "coordinates": [ [ [ -49.5745867, -20.4050427 ], [ -49.5745882, -20.4050429 ], [ -49.5745899, -20.405043 ], [ -49.5745916, -20.4050432 ], [ -49.5745934, -20.4050434 ], [ -49.5745951, -20.4050435 ] ] ] } },
{ "type": "Feature", "properties": { "linha_id": 194, "comp_m": 0.56, "ini_m": 0.44, "fim_m": 1.0, "faixa_id": 2, "classe": "0.50–1.50 m", "_coa_length_m": 0.56, "_coa_class": "0,50–1,50 m" }, "geometry": { "type": "MultiLineString", "coordinates": [ [ [ -49.5703964, -20.403507 ], [ -49.5703985, -20.4035072 ], [ -49.5704017, -20.4035074 ] ] ] } },
{ "type": "Feature", "properties": { "linha_id": 194, "comp_m": 0.64, "ini_m": 17.96, "fim_m": 18.6, "faixa_id": 2, "classe": "0.50–1.50 m", "_coa_length_m": 0.64, "_coa_class": "0,50–1,50 m" }, "geometry": { "type": "MultiLineString", "coordinates": [ [ [ -49.5705634, -20.4035229 ], [ -49.5705695, -20.4035236 ] ] ] } },
{ "type": "Feature", "properties": { "linha_id": 194, "comp_m": 0.8, "ini_m": 26.6, "fim_m": 27.4, "faixa_id": 2, "classe": "0.50–1.50 m", "_coa_length_m": 0.8, "_coa_class": "0,50–1,50 m" }, "geometry": { "type": "MultiLineString", "coordinates": [ [ [ -49.5706456, -20.4035316 ], [ -49.5706516, -20.4035321 ], [ -49.5706532, -20.4035323 ] ] ] } },
{ "type": "Feature", "properties": { "linha_id": 194, "comp_m": 0.56, "ini_m": 263.0, "fim_m": 263.56, "faixa_id": 2, "classe": "0.50–1.50 m", "_coa_length_m": 0.56, "_coa_class": "0,50–1,50 m" }, "geometry": { "type": "MultiLineString", "coordinates": [ [ [ -49.572897, -20.403758 ], [ -49.5729024, -20.4037585 ] ] ] } },
{ "type": "Feature", "properties": { "linha_id": 194, "comp_m": 0.56, "ini_m": 265.24, "fim_m": 265.8, "faixa_id": 2, "classe": "0.50–1.50 m", "_coa_length_m": 0.56, "_coa_class": "0,50–1,50 m" }, "geometry": { "type": "MultiLineString", "coordinates": [ [ [ -49.5729184, -20.4037597 ], [ -49.5729238, -20.40376 ] ] ] } },
{ "type": "Feature", "properties": { "linha_id": 194, "comp_m": 1.52, "ini_m": 300.44, "fim_m": 301.96, "faixa_id": 3, "classe": "1.50–3.00 m", "_coa_length_m": 1.52, "_coa_class": "1,50–3,00 m" }, "geometry": { "type": "MultiLineString", "coordinates": [ [ [ -49.5732538, -20.4037929 ], [ -49.5732589, -20.4037934 ], [ -49.5732682, -20.4037947 ] ] ] } },
{ "type": "Feature", "properties": { "linha_id": 194, "comp_m": 0.56, "ini_m": 308.52, "fim_m": 309.08, "faixa_id": 2, "classe": "0.50–1.50 m", "_coa_length_m": 0.56, "_coa_class": "0,50–1,50 m" }, "geometry": { "type": "MultiLineString", "coordinates": [ [ [ -49.5733307, -20.4038011 ], [ -49.573336, -20.4038017 ] ] ] } },
{ "type": "Feature", "properties": { "linha_id": 194, "comp_m": 0.72, "ini_m": 427.48, "fim_m": 428.2, "faixa_id": 2, "classe": "0.50–1.50 m", "_coa_length_m": 0.72, "_coa_class": "0,50–1,50 m" }, "geometry": { "type": "MultiLineString", "coordinates": [ [ [ -49.574464, -20.4039141 ], [ -49.5744655, -20.4039142 ], [ -49.5744709, -20.4039147 ] ] ] } },
{ "type": "Feature", "properties": { "linha_id": 194, "comp_m": 0.64, "ini_m": 430.2, "fim_m": 430.84, "faixa_id": 2, "classe": "0.50–1.50 m", "_coa_length_m": 0.64, "_coa_class": "0,50–1,50 m" }, "geometry": { "type": "MultiLineString", "coordinates": [ [ [ -49.5744899, -20.4039165 ], [ -49.5744961, -20.4039169 ] ] ] } },
{ "type": "Feature", "properties": { "linha_id": 194, "comp_m": 1.92, "ini_m": 439.72, "fim_m": 441.64, "faixa_id": 3, "classe": "1.50–3.00 m", "_coa_length_m": 1.92, "_coa_class": "1,50–3,00 m" }, "geometry": { "type": "MultiLineString", "coordinates": [ [ [ -49.5745806, -20.4039258 ], [ -49.5745814, -20.4039259 ], [ -49.5745988, -20.4039284 ] ] ] } },
{ "type": "Feature", "properties": { "linha_id": 195, "comp_m": 3.4, "ini_m": 0.0, "fim_m": 3.4, "faixa_id": 4, "classe": "3.00–5.00 m", "_coa_length_m": 3.4, "_coa_class": "3,00–5,00 m" }, "geometry": { "type": "MultiLineString", "coordinates": [ [ [ -49.5703899, -20.4041194 ], [ -49.5703948, -20.4041204 ], [ -49.5703998, -20.4041213 ], [ -49.5704048, -20.4041222 ], [ -49.5704098, -20.404123 ], [ -49.5704149, -20.4041237 ], [ -49.5704199, -20.4041245 ], [ -49.5704219, -20.4041247 ] ] ] } },
{ "type": "Feature", "properties": { "linha_id": 195, "comp_m": 0.8, "ini_m": 13.0, "fim_m": 13.8, "faixa_id": 2, "classe": "0.50–1.50 m", "_coa_length_m": 0.8, "_coa_class": "0,50–1,50 m" }, "geometry": { "type": "MultiLineString", "coordinates": [ [ [ -49.5705134, -20.4041336 ], [ -49.5705137, -20.4041336 ], [ -49.570519, -20.404134 ], [ -49.5705211, -20.4041342 ] ] ] } },
{ "type": "Feature", "properties": { "linha_id": 195, "comp_m": 0.8, "ini_m": 292.2, "fim_m": 293.0, "faixa_id": 2, "classe": "0.50–1.50 m", "_coa_length_m": 0.8, "_coa_class": "0,50–1,50 m" }, "geometry": { "type": "MultiLineString", "coordinates": [ [ [ -49.5731713, -20.4043983 ], [ -49.5731721, -20.4043984 ], [ -49.5731771, -20.4043988 ], [ -49.5731789, -20.404399 ] ] ] } },
{ "type": "Feature", "properties": { "linha_id": 195, "comp_m": 0.64, "ini_m": 317.16, "fim_m": 317.8, "faixa_id": 2, "classe": "0.50–1.50 m", "_coa_length_m": 0.64, "_coa_class": "0,50–1,50 m" }, "geometry": { "type": "MultiLineString", "coordinates": [ [ [ -49.5734091, -20.4044225 ], [ -49.5734117, -20.4044228 ], [ -49.5734152, -20.4044231 ] ] ] } },
{ "type": "Feature", "properties": { "linha_id": 195, "comp_m": 0.56, "ini_m": 323.0, "fim_m": 323.56, "faixa_id": 2, "classe": "0.50–1.50 m", "_coa_length_m": 0.56, "_coa_class": "0,50–1,50 m" }, "geometry": { "type": "MultiLineString", "coordinates": [ [ [ -49.5734647, -20.4044282 ], [ -49.5734666, -20.4044283 ], [ -49.57347, -20.4044287 ] ] ] } },
{ "type": "Feature", "properties": { "linha_id": 195, "comp_m": 1.2, "ini_m": 327.96, "fim_m": 329.16, "faixa_id": 2, "classe": "0.50–1.50 m", "_coa_length_m": 1.2, "_coa_class": "0,50–1,50 m" }, "geometry": { "type": "MultiLineString", "coordinates": [ [ [ -49.5735119, -20.404433 ], [ -49.5735165, -20.4044334 ], [ -49.5735215, -20.4044339 ], [ -49.5735234, -20.4044341 ] ] ] } },
{ "type": "Feature", "properties": { "linha_id": 195, "comp_m": 0.8, "ini_m": 399.48, "fim_m": 400.28, "faixa_id": 2, "classe": "0.50–1.50 m", "_coa_length_m": 0.8, "_coa_class": "0,50–1,50 m" }, "geometry": { "type": "MultiLineString", "coordinates": [ [ [ -49.5741934, -20.4044997 ], [ -49.5741998, -20.4045007 ], [ -49.5742009, -20.4045008 ] ] ] } },
{ "type": "Feature", "properties": { "linha_id": 195, "comp_m": 1.36, "ini_m": 407.56, "fim_m": 408.92, "faixa_id": 2, "classe": "0.50–1.50 m", "_coa_length_m": 1.36, "_coa_class": "0,50–1,50 m" }, "geometry": { "type": "MultiLineString", "coordinates": [ [ [ -49.5742703, -20.4045079 ], [ -49.5742794, -20.4045089 ], [ -49.5742832, -20.4045092 ] ] ] } },
{ "type": "Feature", "properties": { "linha_id": 195, "comp_m": 0.72, "ini_m": 436.28, "fim_m": 437.0, "faixa_id": 2, "classe": "0.50–1.50 m", "_coa_length_m": 0.72, "_coa_class": "0,50–1,50 m" }, "geometry": { "type": "MultiLineString", "coordinates": [ [ [ -49.5745439, -20.4045351 ], [ -49.5745486, -20.4045357 ], [ -49.5745507, -20.4045358 ] ] ] } },
{ "type": "Feature", "properties": { "linha_id": 197, "comp_m": 0.52, "ini_m": 0.0, "fim_m": 0.52, "faixa_id": 2, "classe": "0.50–1.50 m", "_coa_length_m": 0.52, "_coa_class": "0,50–1,50 m" }, "geometry": { "type": "MultiLineString", "coordinates": [ [ [ -49.5703419, -20.4046344 ], [ -49.5703468, -20.404635 ] ] ] } },
{ "type": "Feature", "properties": { "linha_id": 197, "comp_m": 0.56, "ini_m": 20.52, "fim_m": 21.08, "faixa_id": 2, "classe": "0.50–1.50 m", "_coa_length_m": 0.56, "_coa_class": "0,50–1,50 m" }, "geometry": { "type": "MultiLineString", "coordinates": [ [ [ -49.5705373, -20.4046542 ], [ -49.5705427, -20.4046545 ] ] ] } },
{ "type": "Feature", "properties": { "linha_id": 197, "comp_m": 0.96, "ini_m": 28.6, "fim_m": 29.56, "faixa_id": 2, "classe": "0.50–1.50 m", "_coa_length_m": 0.96, "_coa_class": "0,50–1,50 m" }, "geometry": { "type": "MultiLineString", "coordinates": [ [ [ -49.5706145, -20.4046598 ], [ -49.5706203, -20.4046602 ], [ -49.5706236, -20.4046606 ] ] ] } },
{ "type": "Feature", "properties": { "linha_id": 197, "comp_m": 0.56, "ini_m": 31.48, "fim_m": 32.04, "faixa_id": 2, "classe": "0.50–1.50 m", "_coa_length_m": 0.56, "_coa_class": "0,50–1,50 m" }, "geometry": { "type": "MultiLineString", "coordinates": [ [ [ -49.5706419, -20.4046628 ], [ -49.5706472, -20.4046634 ] ] ] } },
{ "type": "Feature", "properties": { "linha_id": 197, "comp_m": 0.8, "ini_m": 35.56, "fim_m": 36.36, "faixa_id": 2, "classe": "0.50–1.50 m", "_coa_length_m": 0.8, "_coa_class": "0,50–1,50 m" }, "geometry": { "type": "MultiLineString", "coordinates": [ [ [ -49.5706806, -20.4046677 ], [ -49.5706836, -20.4046681 ], [ -49.5706883, -20.4046685 ] ] ] } },
{ "type": "Feature", "properties": { "linha_id": 197, "comp_m": 0.64, "ini_m": 159.8, "fim_m": 160.44, "faixa_id": 2, "classe": "0.50–1.50 m", "_coa_length_m": 0.64, "_coa_class": "0,50–1,50 m" }, "geometry": { "type": "MultiLineString", "coordinates": [ [ [ -49.5718644, -20.4047856 ], [ -49.5718705, -20.4047862 ] ] ] } },
{ "type": "Feature", "properties": { "linha_id": 197, "comp_m": 0.64, "ini_m": 350.52, "fim_m": 351.16, "faixa_id": 2, "classe": "0.50–1.50 m", "_coa_length_m": 0.64, "_coa_class": "0,50–1,50 m" }, "geometry": { "type": "MultiLineString", "coordinates": [ [ [ -49.5736812, -20.4049656 ], [ -49.5736837, -20.4049659 ], [ -49.5736873, -20.4049662 ] ] ] } },
{ "type": "Feature", "properties": { "linha_id": 197, "comp_m": 1.28, "ini_m": 360.76, "fim_m": 362.04, "faixa_id": 2, "classe": "0.50–1.50 m", "_coa_length_m": 1.28, "_coa_class": "0,50–1,50 m" }, "geometry": { "type": "MultiLineString", "coordinates": [ [ [ -49.5737787, -20.4049758 ], [ -49.5737812, -20.4049761 ], [ -49.5737908, -20.4049774 ] ] ] } },
{ "type": "Feature", "properties": { "linha_id": 197, "comp_m": 1.36, "ini_m": 397.4, "fim_m": 398.76, "faixa_id": 2, "classe": "0.50–1.50 m", "_coa_length_m": 1.36, "_coa_class": "0,50–1,50 m" }, "geometry": { "type": "MultiLineString", "coordinates": [ [ [ -49.5741276, -20.4050106 ], [ -49.5741282, -20.4050107 ], [ -49.5741307, -20.405011 ], [ -49.5741331, -20.4050113 ], [ -49.5741356, -20.4050116 ], [ -49.5741381, -20.4050118 ], [ -49.5741405, -20.4050121 ] ] ] } },
{ "type": "Feature", "properties": { "linha_id": 197, "comp_m": 2.0, "ini_m": 402.36, "fim_m": 404.36, "faixa_id": 3, "classe": "1.50–3.00 m", "_coa_length_m": 2.0, "_coa_class": "1,50–3,00 m" }, "geometry": { "type": "MultiLineString", "coordinates": [ [ [ -49.5741748, -20.4050157 ], [ -49.5741754, -20.4050158 ], [ -49.5741779, -20.405016 ], [ -49.5741803, -20.4050163 ], [ -49.5741828, -20.4050165 ], [ -49.5741853, -20.4050168 ], [ -49.5741878, -20.405017 ], [ -49.5741903, -20.4050172 ], [ -49.5741928, -20.4050175 ], [ -49.5741939, -20.4050176 ] ] ] } },
{ "type": "Feature", "properties": { "linha_id": 197, "comp_m": 0.56, "ini_m": 409.4, "fim_m": 409.96, "faixa_id": 2, "classe": "0.50–1.50 m", "_coa_length_m": 0.56, "_coa_class": "0,50–1,50 m" }, "geometry": { "type": "MultiLineString", "coordinates": [ [ [ -49.5742419, -20.4050221 ], [ -49.5742428, -20.4050222 ], [ -49.5742452, -20.4050225 ], [ -49.5742473, -20.4050226 ] ] ] } },
{ "type": "Feature", "properties": { "linha_id": 197, "comp_m": 3.92, "ini_m": 415.48, "fim_m": 419.4, "faixa_id": 4, "classe": "3.00–5.00 m", "_coa_length_m": 3.92, "_coa_class": "3,00–5,00 m" }, "geometry": { "type": "MultiLineString", "coordinates": [ [ [ -49.5742999, -20.4050279 ], [ -49.5743001, -20.4050279 ], [ -49.5743025, -20.4050282 ], [ -49.574305, -20.4050285 ], [ -49.5743075, -20.4050287 ], [ -49.57431, -20.405029 ], [ -49.5743125, -20.4050293 ], [ -49.5743149, -20.4050296 ], [ -49.5743174, -20.4050298 ], [ -49.5743199, -20.4050301 ], [ -49.5743224, -20.4050304 ], [ -49.5743248, -20.4050307 ], [ -49.5743273, -20.405031 ], [ -49.5743298, -20.4050313 ], [ -49.5743323, -20.4050316 ], [ -49.5743347, -20.4050319 ], [ -49.5743371, -20.4050322 ] ] ] } },
{ "type": "Feature", "properties": { "linha_id": 197, "comp_m": 0.887, "ini_m": 445.48, "fim_m": 446.367, "faixa_id": 2, "classe": "0.50–1.50 m", "_coa_length_m": 0.888, "_coa_class": "0,50–1,50 m" }, "geometry": { "type": "MultiLineString", "coordinates": [ [ [ -49.5745851, -20.405055 ], [ -49.5745854, -20.405055 ], [ -49.5745863, -20.405055 ], [ -49.5745872, -20.405055 ], [ -49.5745881, -20.405055 ], [ -49.574589, -20.405055 ], [ -49.5745899, -20.4050549 ], [ -49.5745909, -20.4050549 ], [ -49.5745918, -20.4050549 ], [ -49.5745927, -20.4050549 ], [ -49.5745936, -20.4050548 ] ] ] } },
{ "type": "Feature", "properties": { "linha_id": 198, "comp_m": 0.64, "ini_m": 28.76, "fim_m": 29.4, "faixa_id": 2, "classe": "0.50–1.50 m", "_coa_length_m": 0.64, "_coa_class": "0,50–1,50 m" }, "geometry": { "type": "MultiLineString", "coordinates": [ [ [ -49.5709675, -20.4047243 ], [ -49.5709736, -20.4047249 ] ] ] } },
{ "type": "Feature", "properties": { "linha_id": 200, "comp_m": 0.56, "ini_m": 331.96, "fim_m": 332.52, "faixa_id": 2, "classe": "0.50–1.50 m", "_coa_length_m": 0.56, "_coa_class": "0,50–1,50 m" }, "geometry": { "type": "MultiLineString", "coordinates": [ [ [ -49.5738796, -20.4050261 ], [ -49.5738849, -20.4050267 ] ] ] } },
{ "type": "Feature", "properties": { "linha_id": 200, "comp_m": 0.64, "ini_m": 393.48, "fim_m": 394.12, "faixa_id": 2, "classe": "0.50–1.50 m", "_coa_length_m": 0.64, "_coa_class": "0,50–1,50 m" }, "geometry": { "type": "MultiLineString", "coordinates": [ [ [ -49.5744657, -20.4050835 ], [ -49.5744689, -20.4050838 ], [ -49.5744718, -20.4050841 ] ] ] } },
{ "type": "Feature", "properties": { "linha_id": 200, "comp_m": 1.601, "ini_m": 405.24, "fim_m": 406.841, "faixa_id": 3, "classe": "1.50–3.00 m", "_coa_length_m": 1.601, "_coa_class": "1,50–3,00 m" }, "geometry": { "type": "MultiLineString", "coordinates": [ [ [ -49.5745776, -20.4050962 ], [ -49.5745793, -20.4050963 ], [ -49.5745827, -20.4050966 ], [ -49.5745861, -20.4050969 ], [ -49.5745895, -20.4050972 ], [ -49.5745929, -20.4050974 ] ] ] } },
{ "type": "Feature", "properties": { "linha_id": 201, "comp_m": 0.88, "ini_m": 65.48, "fim_m": 66.36, "faixa_id": 2, "classe": "0.50–1.50 m", "_coa_length_m": 0.88, "_coa_class": "0,50–1,50 m" }, "geometry": { "type": "MultiLineString", "coordinates": [ [ [ -49.5713036, -20.4047429 ], [ -49.5713099, -20.4047435 ], [ -49.571312, -20.4047437 ] ] ] } },
{ "type": "Feature", "properties": { "linha_id": 201, "comp_m": 0.72, "ini_m": 68.12, "fim_m": 68.84, "faixa_id": 2, "classe": "0.50–1.50 m", "_coa_length_m": 0.72, "_coa_class": "0,50–1,50 m" }, "geometry": { "type": "MultiLineString", "coordinates": [ [ [ -49.5713288, -20.4047453 ], [ -49.5713356, -20.4047461 ] ] ] } },
{ "type": "Feature", "properties": { "linha_id": 203, "comp_m": 0.64, "ini_m": 426.36, "fim_m": 427.0, "faixa_id": 2, "classe": "0.50–1.50 m", "_coa_length_m": 0.64, "_coa_class": "0,50–1,50 m" }, "geometry": { "type": "MultiLineString", "coordinates": [ [ [ -49.5744094, -20.4045604 ], [ -49.5744109, -20.4045606 ], [ -49.5744134, -20.4045609 ], [ -49.5744155, -20.4045612 ] ] ] } },
{ "type": "Feature", "properties": { "linha_id": 204, "comp_m": 0.72, "ini_m": 53.4, "fim_m": 54.12, "faixa_id": 2, "classe": "0.50–1.50 m", "_coa_length_m": 0.72, "_coa_class": "0,50–1,50 m" }, "geometry": { "type": "MultiLineString", "coordinates": [ [ [ -49.5708911, -20.4041974 ], [ -49.5708958, -20.4041978 ], [ -49.570898, -20.404198 ] ] ] } },
{ "type": "Feature", "properties": { "linha_id": 204, "comp_m": 0.64, "ini_m": 82.28, "fim_m": 82.92, "faixa_id": 2, "classe": "0.50–1.50 m", "_coa_length_m": 0.64, "_coa_class": "0,50–1,50 m" }, "geometry": { "type": "MultiLineString", "coordinates": [ [ [ -49.5711662, -20.4042251 ], [ -49.5711687, -20.4042253 ], [ -49.5711723, -20.4042257 ] ] ] } },
{ "type": "Feature", "properties": { "linha_id": 204, "comp_m": 1.92, "ini_m": 255.24, "fim_m": 257.16, "faixa_id": 3, "classe": "1.50–3.00 m", "_coa_length_m": 1.92, "_coa_class": "1,50–3,00 m" }, "geometry": { "type": "MultiLineString", "coordinates": [ [ [ -49.5728137, -20.4043897 ], [ -49.5728248, -20.4043904 ], [ -49.5728321, -20.4043911 ] ] ] } },
{ "type": "Feature", "properties": { "linha_id": 204, "comp_m": 0.72, "ini_m": 268.04, "fim_m": 268.76, "faixa_id": 2, "classe": "0.50–1.50 m", "_coa_length_m": 0.72, "_coa_class": "0,50–1,50 m" }, "geometry": { "type": "MultiLineString", "coordinates": [ [ [ -49.5729357, -20.4044018 ], [ -49.5729425, -20.4044025 ] ] ] } },
{ "type": "Feature", "properties": { "linha_id": 204, "comp_m": 0.64, "ini_m": 290.12, "fim_m": 290.76, "faixa_id": 2, "classe": "0.50–1.50 m", "_coa_length_m": 0.64, "_coa_class": "0,50–1,50 m" }, "geometry": { "type": "MultiLineString", "coordinates": [ [ [ -49.5731459, -20.4044233 ], [ -49.573152, -20.404424 ] ] ] } },
{ "type": "Feature", "properties": { "linha_id": 204, "comp_m": 0.88, "ini_m": 296.2, "fim_m": 297.08, "faixa_id": 2, "classe": "0.50–1.50 m", "_coa_length_m": 0.88, "_coa_class": "0,50–1,50 m" }, "geometry": { "type": "MultiLineString", "coordinates": [ [ [ -49.573204, -20.4044276 ], [ -49.5732123, -20.4044286 ] ] ] } },
{ "type": "Feature", "properties": { "linha_id": 204, "comp_m": 0.64, "ini_m": 302.92, "fim_m": 303.56, "faixa_id": 2, "classe": "0.50–1.50 m", "_coa_length_m": 0.64, "_coa_class": "0,50–1,50 m" }, "geometry": { "type": "MultiLineString", "coordinates": [ [ [ -49.573268, -20.404434 ], [ -49.5732741, -20.4044345 ] ] ] } },
{ "type": "Feature", "properties": { "linha_id": 204, "comp_m": 0.64, "ini_m": 308.36, "fim_m": 309.0, "faixa_id": 2, "classe": "0.50–1.50 m", "_coa_length_m": 0.64, "_coa_class": "0,50–1,50 m" }, "geometry": { "type": "MultiLineString", "coordinates": [ [ [ -49.5733195, -20.4044398 ], [ -49.5733197, -20.4044398 ], [ -49.5733206, -20.4044399 ], [ -49.5733215, -20.40444 ], [ -49.5733224, -20.4044401 ], [ -49.5733232, -20.4044402 ], [ -49.5733241, -20.4044402 ], [ -49.573325, -20.4044403 ], [ -49.5733256, -20.4044404 ] ] ] } },
{ "type": "Feature", "properties": { "linha_id": 204, "comp_m": 0.56, "ini_m": 321.96, "fim_m": 322.52, "faixa_id": 2, "classe": "0.50–1.50 m", "_coa_length_m": 0.56, "_coa_class": "0,50–1,50 m" }, "geometry": { "type": "MultiLineString", "coordinates": [ [ [ -49.5734479, -20.4044519 ], [ -49.573448, -20.4044519 ], [ -49.5734513, -20.4044524 ], [ -49.5734532, -20.4044527 ] ] ] } },
{ "type": "Feature", "properties": { "linha_id": 204, "comp_m": 0.96, "ini_m": 345.32, "fim_m": 346.28, "faixa_id": 2, "classe": "0.50–1.50 m", "_coa_length_m": 0.96, "_coa_class": "0,50–1,50 m" }, "geometry": { "type": "MultiLineString", "coordinates": [ [ [ -49.5736702, -20.4044763 ], [ -49.573672, -20.4044765 ], [ -49.5736753, -20.4044768 ], [ -49.5736787, -20.4044771 ], [ -49.5736793, -20.4044771 ] ] ] } },
{ "type": "Feature", "properties": { "linha_id": 204, "comp_m": 0.64, "ini_m": 349.16, "fim_m": 349.8, "faixa_id": 2, "classe": "0.50–1.50 m", "_coa_length_m": 0.64, "_coa_class": "0,50–1,50 m" }, "geometry": { "type": "MultiLineString", "coordinates": [ [ [ -49.5737068, -20.4044797 ], [ -49.573709, -20.4044799 ], [ -49.5737124, -20.4044803 ], [ -49.5737129, -20.4044803 ] ] ] } },
{ "type": "Feature", "properties": { "linha_id": 204, "comp_m": 0.56, "ini_m": 420.52, "fim_m": 421.08, "faixa_id": 2, "classe": "0.50–1.50 m", "_coa_length_m": 0.56, "_coa_class": "0,50–1,50 m" }, "geometry": { "type": "MultiLineString", "coordinates": [ [ [ -49.5743862, -20.4045463 ], [ -49.5743915, -20.4045469 ] ] ] } },
{ "type": "Feature", "properties": { "linha_id": 204, "comp_m": 0.64, "ini_m": 441.4, "fim_m": 442.04, "faixa_id": 2, "classe": "0.50–1.50 m", "_coa_length_m": 0.64, "_coa_class": "0,50–1,50 m" }, "geometry": { "type": "MultiLineString", "coordinates": [ [ [ -49.5745851, -20.4045666 ], [ -49.5745877, -20.4045668 ], [ -49.5745912, -20.4045671 ] ] ] } },
{ "type": "Feature", "properties": { "linha_id": 205, "comp_m": 1.08, "ini_m": 0.0, "fim_m": 1.08, "faixa_id": 2, "classe": "0.50–1.50 m", "_coa_length_m": 1.08, "_coa_class": "0,50–1,50 m" }, "geometry": { "type": "MultiLineString", "coordinates": [ [ [ -49.5745898, -20.4051226 ], [ -49.5745881, -20.4051226 ], [ -49.5745864, -20.4051226 ], [ -49.5745847, -20.4051226 ], [ -49.574583, -20.4051226 ], [ -49.5745813, -20.4051226 ], [ -49.5745796, -20.4051226 ], [ -49.5745795, -20.4051226 ] ] ] } },
{ "type": "Feature", "properties": { "linha_id": 205, "comp_m": 1.6, "ini_m": 153.88, "fim_m": 155.48, "faixa_id": 3, "classe": "1.50–3.00 m", "_coa_length_m": 1.6, "_coa_class": "1,50–3,00 m" }, "geometry": { "type": "MultiLineString", "coordinates": [ [ [ -49.5731248, -20.4049783 ], [ -49.573121, -20.4049779 ], [ -49.5731121, -20.4049767 ], [ -49.5731096, -20.4049763 ] ] ] } },
{ "type": "Feature", "properties": { "linha_id": 205, "comp_m": 0.88, "ini_m": 238.36, "fim_m": 239.24, "faixa_id": 2, "classe": "0.50–1.50 m", "_coa_length_m": 0.88, "_coa_class": "0,50–1,50 m" }, "geometry": { "type": "MultiLineString", "coordinates": [ [ [ -49.5723202, -20.4048984 ], [ -49.5723189, -20.4048982 ], [ -49.5723173, -20.404898 ], [ -49.5723157, -20.4048978 ], [ -49.572314, -20.4048976 ], [ -49.5723124, -20.4048974 ], [ -49.5723118, -20.4048973 ] ] ] } },
{ "type": "Feature", "properties": { "linha_id": 206, "comp_m": 1.04, "ini_m": 401.8, "fim_m": 402.84, "faixa_id": 2, "classe": "0.50–1.50 m", "_coa_length_m": 1.04, "_coa_class": "0,50–1,50 m" }, "geometry": { "type": "MultiLineString", "coordinates": [ [ [ -49.5745513, -20.4051487 ], [ -49.5745517, -20.4051488 ], [ -49.5745608, -20.4051494 ], [ -49.5745613, -20.4051494 ] ] ] } },
{ "type": "Feature", "properties": { "linha_id": 207, "comp_m": 0.8, "ini_m": 65.96, "fim_m": 66.76, "faixa_id": 2, "classe": "0.50–1.50 m", "_coa_length_m": 0.8, "_coa_class": "0,50–1,50 m" }, "geometry": { "type": "MultiLineString", "coordinates": [ [ [ -49.571358, -20.4048165 ], [ -49.5713632, -20.4048168 ], [ -49.5713656, -20.4048171 ] ] ] } },
{ "type": "Feature", "properties": { "linha_id": 207, "comp_m": 0.72, "ini_m": 137.64, "fim_m": 138.36, "faixa_id": 2, "classe": "0.50–1.50 m", "_coa_length_m": 0.72, "_coa_class": "0,50–1,50 m" }, "geometry": { "type": "MultiLineString", "coordinates": [ [ [ -49.572041, -20.4048832 ], [ -49.5720416, -20.4048832 ], [ -49.5720424, -20.4048833 ], [ -49.5720433, -20.4048833 ], [ -49.5720441, -20.4048834 ], [ -49.572045, -20.4048834 ], [ -49.5720458, -20.4048835 ], [ -49.5720466, -20.4048835 ], [ -49.5720464, -20.4048841 ], [ -49.5720469, -20.4048842 ] ] ] } },
{ "type": "Feature", "properties": { "linha_id": 207, "comp_m": 0.72, "ini_m": 145.56, "fim_m": 146.28, "faixa_id": 2, "classe": "0.50–1.50 m", "_coa_length_m": 0.72, "_coa_class": "0,50–1,50 m" }, "geometry": { "type": "MultiLineString", "coordinates": [ [ [ -49.5721154, -20.404892 ], [ -49.5721154, -20.404892 ], [ -49.5721179, -20.4048923 ], [ -49.5721204, -20.4048925 ], [ -49.5721222, -20.4048927 ] ] ] } },
{ "type": "Feature", "properties": { "linha_id": 207, "comp_m": 0.8, "ini_m": 149.64, "fim_m": 150.44, "faixa_id": 2, "classe": "0.50–1.50 m", "_coa_length_m": 0.8, "_coa_class": "0,50–1,50 m" }, "geometry": { "type": "MultiLineString", "coordinates": [ [ [ -49.5721543, -20.4048958 ], [ -49.5721552, -20.4048959 ], [ -49.5721577, -20.4048961 ], [ -49.5721602, -20.4048963 ], [ -49.5721619, -20.4048965 ] ] ] } },
{ "type": "Feature", "properties": { "linha_id": 207, "comp_m": 1.788, "ini_m": 403.56, "fim_m": 405.348, "faixa_id": 3, "classe": "1.50–3.00 m", "_coa_length_m": 1.789, "_coa_class": "1,50–3,00 m" }, "geometry": { "type": "MultiLineString", "coordinates": [ [ [ -49.5745712, -20.4051363 ], [ -49.5745713, -20.4051363 ], [ -49.5745755, -20.4051364 ], [ -49.5745797, -20.4051365 ], [ -49.574584, -20.4051366 ], [ -49.5745883, -20.4051364 ] ] ] } },
{ "type": "Feature", "properties": { "linha_id": 208, "comp_m": 0.8, "ini_m": 4.36, "fim_m": 5.16, "faixa_id": 2, "classe": "0.50–1.50 m", "_coa_length_m": 0.8, "_coa_class": "0,50–1,50 m" }, "geometry": { "type": "MultiLineString", "coordinates": [ [ [ -49.5704408, -20.4034688 ], [ -49.5704467, -20.4034694 ], [ -49.5704484, -20.4034696 ] ] ] } },
{ "type": "Feature", "properties": { "linha_id": 208, "comp_m": 0.56, "ini_m": 37.0, "fim_m": 37.56, "faixa_id": 2, "classe": "0.50–1.50 m", "_coa_length_m": 0.56, "_coa_class": "0,50–1,50 m" }, "geometry": { "type": "MultiLineString", "coordinates": [ [ [ -49.5707518, -20.4034998 ], [ -49.5707571, -20.4035004 ] ] ] } },
{ "type": "Feature", "properties": { "linha_id": 208, "comp_m": 0.72, "ini_m": 39.0, "fim_m": 39.72, "faixa_id": 2, "classe": "0.50–1.50 m", "_coa_length_m": 0.72, "_coa_class": "0,50–1,50 m" }, "geometry": { "type": "MultiLineString", "coordinates": [ [ [ -49.5707708, -20.403502 ], [ -49.5707745, -20.4035025 ], [ -49.5707776, -20.4035028 ] ] ] } },
{ "type": "Feature", "properties": { "linha_id": 208, "comp_m": 0.56, "ini_m": 284.12, "fim_m": 284.68, "faixa_id": 2, "classe": "0.50–1.50 m", "_coa_length_m": 0.56, "_coa_class": "0,50–1,50 m" }, "geometry": { "type": "MultiLineString", "coordinates": [ [ [ -49.5731055, -20.4037377 ], [ -49.5731108, -20.4037382 ] ] ] } },
{ "type": "Feature", "properties": { "linha_id": 208, "comp_m": 0.56, "ini_m": 344.76, "fim_m": 345.32, "faixa_id": 2, "classe": "0.50–1.50 m", "_coa_length_m": 0.56, "_coa_class": "0,50–1,50 m" }, "geometry": { "type": "MultiLineString", "coordinates": [ [ [ -49.5736833, -20.4037945 ], [ -49.5736887, -20.4037951 ] ] ] } },
{ "type": "Feature", "properties": { "linha_id": 208, "comp_m": 0.96, "ini_m": 435.88, "fim_m": 436.84, "faixa_id": 2, "classe": "0.50–1.50 m", "_coa_length_m": 0.96, "_coa_class": "0,50–1,50 m" }, "geometry": { "type": "MultiLineString", "coordinates": [ [ [ -49.5745513, -20.4038825 ], [ -49.5745604, -20.4038837 ] ] ] } },
{ "type": "Feature", "properties": { "linha_id": 208, "comp_m": 0.72, "ini_m": 438.04, "fim_m": 438.76, "faixa_id": 2, "classe": "0.50–1.50 m", "_coa_length_m": 0.72, "_coa_class": "0,50–1,50 m" }, "geometry": { "type": "MultiLineString", "coordinates": [ [ [ -49.5745719, -20.4038849 ], [ -49.5745787, -20.4038855 ] ] ] } },
{ "type": "Feature", "properties": { "linha_id": 208, "comp_m": 1.562, "ini_m": 439.4, "fim_m": 440.962, "faixa_id": 3, "classe": "1.50–3.00 m", "_coa_length_m": 1.562, "_coa_class": "1,50–3,00 m" }, "geometry": { "type": "MultiLineString", "coordinates": [ [ [ -49.5745849, -20.4038859 ], [ -49.5745998, -20.4038871 ] ] ] } },
{ "type": "Feature", "properties": { "linha_id": 209, "comp_m": 0.64, "ini_m": 31.8, "fim_m": 32.44, "faixa_id": 2, "classe": "0.50–1.50 m", "_coa_length_m": 0.64, "_coa_class": "0,50–1,50 m" }, "geometry": { "type": "MultiLineString", "coordinates": [ [ [ -49.570726, -20.4034846 ], [ -49.5707263, -20.4034846 ], [ -49.5707304, -20.403485 ], [ -49.5707321, -20.4034852 ] ] ] } },
{ "type": "Feature", "properties": { "linha_id": 209, "comp_m": 0.56, "ini_m": 165.32, "fim_m": 165.88, "faixa_id": 2, "classe": "0.50–1.50 m", "_coa_length_m": 0.56, "_coa_class": "0,50–1,50 m" }, "geometry": { "type": "MultiLineString", "coordinates": [ [ [ -49.5719979, -20.4036122 ], [ -49.5720033, -20.4036128 ] ] ] } },
{ "type": "Feature", "properties": { "linha_id": 209, "comp_m": 0.88, "ini_m": 436.2, "fim_m": 437.08, "faixa_id": 2, "classe": "0.50–1.50 m", "_coa_length_m": 0.88, "_coa_class": "0,50–1,50 m" }, "geometry": { "type": "MultiLineString", "coordinates": [ [ [ -49.5745765, -20.4038718 ], [ -49.5745801, -20.4038723 ], [ -49.5745849, -20.403873 ] ] ] } },
{ "type": "Feature", "properties": { "linha_id": 209, "comp_m": 0.761, "ini_m": 437.88, "fim_m": 438.641, "faixa_id": 2, "classe": "0.50–1.50 m", "_coa_length_m": 0.761, "_coa_class": "0,50–1,50 m" }, "geometry": { "type": "MultiLineString", "coordinates": [ [ [ -49.5745925, -20.403874 ], [ -49.5745997, -20.403875 ] ] ] } },
{ "type": "Feature", "properties": { "linha_id": 210, "comp_m": 1.32, "ini_m": 0.0, "fim_m": 1.32, "faixa_id": 2, "classe": "0.50–1.50 m", "_coa_length_m": 1.32, "_coa_class": "0,50–1,50 m" }, "geometry": { "type": "MultiLineString", "coordinates": [ [ [ -49.5703325, -20.404579 ], [ -49.5703402, -20.4045808 ], [ -49.5703449, -20.4045815 ] ] ] } },
{ "type": "Feature", "properties": { "linha_id": 210, "comp_m": 0.56, "ini_m": 445.8, "fim_m": 446.36, "faixa_id": 2, "classe": "0.50–1.50 m", "_coa_length_m": 0.56, "_coa_class": "0,50–1,50 m" }, "geometry": { "type": "MultiLineString", "coordinates": [ [ [ -49.5745798, -20.4050007 ], [ -49.5745852, -20.4050008 ] ] ] } },
{ "type": "Feature", "properties": { "linha_id": 211, "comp_m": 0.96, "ini_m": 1.8, "fim_m": 2.76, "faixa_id": 2, "classe": "0.50–1.50 m", "_coa_length_m": 0.96, "_coa_class": "0,50–1,50 m" }, "geometry": { "type": "MultiLineString", "coordinates": [ [ [ -49.5703519, -20.4043481 ], [ -49.5703611, -20.4043489 ] ] ] } },
{ "type": "Feature", "properties": { "linha_id": 211, "comp_m": 0.56, "ini_m": 3.48, "fim_m": 4.04, "faixa_id": 2, "classe": "0.50–1.50 m", "_coa_length_m": 0.56, "_coa_class": "0,50–1,50 m" }, "geometry": { "type": "MultiLineString", "coordinates": [ [ [ -49.570368, -20.4043494 ], [ -49.5703733, -20.4043498 ] ] ] } },
{ "type": "Feature", "properties": { "linha_id": 211, "comp_m": 1.6, "ini_m": 5.48, "fim_m": 7.08, "faixa_id": 3, "classe": "1.50–3.00 m", "_coa_length_m": 1.6, "_coa_class": "1,50–3,00 m" }, "geometry": { "type": "MultiLineString", "coordinates": [ [ [ -49.570387, -20.4043512 ], [ -49.5703976, -20.4043528 ], [ -49.5704022, -20.4043534 ] ] ] } },
{ "type": "Feature", "properties": { "linha_id": 212, "comp_m": 0.68, "ini_m": 0.0, "fim_m": 0.68, "faixa_id": 2, "classe": "0.50–1.50 m", "_coa_length_m": 0.68, "_coa_class": "0,50–1,50 m" }, "geometry": { "type": "MultiLineString", "coordinates": [ [ [ -49.5703431, -20.4042815 ], [ -49.5703497, -20.4042818 ] ] ] } },
{ "type": "Feature", "properties": { "linha_id": 212, "comp_m": 1.44, "ini_m": 1.96, "fim_m": 3.4, "faixa_id": 2, "classe": "0.50–1.50 m", "_coa_length_m": 1.44, "_coa_class": "0,50–1,50 m" }, "geometry": { "type": "MultiLineString", "coordinates": [ [ [ -49.5703619, -20.4042826 ], [ -49.5703628, -20.4042827 ], [ -49.5703693, -20.4042832 ], [ -49.5703756, -20.4042837 ] ] ] } },
{ "type": "Feature", "properties": { "linha_id": 212, "comp_m": 0.8, "ini_m": 4.52, "fim_m": 5.32, "faixa_id": 2, "classe": "0.50–1.50 m", "_coa_length_m": 0.8, "_coa_class": "0,50–1,50 m" }, "geometry": { "type": "MultiLineString", "coordinates": [ [ [ -49.5703863, -20.4042847 ], [ -49.5703889, -20.4042849 ], [ -49.570394, -20.4042854 ] ] ] } },
{ "type": "Feature", "properties": { "linha_id": 213, "comp_m": 0.768, "ini_m": 403.72, "fim_m": 404.488, "faixa_id": 2, "classe": "0.50–1.50 m", "_coa_length_m": 0.768, "_coa_class": "0,50–1,50 m" }, "geometry": { "type": "MultiLineString", "coordinates": [ [ [ -49.5745769, -20.4051085 ], [ -49.5745794, -20.4051087 ], [ -49.5745818, -20.4051089 ], [ -49.5745843, -20.405109 ] ] ] } },
{ "type": "Feature", "properties": { "linha_id": 214, "comp_m": 1.24, "ini_m": 0.0, "fim_m": 1.24, "faixa_id": 2, "classe": "0.50–1.50 m", "_coa_length_m": 1.24, "_coa_class": "0,50–1,50 m" }, "geometry": { "type": "MultiLineString", "coordinates": [ [ [ -49.570394, -20.4034804 ], [ -49.5703951, -20.4034804 ], [ -49.5703963, -20.4034804 ], [ -49.5703973, -20.4034805 ], [ -49.5703984, -20.4034805 ], [ -49.5703995, -20.4034805 ], [ -49.5704006, -20.4034805 ], [ -49.5704017, -20.4034805 ], [ -49.5704028, -20.4034806 ], [ -49.5704039, -20.4034806 ], [ -49.570405, -20.4034806 ], [ -49.5704059, -20.4034806 ] ] ] } },
{ "type": "Feature", "properties": { "linha_id": 214, "comp_m": 0.64, "ini_m": 6.76, "fim_m": 7.4, "faixa_id": 2, "classe": "0.50–1.50 m", "_coa_length_m": 0.64, "_coa_class": "0,50–1,50 m" }, "geometry": { "type": "MultiLineString", "coordinates": [ [ [ -49.5704586, -20.4034846 ], [ -49.5704593, -20.4034847 ], [ -49.5704604, -20.4034848 ], [ -49.5704615, -20.4034849 ], [ -49.5704626, -20.403485 ], [ -49.5704637, -20.4034851 ], [ -49.5704647, -20.4034852 ], [ -49.5704647, -20.4034852 ] ] ] } },
{ "type": "Feature", "properties": { "linha_id": 214, "comp_m": 0.72, "ini_m": 182.84, "fim_m": 183.56, "faixa_id": 2, "classe": "0.50–1.50 m", "_coa_length_m": 0.72, "_coa_class": "0,50–1,50 m" }, "geometry": { "type": "MultiLineString", "coordinates": [ [ [ -49.5721354, -20.403654 ], [ -49.57214, -20.4036545 ], [ -49.5721423, -20.4036547 ] ] ] } },
{ "type": "Feature", "properties": { "linha_id": 214, "comp_m": 0.64, "ini_m": 227.24, "fim_m": 227.88, "faixa_id": 2, "classe": "0.50–1.50 m", "_coa_length_m": 0.64, "_coa_class": "0,50–1,50 m" }, "geometry": { "type": "MultiLineString", "coordinates": [ [ [ -49.5725577, -20.4036961 ], [ -49.572559, -20.4036962 ], [ -49.5725638, -20.4036967 ] ] ] } },
{ "type": "Feature", "properties": { "linha_id": 214, "comp_m": 1.36, "ini_m": 333.64, "fim_m": 335.0, "faixa_id": 2, "classe": "0.50–1.50 m", "_coa_length_m": 1.36, "_coa_class": "0,50–1,50 m" }, "geometry": { "type": "MultiLineString", "coordinates": [ [ [ -49.5735711, -20.4037982 ], [ -49.573573, -20.4037984 ], [ -49.5735804, -20.4037992 ], [ -49.5735841, -20.4037996 ] ] ] } },
{ "type": "Feature", "properties": { "linha_id": 214, "comp_m": 0.56, "ini_m": 398.04, "fim_m": 398.6, "faixa_id": 2, "classe": "0.50–1.50 m", "_coa_length_m": 0.56, "_coa_class": "0,50–1,50 m" }, "geometry": { "type": "MultiLineString", "coordinates": [ [ [ -49.5741846, -20.4038598 ], [ -49.5741871, -20.40386 ], [ -49.5741899, -20.4038603 ] ] ] } },
{ "type": "Feature", "properties": { "linha_id": 214, "comp_m": 0.56, "ini_m": 425.64, "fim_m": 426.2, "faixa_id": 2, "classe": "0.50–1.50 m", "_coa_length_m": 0.56, "_coa_class": "0,50–1,50 m" }, "geometry": { "type": "MultiLineString", "coordinates": [ [ [ -49.5744476, -20.4038853 ], [ -49.574453, -20.4038858 ] ] ] } },
{ "type": "Feature", "properties": { "linha_id": 215, "comp_m": 0.88, "ini_m": 32.36, "fim_m": 33.24, "faixa_id": 2, "classe": "0.50–1.50 m", "_coa_length_m": 0.88, "_coa_class": "0,50–1,50 m" }, "geometry": { "type": "MultiLineString", "coordinates": [ [ [ -49.5710363, -20.4048121 ], [ -49.5710396, -20.4048125 ], [ -49.571043, -20.4048128 ], [ -49.5710447, -20.404813 ] ] ] } },
{ "type": "Feature", "properties": { "linha_id": 215, "comp_m": 0.64, "ini_m": 39.48, "fim_m": 40.12, "faixa_id": 2, "classe": "0.50–1.50 m", "_coa_length_m": 0.64, "_coa_class": "0,50–1,50 m" }, "geometry": { "type": "MultiLineString", "coordinates": [ [ [ -49.5711041, -20.4048188 ], [ -49.5711067, -20.4048191 ], [ -49.57111, -20.4048194 ], [ -49.5711102, -20.4048194 ] ] ] } },
{ "type": "Feature", "properties": { "linha_id": 215, "comp_m": 0.64, "ini_m": 189.48, "fim_m": 190.12, "faixa_id": 2, "classe": "0.50–1.50 m", "_coa_length_m": 0.64, "_coa_class": "0,50–1,50 m" }, "geometry": { "type": "MultiLineString", "coordinates": [ [ [ -49.5725312, -20.4049597 ], [ -49.5725337, -20.40496 ], [ -49.572537, -20.4049603 ], [ -49.5725373, -20.4049604 ] ] ] } },
{ "type": "Feature", "properties": { "linha_id": 215, "comp_m": 0.96, "ini_m": 204.44, "fim_m": 205.4, "faixa_id": 2, "classe": "0.50–1.50 m", "_coa_length_m": 0.96, "_coa_class": "0,50–1,50 m" }, "geometry": { "type": "MultiLineString", "coordinates": [ [ [ -49.5726737, -20.4049745 ], [ -49.5726757, -20.4049747 ], [ -49.572679, -20.404975 ], [ -49.5726823, -20.4049753 ], [ -49.5726829, -20.4049753 ] ] ] } },
{ "type": "Feature", "properties": { "linha_id": 215, "comp_m": 0.96, "ini_m": 225.56, "fim_m": 226.52, "faixa_id": 2, "classe": "0.50–1.50 m", "_coa_length_m": 0.96, "_coa_class": "0,50–1,50 m" }, "geometry": { "type": "MultiLineString", "coordinates": [ [ [ -49.5728745, -20.4049941 ], [ -49.5728837, -20.4049949 ] ] ] } },
{ "type": "Feature", "properties": { "linha_id": 215, "comp_m": 0.64, "ini_m": 229.96, "fim_m": 230.6, "faixa_id": 2, "classe": "0.50–1.50 m", "_coa_length_m": 0.64, "_coa_class": "0,50–1,50 m" }, "geometry": { "type": "MultiLineString", "coordinates": [ [ [ -49.5729164, -20.4049989 ], [ -49.5729173, -20.404999 ], [ -49.5729225, -20.4049995 ] ] ] } },
{ "type": "Feature", "properties": { "linha_id": 215, "comp_m": 0.8, "ini_m": 257.64, "fim_m": 258.44, "faixa_id": 2, "classe": "0.50–1.50 m", "_coa_length_m": 0.8, "_coa_class": "0,50–1,50 m" }, "geometry": { "type": "MultiLineString", "coordinates": [ [ [ -49.5731802, -20.4050235 ], [ -49.573183, -20.4050237 ], [ -49.5731879, -20.4050243 ] ] ] } },
{ "type": "Feature", "properties": { "linha_id": 215, "comp_m": 0.64, "ini_m": 273.24, "fim_m": 273.88, "faixa_id": 2, "classe": "0.50–1.50 m", "_coa_length_m": 0.64, "_coa_class": "0,50–1,50 m" }, "geometry": { "type": "MultiLineString", "coordinates": [ [ [ -49.5733288, -20.4050387 ], [ -49.5733318, -20.4050391 ], [ -49.5733349, -20.4050394 ] ] ] } },
{ "type": "Feature", "properties": { "linha_id": 215, "comp_m": 3.28, "ini_m": 288.92, "fim_m": 292.2, "faixa_id": 4, "classe": "3.00–5.00 m", "_coa_length_m": 3.28, "_coa_class": "3,00–5,00 m" }, "geometry": { "type": "MultiLineString", "coordinates": [ [ [ -49.5734782, -20.4050534 ], [ -49.5734808, -20.4050535 ], [ -49.573497, -20.405056 ], [ -49.5735093, -20.4050573 ] ] ] } },
{ "type": "Feature", "properties": { "linha_id": 215, "comp_m": 0.8, "ini_m": 336.36, "fim_m": 337.16, "faixa_id": 2, "classe": "0.50–1.50 m", "_coa_length_m": 0.8, "_coa_class": "0,50–1,50 m" }, "geometry": { "type": "MultiLineString", "coordinates": [ [ [ -49.57393, -20.4050994 ], [ -49.5739377, -20.4051 ] ] ] } },
{ "type": "Feature", "properties": { "linha_id": 215, "comp_m": 0.64, "ini_m": 340.92, "fim_m": 341.56, "faixa_id": 2, "classe": "0.50–1.50 m", "_coa_length_m": 0.64, "_coa_class": "0,50–1,50 m" }, "geometry": { "type": "MultiLineString", "coordinates": [ [ [ -49.5739736, -20.4051031 ], [ -49.5739772, -20.4051034 ], [ -49.5739797, -20.4051036 ] ] ] } },
{ "type": "Feature", "properties": { "linha_id": 215, "comp_m": 0.8, "ini_m": 342.52, "fim_m": 343.32, "faixa_id": 2, "classe": "0.50–1.50 m", "_coa_length_m": 0.8, "_coa_class": "0,50–1,50 m" }, "geometry": { "type": "MultiLineString", "coordinates": [ [ [ -49.5739888, -20.4051045 ], [ -49.5739938, -20.4051049 ], [ -49.5739964, -20.4051052 ] ] ] } },
{ "type": "Feature", "properties": { "linha_id": 215, "comp_m": 1.84, "ini_m": 373.72, "fim_m": 375.56, "faixa_id": 3, "classe": "1.50–3.00 m", "_coa_length_m": 1.84, "_coa_class": "1,50–3,00 m" }, "geometry": { "type": "MultiLineString", "coordinates": [ [ [ -49.5742859, -20.4051352 ], [ -49.5742914, -20.4051356 ], [ -49.5743034, -20.4051375 ] ] ] } },
{ "type": "Feature", "properties": { "linha_id": 215, "comp_m": 1.062, "ini_m": 403.88, "fim_m": 404.942, "faixa_id": 2, "classe": "0.50–1.50 m", "_coa_length_m": 1.062, "_coa_class": "0,50–1,50 m" }, "geometry": { "type": "MultiLineString", "coordinates": [ [ [ -49.5745714, -20.4051634 ], [ -49.5745722, -20.4051635 ], [ -49.574573, -20.4051635 ], [ -49.5745737, -20.4051636 ], [ -49.5745745, -20.4051636 ], [ -49.5745753, -20.4051636 ], [ -49.5745761, -20.4051636 ], [ -49.5745769, -20.4051637 ], [ -49.5745777, -20.4051637 ], [ -49.5745785, -20.4051637 ], [ -49.5745792, -20.4051637 ], [ -49.57458, -20.4051638 ], [ -49.5745808, -20.4051638 ], [ -49.5745816, -20.4051638 ] ] ] } },
{ "type": "Feature", "properties": { "linha_id": 216, "comp_m": 2.68, "ini_m": 0.0, "fim_m": 2.68, "faixa_id": 3, "classe": "1.50–3.00 m", "_coa_length_m": 2.68, "_coa_class": "1,50–3,00 m" }, "geometry": { "type": "MultiLineString", "coordinates": [ [ [ -49.5703364, -20.4043349 ], [ -49.5703371, -20.4043349 ], [ -49.5703378, -20.4043349 ], [ -49.5703385, -20.4043349 ], [ -49.5703392, -20.4043349 ], [ -49.5703399, -20.4043349 ], [ -49.5703406, -20.4043349 ], [ -49.5703413, -20.4043349 ], [ -49.570342, -20.4043349 ], [ -49.5703427, -20.404335 ], [ -49.5703434, -20.404335 ], [ -49.5703441, -20.404335 ], [ -49.5703448, -20.404335 ], [ -49.5703455, -20.404335 ], [ -49.5703463, -20.4043351 ], [ -49.570347, -20.4043351 ], [ -49.5703477, -20.4043351 ], [ -49.5703484, -20.4043351 ], [ -49.5703492, -20.4043352 ], [ -49.5703499, -20.4043352 ], [ -49.5703506, -20.4043352 ], [ -49.5703514, -20.4043353 ], [ -49.5703521, -20.4043353 ], [ -49.5703528, -20.4043353 ], [ -49.5703536, -20.4043354 ], [ -49.5703543, -20.4043354 ], [ -49.570355, -20.4043355 ], [ -49.5703558, -20.4043355 ], [ -49.5703565, -20.4043356 ], [ -49.5703573, -20.4043356 ], [ -49.570358, -20.4043356 ], [ -49.5703588, -20.4043357 ], [ -49.5703595, -20.4043357 ], [ -49.5703603, -20.4043358 ], [ -49.570361, -20.4043358 ], [ -49.5703618, -20.4043359 ], [ -49.5703621, -20.4043359 ] ] ] } },
{ "type": "Feature", "properties": { "linha_id": 217, "comp_m": 1.88, "ini_m": 0.0, "fim_m": 1.88, "faixa_id": 3, "classe": "1.50–3.00 m", "_coa_length_m": 1.88, "_coa_class": "1,50–3,00 m" }, "geometry": { "type": "MultiLineString", "coordinates": [ [ [ -49.57076, -20.4047972 ], [ -49.5707613, -20.4047974 ], [ -49.5707627, -20.4047976 ], [ -49.5707641, -20.4047978 ], [ -49.5707655, -20.4047979 ], [ -49.5707669, -20.4047981 ], [ -49.5707683, -20.4047983 ], [ -49.5707696, -20.4047985 ], [ -49.570771, -20.4047987 ], [ -49.5707724, -20.4047988 ], [ -49.5707738, -20.404799 ], [ -49.5707752, -20.4047992 ], [ -49.5707766, -20.4047993 ], [ -49.5707778, -20.4047995 ] ] ] } },
{ "type": "Feature", "properties": { "linha_id": 217, "comp_m": 2.72, "ini_m": 2.44, "fim_m": 5.16, "faixa_id": 3, "classe": "1.50–3.00 m", "_coa_length_m": 2.72, "_coa_class": "1,50–3,00 m" }, "geometry": { "type": "MultiLineString", "coordinates": [ [ [ -49.5707831, -20.4048001 ], [ -49.5707836, -20.4048002 ], [ -49.5707849, -20.4048003 ], [ -49.5707863, -20.4048005 ], [ -49.5707877, -20.4048006 ], [ -49.5707891, -20.4048008 ], [ -49.5707905, -20.4048009 ], [ -49.5707919, -20.4048011 ], [ -49.5707933, -20.4048012 ], [ -49.5707947, -20.4048014 ], [ -49.5707961, -20.4048015 ], [ -49.5707975, -20.4048017 ], [ -49.5707989, -20.4048018 ], [ -49.5708003, -20.404802 ], [ -49.5708017, -20.4048021 ], [ -49.5708031, -20.4048022 ], [ -49.5708046, -20.4048024 ], [ -49.570806, -20.4048025 ], [ -49.5708074, -20.4048027 ], [ -49.5708088, -20.4048028 ], [ -49.570809, -20.4048028 ] ] ] } },
{ "type": "Feature", "properties": { "linha_id": 217, "comp_m": 0.64, "ini_m": 19.0, "fim_m": 19.64, "faixa_id": 2, "classe": "0.50–1.50 m", "_coa_length_m": 0.64, "_coa_class": "0,50–1,50 m" }, "geometry": { "type": "MultiLineString", "coordinates": [ [ [ -49.5709409, -20.4048152 ], [ -49.570947, -20.4048155 ] ] ] } },
{ "type": "Feature", "properties": { "linha_id": 217, "comp_m": 1.44, "ini_m": 20.12, "fim_m": 21.56, "faixa_id": 2, "classe": "0.50–1.50 m", "_coa_length_m": 1.44, "_coa_class": "0,50–1,50 m" }, "geometry": { "type": "MultiLineString", "coordinates": [ [ [ -49.5709516, -20.4048158 ], [ -49.5709653, -20.4048173 ], [ -49.5709653, -20.4048173 ] ] ] } },
{ "type": "Feature", "properties": { "linha_id": 217, "comp_m": 0.56, "ini_m": 23.88, "fim_m": 24.44, "faixa_id": 2, "classe": "0.50–1.50 m", "_coa_length_m": 0.56, "_coa_class": "0,50–1,50 m" }, "geometry": { "type": "MultiLineString", "coordinates": [ [ [ -49.5709874, -20.4048191 ], [ -49.5709928, -20.4048198 ] ] ] } },
{ "type": "Feature", "properties": { "linha_id": 217, "comp_m": 0.64, "ini_m": 28.04, "fim_m": 28.68, "faixa_id": 2, "classe": "0.50–1.50 m", "_coa_length_m": 0.64, "_coa_class": "0,50–1,50 m" }, "geometry": { "type": "MultiLineString", "coordinates": [ [ [ -49.571027, -20.4048231 ], [ -49.5710317, -20.4048234 ], [ -49.5710332, -20.4048235 ] ] ] } },
{ "type": "Feature", "properties": { "linha_id": 217, "comp_m": 0.8, "ini_m": 30.76, "fim_m": 31.56, "faixa_id": 2, "classe": "0.50–1.50 m", "_coa_length_m": 0.8, "_coa_class": "0,50–1,50 m" }, "geometry": { "type": "MultiLineString", "coordinates": [ [ [ -49.571053, -20.4048251 ], [ -49.5710605, -20.4048264 ] ] ] } },
{ "type": "Feature", "properties": { "linha_id": 217, "comp_m": 1.92, "ini_m": 41.24, "fim_m": 43.16, "faixa_id": 3, "classe": "1.50–3.00 m", "_coa_length_m": 1.92, "_coa_class": "1,50–3,00 m" }, "geometry": { "type": "MultiLineString", "coordinates": [ [ [ -49.5711527, -20.4048359 ], [ -49.5711638, -20.4048372 ], [ -49.5711709, -20.4048383 ] ] ] } },
{ "type": "Feature", "properties": { "linha_id": 217, "comp_m": 0.64, "ini_m": 44.68, "fim_m": 45.32, "faixa_id": 2, "classe": "0.50–1.50 m", "_coa_length_m": 0.64, "_coa_class": "0,50–1,50 m" }, "geometry": { "type": "MultiLineString", "coordinates": [ [ [ -49.5711853, -20.4048401 ], [ -49.5711914, -20.4048406 ] ] ] } },
{ "type": "Feature", "properties": { "linha_id": 217, "comp_m": 1.04, "ini_m": 51.32, "fim_m": 52.36, "faixa_id": 2, "classe": "0.50–1.50 m", "_coa_length_m": 1.04, "_coa_class": "0,50–1,50 m" }, "geometry": { "type": "MultiLineString", "coordinates": [ [ [ -49.5712485, -20.4048467 ], [ -49.5712584, -20.404848 ] ] ] } },
{ "type": "Feature", "properties": { "linha_id": 217, "comp_m": 0.64, "ini_m": 75.48, "fim_m": 76.12, "faixa_id": 2, "classe": "0.50–1.50 m", "_coa_length_m": 0.64, "_coa_class": "0,50–1,50 m" }, "geometry": { "type": "MultiLineString", "coordinates": [ [ [ -49.5714789, -20.4048669 ], [ -49.571485, -20.4048678 ] ] ] } },
{ "type": "Feature", "properties": { "linha_id": 217, "comp_m": 1.44, "ini_m": 129.96, "fim_m": 131.4, "faixa_id": 2, "classe": "0.50–1.50 m", "_coa_length_m": 1.44, "_coa_class": "0,50–1,50 m" }, "geometry": { "type": "MultiLineString", "coordinates": [ [ [ -49.5719978, -20.4049189 ], [ -49.5720082, -20.4049201 ], [ -49.5720115, -20.4049204 ] ] ] } },
{ "type": "Feature", "properties": { "linha_id": 217, "comp_m": 0.8, "ini_m": 143.48, "fim_m": 144.28, "faixa_id": 2, "classe": "0.50–1.50 m", "_coa_length_m": 0.8, "_coa_class": "0,50–1,50 m" }, "geometry": { "type": "MultiLineString", "coordinates": [ [ [ -49.5721265, -20.4049329 ], [ -49.5721341, -20.4049336 ] ] ] } },
{ "type": "Feature", "properties": { "linha_id": 217, "comp_m": 0.8, "ini_m": 169.32, "fim_m": 170.12, "faixa_id": 2, "classe": "0.50–1.50 m", "_coa_length_m": 0.8, "_coa_class": "0,50–1,50 m" }, "geometry": { "type": "MultiLineString", "coordinates": [ [ [ -49.5723728, -20.4049562 ], [ -49.5723804, -20.4049571 ] ] ] } },
{ "type": "Feature", "properties": { "linha_id": 217, "comp_m": 0.56, "ini_m": 376.92, "fim_m": 377.48, "faixa_id": 2, "classe": "0.50–1.50 m", "_coa_length_m": 0.56, "_coa_class": "0,50–1,50 m" }, "geometry": { "type": "MultiLineString", "coordinates": [ [ [ -49.5743494, -20.4051544 ], [ -49.5743521, -20.4051546 ], [ -49.5743547, -20.4051548 ] ] ] } },
{ "type": "Feature", "properties": { "linha_id": 217, "comp_m": 1.28, "ini_m": 397.96, "fim_m": 399.24, "faixa_id": 2, "classe": "0.50–1.50 m", "_coa_length_m": 1.28, "_coa_class": "0,50–1,50 m" }, "geometry": { "type": "MultiLineString", "coordinates": [ [ [ -49.5745496, -20.405174 ], [ -49.5745502, -20.4051741 ], [ -49.5745509, -20.4051742 ], [ -49.5745515, -20.4051742 ], [ -49.5745522, -20.4051743 ], [ -49.5745529, -20.4051744 ], [ -49.5745535, -20.4051745 ], [ -49.5745542, -20.4051745 ], [ -49.5745549, -20.4051746 ], [ -49.5745555, -20.4051747 ], [ -49.5745562, -20.4051748 ], [ -49.5745569, -20.4051749 ], [ -49.5745575, -20.405175 ], [ -49.5745582, -20.405175 ], [ -49.5745589, -20.4051751 ], [ -49.5745595, -20.4051752 ], [ -49.5745602, -20.4051753 ], [ -49.5745609, -20.4051754 ], [ -49.5745615, -20.4051755 ], [ -49.5745617, -20.4051755 ] ] ] } },
{ "type": "Feature", "properties": { "linha_id": 218, "comp_m": 2.68, "ini_m": 0.0, "fim_m": 2.68, "faixa_id": 3, "classe": "1.50–3.00 m", "_coa_length_m": 2.68, "_coa_class": "1,50–3,00 m" }, "geometry": { "type": "MultiLineString", "coordinates": [ [ [ -49.5708007, -20.4048087 ], [ -49.5708051, -20.4048089 ], [ -49.5708093, -20.4048096 ], [ -49.5708134, -20.4048107 ], [ -49.5708173, -20.4048119 ], [ -49.5708212, -20.4048133 ], [ -49.5708252, -20.4048146 ], [ -49.5708255, -20.4048147 ] ] ] } },
{ "type": "Feature", "properties": { "linha_id": 218, "comp_m": 1.28, "ini_m": 59.4, "fim_m": 60.68, "faixa_id": 2, "classe": "0.50–1.50 m", "_coa_length_m": 1.28, "_coa_class": "0,50–1,50 m" }, "geometry": { "type": "MultiLineString", "coordinates": [ [ [ -49.5713637, -20.4048701 ], [ -49.5713639, -20.4048702 ], [ -49.5713672, -20.4048704 ], [ -49.5713705, -20.4048707 ], [ -49.5713738, -20.404871 ], [ -49.5713759, -20.4048712 ] ] ] } },
{ "type": "Feature", "properties": { "linha_id": 218, "comp_m": 0.88, "ini_m": 235.24, "fim_m": 236.12, "faixa_id": 2, "classe": "0.50–1.50 m", "_coa_length_m": 0.88, "_coa_class": "0,50–1,50 m" }, "geometry": { "type": "MultiLineString", "coordinates": [ [ [ -49.5730359, -20.4050353 ], [ -49.5730366, -20.4050354 ], [ -49.5730389, -20.4050357 ], [ -49.5730412, -20.405036 ], [ -49.5730435, -20.4050363 ], [ -49.5730442, -20.4050364 ] ] ] } },
{ "type": "Feature", "properties": { "linha_id": 218, "comp_m": 2.508, "ini_m": 393.56, "fim_m": 396.068, "faixa_id": 3, "classe": "1.50–3.00 m", "_coa_length_m": 2.508, "_coa_class": "1,50–3,00 m" }, "geometry": { "type": "MultiLineString", "coordinates": [ [ [ -49.5745419, -20.4051871 ], [ -49.5745429, -20.4051871 ], [ -49.5745452, -20.4051873 ], [ -49.5745474, -20.4051874 ], [ -49.5745497, -20.4051875 ], [ -49.574552, -20.4051875 ], [ -49.5745543, -20.4051876 ], [ -49.5745566, -20.4051875 ], [ -49.5745589, -20.4051875 ], [ -49.5745612, -20.4051874 ], [ -49.5745636, -20.4051872 ], [ -49.5745659, -20.405187 ] ] ] } },
{ "type": "Feature", "properties": { "linha_id": 220, "comp_m": 1.6, "ini_m": 1.48, "fim_m": 3.08, "faixa_id": 3, "classe": "1.50–3.00 m", "_coa_length_m": 1.6, "_coa_class": "1,50–3,00 m" }, "geometry": { "type": "MultiLineString", "coordinates": [ [ [ -49.5725291, -20.401146 ], [ -49.57253, -20.4011461 ], [ -49.5725334, -20.4011467 ], [ -49.5725368, -20.4011473 ], [ -49.5725403, -20.4011479 ], [ -49.5725438, -20.4011485 ], [ -49.5725442, -20.4011485 ] ] ] } },
{ "type": "Feature", "properties": { "linha_id": 220, "comp_m": 0.56, "ini_m": 6.2, "fim_m": 6.76, "faixa_id": 2, "classe": "0.50–1.50 m", "_coa_length_m": 0.56, "_coa_class": "0,50–1,50 m" }, "geometry": { "type": "MultiLineString", "coordinates": [ [ [ -49.5725739, -20.4011509 ], [ -49.572576, -20.401151 ], [ -49.5725793, -20.4011512 ] ] ] } },
{ "type": "Feature", "properties": { "linha_id": 220, "comp_m": 1.12, "ini_m": 8.68, "fim_m": 9.8, "faixa_id": 2, "classe": "0.50–1.50 m", "_coa_length_m": 1.12, "_coa_class": "0,50–1,50 m" }, "geometry": { "type": "MultiLineString", "coordinates": [ [ [ -49.5725976, -20.4011527 ], [ -49.5726011, -20.401153 ], [ -49.5726047, -20.4011534 ], [ -49.5726083, -20.4011537 ], [ -49.5726083, -20.4011537 ] ] ] } },
{ "type": "Feature", "properties": { "linha_id": 220, "comp_m": 4.24, "ini_m": 12.04, "fim_m": 16.28, "faixa_id": 4, "classe": "3.00–5.00 m", "_coa_length_m": 4.241, "_coa_class": "3,00–5,00 m" }, "geometry": { "type": "MultiLineString", "coordinates": [ [ [ -49.5726296, -20.4011558 ], [ -49.5726297, -20.4011558 ], [ -49.5726332, -20.4011561 ], [ -49.5726368, -20.4011565 ], [ -49.5726404, -20.4011568 ], [ -49.572644, -20.4011571 ], [ -49.5726475, -20.4011575 ], [ -49.5726511, -20.4011578 ], [ -49.5726547, -20.4011582 ], [ -49.5726582, -20.4011585 ], [ -49.5726618, -20.4011589 ], [ -49.5726654, -20.4011592 ], [ -49.5726689, -20.4011596 ], [ -49.5726701, -20.4011597 ] ] ] } },
{ "type": "Feature", "properties": { "linha_id": 220, "comp_m": 0.8, "ini_m": 32.44, "fim_m": 33.24, "faixa_id": 2, "classe": "0.50–1.50 m", "_coa_length_m": 0.8, "_coa_class": "0,50–1,50 m" }, "geometry": { "type": "MultiLineString", "coordinates": [ [ [ -49.572824, -20.4011754 ], [ -49.5728256, -20.4011756 ], [ -49.572829, -20.4011762 ], [ -49.5728315, -20.4011766 ] ] ] } },
{ "type": "Feature", "properties": { "linha_id": 220, "comp_m": 0.96, "ini_m": 35.8, "fim_m": 36.76, "faixa_id": 2, "classe": "0.50–1.50 m", "_coa_length_m": 0.96, "_coa_class": "0,50–1,50 m" }, "geometry": { "type": "MultiLineString", "coordinates": [ [ [ -49.5728559, -20.4011781 ], [ -49.572858, -20.4011781 ], [ -49.5728617, -20.4011781 ], [ -49.5728651, -20.4011783 ] ] ] } },
{ "type": "Feature", "properties": { "linha_id": 220, "comp_m": 1.12, "ini_m": 38.28, "fim_m": 39.4, "faixa_id": 2, "classe": "0.50–1.50 m", "_coa_length_m": 1.12, "_coa_class": "0,50–1,50 m" }, "geometry": { "type": "MultiLineString", "coordinates": [ [ [ -49.5728769, -20.4011805 ], [ -49.572878, -20.4011805 ], [ -49.5728792, -20.4011806 ], [ -49.5728805, -20.4011806 ], [ -49.5728817, -20.4011806 ], [ -49.5728829, -20.4011807 ], [ -49.5728842, -20.4011807 ], [ -49.5728854, -20.4011807 ], [ -49.5728866, -20.4011808 ], [ -49.5728876, -20.4011808 ] ] ] } },
{ "type": "Feature", "properties": { "linha_id": 220, "comp_m": 0.88, "ini_m": 59.88, "fim_m": 60.76, "faixa_id": 2, "classe": "0.50–1.50 m", "_coa_length_m": 0.88, "_coa_class": "0,50–1,50 m" }, "geometry": { "type": "MultiLineString", "coordinates": [ [ [ -49.573082, -20.4012013 ], [ -49.5730856, -20.4012017 ], [ -49.5730897, -20.4012021 ], [ -49.5730904, -20.4012021 ] ] ] } },
{ "type": "Feature", "properties": { "linha_id": 220, "comp_m": 0.72, "ini_m": 68.2, "fim_m": 68.92, "faixa_id": 2, "classe": "0.50–1.50 m", "_coa_length_m": 0.72, "_coa_class": "0,50–1,50 m" }, "geometry": { "type": "MultiLineString", "coordinates": [ [ [ -49.5731613, -20.4012094 ], [ -49.5731633, -20.4012097 ], [ -49.5731674, -20.4012101 ], [ -49.5731681, -20.4012102 ] ] ] } },
{ "type": "Feature", "properties": { "linha_id": 220, "comp_m": 1.28, "ini_m": 72.28, "fim_m": 73.56, "faixa_id": 2, "classe": "0.50–1.50 m", "_coa_length_m": 1.28, "_coa_class": "0,50–1,50 m" }, "geometry": { "type": "MultiLineString", "coordinates": [ [ [ -49.5732001, -20.4012137 ], [ -49.5732041, -20.4012141 ], [ -49.5732082, -20.4012145 ], [ -49.5732123, -20.4012149 ], [ -49.5732123, -20.401215 ] ] ] } },
{ "type": "Feature", "properties": { "linha_id": 220, "comp_m": 0.72, "ini_m": 75.16, "fim_m": 75.88, "faixa_id": 2, "classe": "0.50–1.50 m", "_coa_length_m": 0.72, "_coa_class": "0,50–1,50 m" }, "geometry": { "type": "MultiLineString", "coordinates": [ [ [ -49.5732275, -20.4012163 ], [ -49.5732287, -20.4012164 ], [ -49.5732328, -20.4012168 ], [ -49.5732344, -20.401217 ] ] ] } },
{ "type": "Feature", "properties": { "linha_id": 220, "comp_m": 0.72, "ini_m": 78.52, "fim_m": 79.24, "faixa_id": 2, "classe": "0.50–1.50 m", "_coa_length_m": 0.72, "_coa_class": "0,50–1,50 m" }, "geometry": { "type": "MultiLineString", "coordinates": [ [ [ -49.5732595, -20.4012201 ], [ -49.5732612, -20.4012203 ], [ -49.5732652, -20.4012209 ], [ -49.5732663, -20.401221 ] ] ] } },
{ "type": "Feature", "properties": { "linha_id": 220, "comp_m": 0.64, "ini_m": 124.12, "fim_m": 124.76, "faixa_id": 2, "classe": "0.50–1.50 m", "_coa_length_m": 0.64, "_coa_class": "0,50–1,50 m" }, "geometry": { "type": "MultiLineString", "coordinates": [ [ [ -49.5736939, -20.4012622 ], [ -49.5737, -20.4012628 ] ] ] } },
{ "type": "Feature", "properties": { "linha_id": 220, "comp_m": 2.74, "ini_m": 209.96, "fim_m": 212.7, "faixa_id": 3, "classe": "1.50–3.00 m", "_coa_length_m": 2.74, "_coa_class": "1,50–3,00 m" }, "geometry": { "type": "MultiLineString", "coordinates": [ [ [ -49.5745116, -20.4013441 ], [ -49.5745149, -20.4013444 ], [ -49.5745261, -20.4013464 ], [ -49.5745376, -20.4013478 ] ] ] } },
{ "type": "Feature", "properties": { "linha_id": 221, "comp_m": 2.52, "ini_m": 0.0, "fim_m": 2.52, "faixa_id": 3, "classe": "1.50–3.00 m", "_coa_length_m": 2.52, "_coa_class": "1,50–3,00 m" }, "geometry": { "type": "MultiLineString", "coordinates": [ [ [ -49.5729357, -20.4011782 ], [ -49.5729361, -20.4011783 ], [ -49.5729365, -20.4011784 ], [ -49.5729369, -20.4011785 ], [ -49.5729373, -20.4011786 ], [ -49.5729378, -20.4011787 ], [ -49.5729382, -20.4011788 ], [ -49.5729386, -20.4011789 ], [ -49.572939, -20.401179 ], [ -49.5729395, -20.4011791 ], [ -49.5729399, -20.4011792 ], [ -49.5729403, -20.4011792 ], [ -49.5729407, -20.4011793 ], [ -49.5729411, -20.4011794 ], [ -49.5729416, -20.4011795 ], [ -49.572942, -20.4011795 ], [ -49.5729424, -20.4011796 ], [ -49.5729428, -20.4011796 ], [ -49.5729433, -20.4011797 ], [ -49.5729437, -20.4011797 ], [ -49.5729441, -20.4011798 ], [ -49.5729445, -20.4011798 ], [ -49.572945, -20.4011799 ], [ -49.5729454, -20.4011799 ], [ -49.5729458, -20.4011799 ], [ -49.5729462, -20.40118 ], [ -49.5729467, -20.40118 ], [ -49.5729471, -20.40118 ], [ -49.5729475, -20.40118 ], [ -49.5729479, -20.4011801 ], [ -49.5729484, -20.4011801 ], [ -49.5729488, -20.4011801 ], [ -49.5729492, -20.4011801 ], [ -49.5729496, -20.4011801 ], [ -49.5729501, -20.4011801 ], [ -49.5729505, -20.4011801 ], [ -49.5729509, -20.4011801 ], [ -49.5729513, -20.4011801 ], [ -49.5729518, -20.4011801 ], [ -49.5729522, -20.4011801 ], [ -49.5729526, -20.4011801 ], [ -49.572953, -20.4011801 ], [ -49.5729535, -20.4011801 ], [ -49.5729539, -20.4011801 ], [ -49.5729543, -20.4011801 ], [ -49.5729547, -20.4011801 ], [ -49.5729552, -20.4011801 ], [ -49.5729556, -20.4011801 ], [ -49.572956, -20.4011801 ], [ -49.5729565, -20.4011801 ], [ -49.5729569, -20.40118 ], [ -49.5729573, -20.40118 ], [ -49.5729577, -20.40118 ], [ -49.5729582, -20.40118 ], [ -49.5729586, -20.40118 ], [ -49.572959, -20.40118 ], [ -49.5729595, -20.4011799 ], [ -49.5729596, -20.4011799 ] ] ] } },
{ "type": "Feature", "properties": { "linha_id": 221, "comp_m": 0.88, "ini_m": 2.68, "fim_m": 3.56, "faixa_id": 2, "classe": "0.50–1.50 m", "_coa_length_m": 0.88, "_coa_class": "0,50–1,50 m" }, "geometry": { "type": "MultiLineString", "coordinates": [ [ [ -49.5729611, -20.4011799 ], [ -49.5729612, -20.4011799 ], [ -49.5729616, -20.4011798 ], [ -49.572962, -20.4011798 ], [ -49.5729625, -20.4011798 ], [ -49.5729629, -20.4011798 ], [ -49.5729633, -20.4011798 ], [ -49.5729638, -20.4011798 ], [ -49.5729642, -20.4011797 ], [ -49.5729646, -20.4011797 ], [ -49.572965, -20.4011797 ], [ -49.5729655, -20.4011797 ], [ -49.5729659, -20.4011797 ], [ -49.5729663, -20.4011797 ], [ -49.5729668, -20.4011796 ], [ -49.5729672, -20.4011796 ], [ -49.5729676, -20.4011796 ], [ -49.5729681, -20.4011796 ], [ -49.5729685, -20.4011796 ], [ -49.5729689, -20.4011796 ], [ -49.5729694, -20.4011796 ], [ -49.5729696, -20.4011796 ] ] ] } },
{ "type": "Feature", "properties": { "linha_id": 221, "comp_m": 2.56, "ini_m": 19.88, "fim_m": 22.44, "faixa_id": 3, "classe": "1.50–3.00 m", "_coa_length_m": 2.56, "_coa_class": "1,50–3,00 m" }, "geometry": { "type": "MultiLineString", "coordinates": [ [ [ -49.5731243, -20.4011939 ], [ -49.5731268, -20.4011942 ], [ -49.5731309, -20.4011947 ], [ -49.573135, -20.4011952 ], [ -49.5731391, -20.4011954 ], [ -49.5731432, -20.4011955 ], [ -49.5731474, -20.4011955 ], [ -49.5731487, -20.4011955 ] ] ] } },
{ "type": "Feature", "properties": { "linha_id": 221, "comp_m": 2.56, "ini_m": 23.8, "fim_m": 26.36, "faixa_id": 3, "classe": "1.50–3.00 m", "_coa_length_m": 2.56, "_coa_class": "1,50–3,00 m" }, "geometry": { "type": "MultiLineString", "coordinates": [ [ [ -49.5731617, -20.4011962 ], [ -49.5731638, -20.4011965 ], [ -49.5731679, -20.4011971 ], [ -49.573172, -20.4011976 ], [ -49.5731761, -20.4011981 ], [ -49.5731802, -20.4011986 ], [ -49.5731844, -20.401199 ], [ -49.573186, -20.4011992 ] ] ] } },
{ "type": "Feature", "properties": { "linha_id": 221, "comp_m": 1.04, "ini_m": 29.56, "fim_m": 30.6, "faixa_id": 2, "classe": "0.50–1.50 m", "_coa_length_m": 1.04, "_coa_class": "0,50–1,50 m" }, "geometry": { "type": "MultiLineString", "coordinates": [ [ [ -49.5732165, -20.4012021 ], [ -49.5732176, -20.4012022 ], [ -49.5732218, -20.4012026 ], [ -49.573226, -20.4012029 ], [ -49.5732265, -20.401203 ] ] ] } },
{ "type": "Feature", "properties": { "linha_id": 221, "comp_m": 4.16, "ini_m": 32.44, "fim_m": 36.6, "faixa_id": 4, "classe": "3.00–5.00 m", "_coa_length_m": 4.161, "_coa_class": "3,00–5,00 m" }, "geometry": { "type": "MultiLineString", "coordinates": [ [ [ -49.573244, -20.4012049 ], [ -49.5732466, -20.4012052 ], [ -49.5732507, -20.4012058 ], [ -49.5732548, -20.4012064 ], [ -49.5732588, -20.401207 ], [ -49.5732629, -20.4012077 ], [ -49.573267, -20.4012083 ], [ -49.573271, -20.4012088 ], [ -49.5732752, -20.4012093 ], [ -49.5732793, -20.4012097 ], [ -49.5732835, -20.40121 ] ] ] } },
{ "type": "Feature", "properties": { "linha_id": 221, "comp_m": 2.0, "ini_m": 37.24, "fim_m": 39.24, "faixa_id": 3, "classe": "1.50–3.00 m", "_coa_length_m": 2.0, "_coa_class": "1,50–3,00 m" }, "geometry": { "type": "MultiLineString", "coordinates": [ [ [ -49.5732896, -20.4012105 ], [ -49.5732919, -20.4012106 ], [ -49.5732961, -20.4012109 ], [ -49.5733003, -20.4012112 ], [ -49.5733046, -20.4012114 ], [ -49.5733087, -20.4012117 ] ] ] } },
{ "type": "Feature", "properties": { "linha_id": 221, "comp_m": 2.96, "ini_m": 41.8, "fim_m": 44.76, "faixa_id": 3, "classe": "1.50–3.00 m", "_coa_length_m": 2.96, "_coa_class": "1,50–3,00 m" }, "geometry": { "type": "MultiLineString", "coordinates": [ [ [ -49.5733331, -20.4012139 ], [ -49.5733338, -20.401214 ], [ -49.5733379, -20.4012144 ], [ -49.573342, -20.4012149 ], [ -49.5733462, -20.4012153 ], [ -49.5733503, -20.4012157 ], [ -49.5733545, -20.401216 ], [ -49.5733587, -20.4012164 ], [ -49.5733613, -20.4012166 ] ] ] } },
{ "type": "Feature", "properties": { "linha_id": 221, "comp_m": 2.24, "ini_m": 44.92, "fim_m": 47.16, "faixa_id": 3, "classe": "1.50–3.00 m", "_coa_length_m": 2.24, "_coa_class": "1,50–3,00 m" }, "geometry": { "type": "MultiLineString", "coordinates": [ [ [ -49.5733628, -20.4012167 ], [ -49.5733629, -20.4012167 ], [ -49.5733671, -20.4012171 ], [ -49.5733712, -20.4012175 ], [ -49.5733753, -20.4012181 ], [ -49.5733794, -20.4012186 ], [ -49.5733835, -20.4012191 ], [ -49.5733841, -20.4012192 ] ] ] } },
{ "type": "Feature", "properties": { "linha_id": 221, "comp_m": 0.8, "ini_m": 47.56, "fim_m": 48.36, "faixa_id": 2, "classe": "0.50–1.50 m", "_coa_length_m": 0.8, "_coa_class": "0,50–1,50 m" }, "geometry": { "type": "MultiLineString", "coordinates": [ [ [ -49.573388, -20.4012195 ], [ -49.5733918, -20.4012196 ], [ -49.5733956, -20.4012198 ] ] ] } },
{ "type": "Feature", "properties": { "linha_id": 221, "comp_m": 0.56, "ini_m": 49.64, "fim_m": 50.2, "faixa_id": 2, "classe": "0.50–1.50 m", "_coa_length_m": 0.56, "_coa_class": "0,50–1,50 m" }, "geometry": { "type": "MultiLineString", "coordinates": [ [ [ -49.5734078, -20.4012207 ], [ -49.5734084, -20.4012207 ], [ -49.5734125, -20.4012212 ], [ -49.5734132, -20.4012213 ] ] ] } },
{ "type": "Feature", "properties": { "linha_id": 221, "comp_m": 1.36, "ini_m": 52.68, "fim_m": 54.04, "faixa_id": 2, "classe": "0.50–1.50 m", "_coa_length_m": 1.36, "_coa_class": "0,50–1,50 m" }, "geometry": { "type": "MultiLineString", "coordinates": [ [ [ -49.5734368, -20.4012236 ], [ -49.5734374, -20.4012237 ], [ -49.5734416, -20.401224 ], [ -49.5734458, -20.4012242 ], [ -49.5734498, -20.4012245 ] ] ] } },
{ "type": "Feature", "properties": { "linha_id": 221, "comp_m": 1.44, "ini_m": 54.44, "fim_m": 55.88, "faixa_id": 2, "classe": "0.50–1.50 m", "_coa_length_m": 1.44, "_coa_class": "0,50–1,50 m" }, "geometry": { "type": "MultiLineString", "coordinates": [ [ [ -49.5734536, -20.4012247 ], [ -49.5734543, -20.4012247 ], [ -49.5734585, -20.401225 ], [ -49.5734626, -20.4012252 ], [ -49.5734668, -20.4012255 ], [ -49.5734674, -20.4012256 ] ] ] } },
{ "type": "Feature", "properties": { "linha_id": 221, "comp_m": 1.04, "ini_m": 133.88, "fim_m": 134.92, "faixa_id": 2, "classe": "0.50–1.50 m", "_coa_length_m": 1.04, "_coa_class": "0,50–1,50 m" }, "geometry": { "type": "MultiLineString", "coordinates": [ [ [ -49.574207, -20.4012999 ], [ -49.5742077, -20.4013 ], [ -49.57421, -20.4013002 ], [ -49.5742124, -20.4013005 ], [ -49.5742147, -20.4013008 ], [ -49.5742169, -20.401301 ] ] ] } },
{ "type": "Feature", "properties": { "linha_id": 221, "comp_m": 1.84, "ini_m": 145.24, "fim_m": 147.08, "faixa_id": 3, "classe": "1.50–3.00 m", "_coa_length_m": 1.84, "_coa_class": "1,50–3,00 m" }, "geometry": { "type": "MultiLineString", "coordinates": [ [ [ -49.574315, -20.4013126 ], [ -49.5743169, -20.4013128 ], [ -49.5743192, -20.401313 ], [ -49.5743216, -20.4013133 ], [ -49.5743239, -20.4013136 ], [ -49.5743262, -20.4013138 ], [ -49.5743286, -20.4013141 ], [ -49.5743309, -20.4013143 ], [ -49.5743325, -20.4013145 ] ] ] } },
{ "type": "Feature", "properties": { "linha_id": 222, "comp_m": 1.08, "ini_m": 0.0, "fim_m": 1.08, "faixa_id": 2, "classe": "0.50–1.50 m", "_coa_length_m": 1.08, "_coa_class": "0,50–1,50 m" }, "geometry": { "type": "MultiLineString", "coordinates": [ [ [ -49.5725509, -20.4011405 ], [ -49.572552, -20.4011403 ], [ -49.5725531, -20.4011401 ], [ -49.5725542, -20.4011399 ], [ -49.5725553, -20.4011397 ], [ -49.5725565, -20.4011395 ], [ -49.5725576, -20.4011394 ], [ -49.5725587, -20.4011392 ], [ -49.5725598, -20.4011391 ], [ -49.5725609, -20.4011389 ], [ -49.5725611, -20.4011389 ] ] ] } },
{ "type": "Feature", "properties": { "linha_id": 222, "comp_m": 1.04, "ini_m": 7.72, "fim_m": 8.76, "faixa_id": 2, "classe": "0.50–1.50 m", "_coa_length_m": 1.04, "_coa_class": "0,50–1,50 m" }, "geometry": { "type": "MultiLineString", "coordinates": [ [ [ -49.5726243, -20.4011437 ], [ -49.5726246, -20.4011438 ], [ -49.5726257, -20.4011439 ], [ -49.5726268, -20.401144 ], [ -49.5726279, -20.4011442 ], [ -49.572629, -20.4011443 ], [ -49.5726301, -20.4011445 ], [ -49.5726312, -20.4011446 ], [ -49.5726323, -20.4011447 ], [ -49.5726334, -20.4011448 ], [ -49.5726342, -20.4011449 ] ] ] } },
{ "type": "Feature", "properties": { "linha_id": 223, "comp_m": 4.92, "ini_m": 0.0, "fim_m": 4.92, "faixa_id": 4, "classe": "3.00–5.00 m", "_coa_length_m": 4.921, "_coa_class": "3,00–5,00 m" }, "geometry": { "type": "MultiLineString", "coordinates": [ [ [ -49.570395, -20.403331 ], [ -49.5704027, -20.4033314 ], [ -49.5704104, -20.4033319 ], [ -49.5704181, -20.4033326 ], [ -49.570426, -20.4033332 ], [ -49.5704339, -20.4033337 ], [ -49.5704418, -20.4033341 ], [ -49.570442, -20.4033341 ] ] ] } },
{ "type": "Feature", "properties": { "linha_id": 223, "comp_m": 0.56, "ini_m": 7.32, "fim_m": 7.88, "faixa_id": 2, "classe": "0.50–1.50 m", "_coa_length_m": 0.56, "_coa_class": "0,50–1,50 m" }, "geometry": { "type": "MultiLineString", "coordinates": [ [ [ -49.5704649, -20.4033356 ], [ -49.5704655, -20.4033357 ], [ -49.5704702, -20.4033362 ] ] ] } },
{ "type": "Feature", "properties": { "linha_id": 223, "comp_m": 1.76, "ini_m": 14.28, "fim_m": 16.04, "faixa_id": 3, "classe": "1.50–3.00 m", "_coa_length_m": 1.76, "_coa_class": "1,50–3,00 m" }, "geometry": { "type": "MultiLineString", "coordinates": [ [ [ -49.5705313, -20.4033414 ], [ -49.5705358, -20.4033421 ], [ -49.5705435, -20.4033432 ], [ -49.570548, -20.4033438 ] ] ] } },
{ "type": "Feature", "properties": { "linha_id": 223, "comp_m": 0.88, "ini_m": 32.84, "fim_m": 33.72, "faixa_id": 2, "classe": "0.50–1.50 m", "_coa_length_m": 0.88, "_coa_class": "0,50–1,50 m" }, "geometry": { "type": "MultiLineString", "coordinates": [ [ [ -49.5707079, -20.4033608 ], [ -49.5707137, -20.4033614 ], [ -49.5707163, -20.4033617 ] ] ] } },
{ "type": "Feature", "properties": { "linha_id": 223, "comp_m": 5.28, "ini_m": 38.2, "fim_m": 43.48, "faixa_id": 5, "classe": "≥ 5.00 m", "_coa_length_m": 5.281, "_coa_class": ">= 5,00 m" }, "geometry": { "type": "MultiLineString", "coordinates": [ [ [ -49.5707589, -20.4033661 ], [ -49.5707603, -20.4033663 ], [ -49.570768, -20.4033672 ], [ -49.5707757, -20.4033681 ], [ -49.5707835, -20.4033689 ], [ -49.5707914, -20.4033695 ], [ -49.5707992, -20.4033702 ], [ -49.5708071, -20.4033708 ], [ -49.5708092, -20.403371 ] ] ] } },
{ "type": "Feature", "properties": { "linha_id": 223, "comp_m": 0.88, "ini_m": 46.92, "fim_m": 47.8, "faixa_id": 2, "classe": "0.50–1.50 m", "_coa_length_m": 0.88, "_coa_class": "0,50–1,50 m" }, "geometry": { "type": "MultiLineString", "coordinates": [ [ [ -49.5708421, -20.4033738 ], [ -49.5708462, -20.4033742 ], [ -49.5708505, -20.4033746 ] ] ] } },
{ "type": "Feature", "properties": { "linha_id": 223, "comp_m": 0.88, "ini_m": 60.2, "fim_m": 61.08, "faixa_id": 2, "classe": "0.50–1.50 m", "_coa_length_m": 0.88, "_coa_class": "0,50–1,50 m" }, "geometry": { "type": "MultiLineString", "coordinates": [ [ [ -49.5709686, -20.4033868 ], [ -49.5709705, -20.403387 ], [ -49.5709769, -20.4033878 ] ] ] } },
{ "type": "Feature", "properties": { "linha_id": 223, "comp_m": 0.64, "ini_m": 66.92, "fim_m": 67.56, "faixa_id": 2, "classe": "0.50–1.50 m", "_coa_length_m": 0.64, "_coa_class": "0,50–1,50 m" }, "geometry": { "type": "MultiLineString", "coordinates": [ [ [ -49.5710326, -20.403393 ], [ -49.5710329, -20.4033931 ], [ -49.5710387, -20.4033937 ] ] ] } },
{ "type": "Feature", "properties": { "linha_id": 223, "comp_m": 2.24, "ini_m": 70.6, "fim_m": 72.84, "faixa_id": 3, "classe": "1.50–3.00 m", "_coa_length_m": 2.24, "_coa_class": "1,50–3,00 m" }, "geometry": { "type": "MultiLineString", "coordinates": [ [ [ -49.5710676, -20.4033971 ], [ -49.5710715, -20.4033976 ], [ -49.5710792, -20.4033986 ], [ -49.571087, -20.4033994 ], [ -49.5710889, -20.4033995 ] ] ] } },
{ "type": "Feature", "properties": { "linha_id": 223, "comp_m": 0.72, "ini_m": 74.84, "fim_m": 75.56, "faixa_id": 2, "classe": "0.50–1.50 m", "_coa_length_m": 0.72, "_coa_class": "0,50–1,50 m" }, "geometry": { "type": "MultiLineString", "coordinates": [ [ [ -49.571108, -20.4034008 ], [ -49.5711107, -20.403401 ], [ -49.5711149, -20.4034013 ] ] ] } },
{ "type": "Feature", "properties": { "linha_id": 223, "comp_m": 2.08, "ini_m": 80.92, "fim_m": 83.0, "faixa_id": 3, "classe": "1.50–3.00 m", "_coa_length_m": 2.08, "_coa_class": "1,50–3,00 m" }, "geometry": { "type": "MultiLineString", "coordinates": [ [ [ -49.5711644, -20.4034059 ], [ -49.571165, -20.403406 ], [ -49.5711675, -20.4034062 ], [ -49.57117, -20.4034065 ], [ -49.5711725, -20.4034068 ], [ -49.571175, -20.403407 ], [ -49.5711775, -20.4034073 ], [ -49.5711799, -20.4034075 ], [ -49.5711824, -20.4034077 ], [ -49.5711842, -20.4034079 ] ] ] } },
{ "type": "Feature", "properties": { "linha_id": 223, "comp_m": 1.12, "ini_m": 84.28, "fim_m": 85.4, "faixa_id": 2, "classe": "0.50–1.50 m", "_coa_length_m": 1.12, "_coa_class": "0,50–1,50 m" }, "geometry": { "type": "MultiLineString", "coordinates": [ [ [ -49.5711964, -20.4034091 ], [ -49.5711974, -20.4034092 ], [ -49.5711999, -20.4034095 ], [ -49.5712024, -20.4034097 ], [ -49.5712049, -20.40341 ], [ -49.5712071, -20.4034102 ] ] ] } },
{ "type": "Feature", "properties": { "linha_id": 223, "comp_m": 2.56, "ini_m": 112.2, "fim_m": 114.76, "faixa_id": 3, "classe": "1.50–3.00 m", "_coa_length_m": 2.56, "_coa_class": "1,50–3,00 m" }, "geometry": { "type": "MultiLineString", "coordinates": [ [ [ -49.5714614, -20.4034372 ], [ -49.5714621, -20.4034372 ], [ -49.5714629, -20.4034373 ], [ -49.5714637, -20.4034374 ], [ -49.5714646, -20.4034375 ], [ -49.5714654, -20.4034376 ], [ -49.5714662, -20.4034377 ], [ -49.5714671, -20.4034378 ], [ -49.5714679, -20.4034379 ], [ -49.5714687, -20.403438 ], [ -49.5714696, -20.4034381 ], [ -49.5714704, -20.4034382 ], [ -49.5714712, -20.4034383 ], [ -49.5714721, -20.4034384 ], [ -49.5714729, -20.4034385 ], [ -49.5714737, -20.4034386 ], [ -49.5714746, -20.4034387 ], [ -49.5714754, -20.4034388 ], [ -49.5714762, -20.4034388 ], [ -49.5714771, -20.4034389 ], [ -49.5714779, -20.403439 ], [ -49.5714788, -20.4034391 ], [ -49.5714796, -20.4034392 ], [ -49.5714804, -20.4034393 ], [ -49.5714813, -20.4034394 ], [ -49.5714821, -20.4034394 ], [ -49.5714829, -20.4034395 ], [ -49.5714838, -20.4034396 ], [ -49.5714846, -20.4034397 ], [ -49.5714855, -20.4034398 ], [ -49.5714857, -20.4034398 ] ] ] } },
{ "type": "Feature", "properties": { "linha_id": 223, "comp_m": 0.56, "ini_m": 117.48, "fim_m": 118.04, "faixa_id": 2, "classe": "0.50–1.50 m", "_coa_length_m": 0.56, "_coa_class": "0,50–1,50 m" }, "geometry": { "type": "MultiLineString", "coordinates": [ [ [ -49.5715116, -20.4034418 ], [ -49.5715123, -20.4034419 ], [ -49.5715131, -20.4034419 ], [ -49.571514, -20.403442 ], [ -49.5715149, -20.4034421 ], [ -49.5715157, -20.4034422 ], [ -49.5715166, -20.4034422 ], [ -49.571517, -20.4034422 ] ] ] } },
{ "type": "Feature", "properties": { "linha_id": 223, "comp_m": 0.64, "ini_m": 173.96, "fim_m": 174.6, "faixa_id": 2, "classe": "0.50–1.50 m", "_coa_length_m": 0.64, "_coa_class": "0,50–1,50 m" }, "geometry": { "type": "MultiLineString", "coordinates": [ [ [ -49.5720486, -20.4034978 ], [ -49.5720526, -20.4034985 ], [ -49.5720547, -20.4034987 ] ] ] } },
{ "type": "Feature", "properties": { "linha_id": 223, "comp_m": 0.8, "ini_m": 192.2, "fim_m": 193.0, "faixa_id": 2, "classe": "0.50–1.50 m", "_coa_length_m": 0.8, "_coa_class": "0,50–1,50 m" }, "geometry": { "type": "MultiLineString", "coordinates": [ [ [ -49.5722217, -20.4035129 ], [ -49.5722219, -20.4035129 ], [ -49.5722228, -20.4035131 ], [ -49.5722238, -20.4035133 ], [ -49.5722248, -20.4035135 ], [ -49.5722257, -20.4035137 ], [ -49.5722266, -20.4035138 ], [ -49.5722272, -20.4035139 ], [ -49.5722279, -20.403514 ], [ -49.5722285, -20.4035141 ], [ -49.5722291, -20.4035142 ], [ -49.5722292, -20.4035142 ] ] ] } },
{ "type": "Feature", "properties": { "linha_id": 224, "comp_m": 0.96, "ini_m": 0.84, "fim_m": 1.8, "faixa_id": 2, "classe": "0.50–1.50 m", "_coa_length_m": 0.96, "_coa_class": "0,50–1,50 m" }, "geometry": { "type": "MultiLineString", "coordinates": [ [ [ -49.5704587, -20.4010035 ], [ -49.5704589, -20.4010035 ], [ -49.5704597, -20.4010035 ], [ -49.5704604, -20.4010035 ], [ -49.5704611, -20.4010036 ], [ -49.5704619, -20.4010036 ], [ -49.5704626, -20.4010036 ], [ -49.5704634, -20.4010037 ], [ -49.5704641, -20.4010037 ], [ -49.5704649, -20.4010038 ], [ -49.5704656, -20.4010038 ], [ -49.5704664, -20.4010039 ], [ -49.5704671, -20.4010039 ], [ -49.5704679, -20.4010039 ], [ -49.5704679, -20.4010039 ] ] ] } },
{ "type": "Feature", "properties": { "linha_id": 224, "comp_m": 0.56, "ini_m": 46.92, "fim_m": 47.48, "faixa_id": 2, "classe": "0.50–1.50 m", "_coa_length_m": 0.56, "_coa_class": "0,50–1,50 m" }, "geometry": { "type": "MultiLineString", "coordinates": [ [ [ -49.5708973, -20.4010486 ], [ -49.5709026, -20.4010491 ] ] ] } },
{ "type": "Feature", "properties": { "linha_id": 224, "comp_m": 1.52, "ini_m": 49.0, "fim_m": 50.52, "faixa_id": 3, "classe": "1.50–3.00 m", "_coa_length_m": 1.52, "_coa_class": "1,50–3,00 m" }, "geometry": { "type": "MultiLineString", "coordinates": [ [ [ -49.5709171, -20.4010505 ], [ -49.5709188, -20.4010506 ], [ -49.5709263, -20.4010512 ], [ -49.5709316, -20.4010517 ] ] ] } },
{ "type": "Feature", "properties": { "linha_id": 224, "comp_m": 11.92, "ini_m": 53.16, "fim_m": 65.08, "faixa_id": 5, "classe": "≥ 5.00 m", "_coa_length_m": 11.921, "_coa_class": ">= 5,00 m" }, "geometry": { "type": "MultiLineString", "coordinates": [ [ [ -49.5709568, -20.4010536 ], [ -49.570964, -20.4010543 ], [ -49.5709714, -20.4010552 ], [ -49.5709788, -20.4010561 ], [ -49.5709862, -20.401057 ], [ -49.5709936, -20.4010577 ], [ -49.5710011, -20.4010585 ], [ -49.5710086, -20.4010592 ], [ -49.5710161, -20.40106 ], [ -49.5710235, -20.4010608 ], [ -49.5710309, -20.4010617 ], [ -49.5710383, -20.4010627 ], [ -49.5710457, -20.4010636 ], [ -49.5710531, -20.4010645 ], [ -49.5710606, -20.4010651 ], [ -49.5710682, -20.4010657 ], [ -49.5710703, -20.4010659 ] ] ] } },
{ "type": "Feature", "properties": { "linha_id": 224, "comp_m": 1.76, "ini_m": 65.96, "fim_m": 67.72, "faixa_id": 3, "classe": "1.50–3.00 m", "_coa_length_m": 1.76, "_coa_class": "1,50–3,00 m" }, "geometry": { "type": "MultiLineString", "coordinates": [ [ [ -49.5710787, -20.4010666 ], [ -49.5710832, -20.401067 ], [ -49.5710906, -20.4010678 ], [ -49.5710954, -20.4010684 ] ] ] } },
{ "type": "Feature", "properties": { "linha_id": 224, "comp_m": 3.76, "ini_m": 68.52, "fim_m": 72.28, "faixa_id": 4, "classe": "3.00–5.00 m", "_coa_length_m": 3.76, "_coa_class": "3,00–5,00 m" }, "geometry": { "type": "MultiLineString", "coordinates": [ [ [ -49.571103, -20.4010694 ], [ -49.5711054, -20.4010696 ], [ -49.5711129, -20.4010705 ], [ -49.5711204, -20.4010712 ], [ -49.5711279, -20.4010716 ], [ -49.5711355, -20.401072 ], [ -49.5711389, -20.4010721 ] ] ] } },
{ "type": "Feature", "properties": { "linha_id": 224, "comp_m": 3.44, "ini_m": 72.92, "fim_m": 76.36, "faixa_id": 4, "classe": "3.00–5.00 m", "_coa_length_m": 3.44, "_coa_class": "3,00–5,00 m" }, "geometry": { "type": "MultiLineString", "coordinates": [ [ [ -49.5711451, -20.4010724 ], [ -49.5711507, -20.4010728 ], [ -49.5711582, -20.4010735 ], [ -49.5711656, -20.4010743 ], [ -49.571173, -20.4010753 ], [ -49.5711778, -20.401076 ] ] ] } },
{ "type": "Feature", "properties": { "linha_id": 224, "comp_m": 1.2, "ini_m": 78.04, "fim_m": 79.24, "faixa_id": 2, "classe": "0.50–1.50 m", "_coa_length_m": 1.2, "_coa_class": "0,50–1,50 m" }, "geometry": { "type": "MultiLineString", "coordinates": [ [ [ -49.5711937, -20.4010781 ], [ -49.5711951, -20.4010783 ], [ -49.5712026, -20.401079 ], [ -49.5712052, -20.4010793 ] ] ] } },
{ "type": "Feature", "properties": { "linha_id": 224, "comp_m": 2.56, "ini_m": 80.04, "fim_m": 82.6, "faixa_id": 3, "classe": "1.50–3.00 m", "_coa_length_m": 2.56, "_coa_class": "1,50–3,00 m" }, "geometry": { "type": "MultiLineString", "coordinates": [ [ [ -49.5712128, -20.4010801 ], [ -49.5712175, -20.4010806 ], [ -49.5712248, -20.4010816 ], [ -49.5712322, -20.4010826 ], [ -49.5712371, -20.4010833 ] ] ] } },
{ "type": "Feature", "properties": { "linha_id": 224, "comp_m": 2.24, "ini_m": 84.04, "fim_m": 86.28, "faixa_id": 3, "classe": "1.50–3.00 m", "_coa_length_m": 2.24, "_coa_class": "1,50–3,00 m" }, "geometry": { "type": "MultiLineString", "coordinates": [ [ [ -49.5712507, -20.401085 ], [ -49.5712544, -20.4010854 ], [ -49.5712618, -20.4010861 ], [ -49.5712613, -20.401087 ], [ -49.5712648, -20.4010873 ], [ -49.5712683, -20.4010876 ], [ -49.5712705, -20.4010878 ] ] ] } },
{ "type": "Feature", "properties": { "linha_id": 224, "comp_m": 2.48, "ini_m": 92.2, "fim_m": 94.68, "faixa_id": 3, "classe": "1.50–3.00 m", "_coa_length_m": 2.48, "_coa_class": "1,50–3,00 m" }, "geometry": { "type": "MultiLineString", "coordinates": [ [ [ -49.5713271, -20.4010923 ], [ -49.5713276, -20.4010923 ], [ -49.5713311, -20.4010926 ], [ -49.5713346, -20.4010929 ], [ -49.571338, -20.4010932 ], [ -49.5713415, -20.4010935 ], [ -49.571345, -20.4010938 ], [ -49.5713485, -20.4010941 ], [ -49.5713507, -20.4010943 ] ] ] } },
{ "type": "Feature", "properties": { "linha_id": 224, "comp_m": 0.8, "ini_m": 97.4, "fim_m": 98.2, "faixa_id": 2, "classe": "0.50–1.50 m", "_coa_length_m": 0.8, "_coa_class": "0,50–1,50 m" }, "geometry": { "type": "MultiLineString", "coordinates": [ [ [ -49.5713766, -20.4010969 ], [ -49.5713795, -20.4010972 ], [ -49.571383, -20.4010976 ], [ -49.5713843, -20.4010977 ] ] ] } },
{ "type": "Feature", "properties": { "linha_id": 224, "comp_m": 1.04, "ini_m": 99.72, "fim_m": 100.76, "faixa_id": 2, "classe": "0.50–1.50 m", "_coa_length_m": 1.04, "_coa_class": "0,50–1,50 m" }, "geometry": { "type": "MultiLineString", "coordinates": [ [ [ -49.5713987, -20.4010993 ], [ -49.5714002, -20.4010995 ], [ -49.5714037, -20.4010998 ], [ -49.5714071, -20.4011002 ], [ -49.5714086, -20.4011004 ] ] ] } },
{ "type": "Feature", "properties": { "linha_id": 224, "comp_m": 0.56, "ini_m": 108.92, "fim_m": 109.48, "faixa_id": 2, "classe": "0.50–1.50 m", "_coa_length_m": 0.56, "_coa_class": "0,50–1,50 m" }, "geometry": { "type": "MultiLineString", "coordinates": [ [ [ -49.5714864, -20.4011084 ], [ -49.5714867, -20.4011084 ], [ -49.5714901, -20.4011088 ], [ -49.5714917, -20.4011089 ] ] ] } },
{ "type": "Feature", "properties": { "linha_id": 224, "comp_m": 0.881, "ini_m": 120.44, "fim_m": 121.321, "faixa_id": 2, "classe": "0.50–1.50 m", "_coa_length_m": 0.881, "_coa_class": "0,50–1,50 m" }, "geometry": { "type": "MultiLineString", "coordinates": [ [ [ -49.5715961, -20.4011193 ], [ -49.5715975, -20.4011194 ], [ -49.571601, -20.4011196 ], [ -49.5716045, -20.4011198 ] ] ] } },
{ "type": "Feature", "properties": { "linha_id": 225, "comp_m": 0.76, "ini_m": 0.0, "fim_m": 0.76, "faixa_id": 2, "classe": "0.50–1.50 m", "_coa_length_m": 0.76, "_coa_class": "0,50–1,50 m" }, "geometry": { "type": "MultiLineString", "coordinates": [ [ [ -49.5704455, -20.4010177 ], [ -49.5704463, -20.4010176 ], [ -49.5704471, -20.4010175 ], [ -49.570448, -20.4010174 ], [ -49.5704488, -20.4010173 ], [ -49.5704496, -20.4010172 ], [ -49.5704504, -20.4010171 ], [ -49.5704512, -20.4010171 ], [ -49.570452, -20.401017 ], [ -49.5704528, -20.401017 ] ] ] } },
{ "type": "Feature", "properties": { "linha_id": 225, "comp_m": 0.64, "ini_m": 4.68, "fim_m": 5.32, "faixa_id": 2, "classe": "0.50–1.50 m", "_coa_length_m": 0.64, "_coa_class": "0,50–1,50 m" }, "geometry": { "type": "MultiLineString", "coordinates": [ [ [ -49.5704901, -20.40102 ], [ -49.5704905, -20.40102 ], [ -49.5704912, -20.4010201 ], [ -49.570492, -20.4010202 ], [ -49.5704928, -20.4010203 ], [ -49.5704936, -20.4010204 ], [ -49.5704944, -20.4010205 ], [ -49.5704952, -20.4010206 ], [ -49.5704959, -20.4010207 ], [ -49.5704962, -20.4010208 ] ] ] } },
{ "type": "Feature", "properties": { "linha_id": 225, "comp_m": 0.8, "ini_m": 7.88, "fim_m": 8.68, "faixa_id": 2, "classe": "0.50–1.50 m", "_coa_length_m": 0.8, "_coa_class": "0,50–1,50 m" }, "geometry": { "type": "MultiLineString", "coordinates": [ [ [ -49.5705206, -20.401022 ], [ -49.5705208, -20.401022 ], [ -49.5705216, -20.4010219 ], [ -49.5705224, -20.4010219 ], [ -49.5705233, -20.4010218 ], [ -49.5705241, -20.4010218 ], [ -49.5705239, -20.4010225 ], [ -49.5705247, -20.4010226 ], [ -49.5705255, -20.4010227 ], [ -49.5705263, -20.4010228 ], [ -49.5705271, -20.401023 ], [ -49.5705272, -20.401023 ] ] ] } },
{ "type": "Feature", "properties": { "linha_id": 225, "comp_m": 0.96, "ini_m": 31.72, "fim_m": 32.68, "faixa_id": 2, "classe": "0.50–1.50 m", "_coa_length_m": 0.96, "_coa_class": "0,50–1,50 m" }, "geometry": { "type": "MultiLineString", "coordinates": [ [ [ -49.5707465, -20.4010458 ], [ -49.5707511, -20.4010463 ], [ -49.5707557, -20.4010468 ] ] ] } },
{ "type": "Feature", "properties": { "linha_id": 225, "comp_m": 0.64, "ini_m": 84.68, "fim_m": 85.32, "faixa_id": 2, "classe": "0.50–1.50 m", "_coa_length_m": 0.64, "_coa_class": "0,50–1,50 m" }, "geometry": { "type": "MultiLineString", "coordinates": [ [ [ -49.571251, -20.4010969 ], [ -49.5712547, -20.4010974 ], [ -49.5712571, -20.4010976 ] ] ] } },
{ "type": "Feature", "properties": { "linha_id": 226, "comp_m": 0.56, "ini_m": 3.96, "fim_m": 4.52, "faixa_id": 2, "classe": "0.50–1.50 m", "_coa_length_m": 0.56, "_coa_class": "0,50–1,50 m" }, "geometry": { "type": "MultiLineString", "coordinates": [ [ [ -49.5704882, -20.4009932 ], [ -49.570491, -20.4009935 ], [ -49.5704935, -20.4009937 ] ] ] } },
{ "type": "Feature", "properties": { "linha_id": 226, "comp_m": 0.56, "ini_m": 33.48, "fim_m": 34.04, "faixa_id": 2, "classe": "0.50–1.50 m", "_coa_length_m": 0.56, "_coa_class": "0,50–1,50 m" }, "geometry": { "type": "MultiLineString", "coordinates": [ [ [ -49.5707694, -20.4010213 ], [ -49.5707712, -20.4010215 ], [ -49.5707748, -20.4010218 ] ] ] } },
{ "type": "Feature", "properties": { "linha_id": 226, "comp_m": 5.52, "ini_m": 45.72, "fim_m": 51.24, "faixa_id": 5, "classe": "≥ 5.00 m", "_coa_length_m": 5.521, "_coa_class": ">= 5,00 m" }, "geometry": { "type": "MultiLineString", "coordinates": [ [ [ -49.5708859, -20.4010337 ], [ -49.570891, -20.4010343 ], [ -49.5708967, -20.4010349 ], [ -49.5709024, -20.4010355 ], [ -49.5709081, -20.4010361 ], [ -49.5709138, -20.4010366 ], [ -49.5709195, -20.4010372 ], [ -49.5709253, -20.4010377 ], [ -49.570931, -20.4010383 ], [ -49.5709367, -20.4010388 ], [ -49.5709385, -20.401039 ] ] ] } },
{ "type": "Feature", "properties": { "linha_id": 226, "comp_m": 4.24, "ini_m": 51.96, "fim_m": 56.2, "faixa_id": 4, "classe": "3.00–5.00 m", "_coa_length_m": 4.241, "_coa_class": "3,00–5,00 m" }, "geometry": { "type": "MultiLineString", "coordinates": [ [ [ -49.5709454, -20.4010396 ], [ -49.5709482, -20.4010399 ], [ -49.5709539, -20.4010404 ], [ -49.5709596, -20.401041 ], [ -49.5709651, -20.4010417 ], [ -49.5709707, -20.4010424 ], [ -49.5709762, -20.4010431 ], [ -49.5709818, -20.4010437 ], [ -49.5709858, -20.4010439 ] ] ] } },
{ "type": "Feature", "properties": { "linha_id": 226, "comp_m": 1.52, "ini_m": 57.0, "fim_m": 58.52, "faixa_id": 3, "classe": "1.50–3.00 m", "_coa_length_m": 1.52, "_coa_class": "1,50–3,00 m" }, "geometry": { "type": "MultiLineString", "coordinates": [ [ [ -49.5709934, -20.4010445 ], [ -49.5709989, -20.4010451 ], [ -49.5710045, -20.401046 ], [ -49.5710078, -20.4010465 ] ] ] } },
{ "type": "Feature", "properties": { "linha_id": 226, "comp_m": 3.84, "ini_m": 60.2, "fim_m": 64.04, "faixa_id": 4, "classe": "3.00–5.00 m", "_coa_length_m": 3.84, "_coa_class": "3,00–5,00 m" }, "geometry": { "type": "MultiLineString", "coordinates": [ [ [ -49.5710237, -20.4010479 ], [ -49.5710258, -20.4010481 ], [ -49.5710291, -20.4010484 ], [ -49.5710324, -20.4010488 ], [ -49.5710357, -20.4010491 ], [ -49.571039, -20.4010495 ], [ -49.5710423, -20.4010498 ], [ -49.5710456, -20.4010502 ], [ -49.5710489, -20.4010505 ], [ -49.5710522, -20.4010508 ], [ -49.5710556, -20.4010512 ], [ -49.5710589, -20.4010515 ], [ -49.5710603, -20.4010516 ] ] ] } },
{ "type": "Feature", "properties": { "linha_id": 226, "comp_m": 0.8, "ini_m": 72.76, "fim_m": 73.56, "faixa_id": 2, "classe": "0.50–1.50 m", "_coa_length_m": 0.8, "_coa_class": "0,50–1,50 m" }, "geometry": { "type": "MultiLineString", "coordinates": [ [ [ -49.5711434, -20.4010601 ], [ -49.5711451, -20.4010603 ], [ -49.5711484, -20.4010607 ], [ -49.571151, -20.4010609 ] ] ] } },
{ "type": "Feature", "properties": { "linha_id": 226, "comp_m": 3.12, "ini_m": 75.72, "fim_m": 78.84, "faixa_id": 4, "classe": "3.00–5.00 m", "_coa_length_m": 3.12, "_coa_class": "3,00–5,00 m" }, "geometry": { "type": "MultiLineString", "coordinates": [ [ [ -49.5711715, -20.4010633 ], [ -49.5711748, -20.4010637 ], [ -49.5711781, -20.401064 ], [ -49.5711814, -20.4010644 ], [ -49.5711846, -20.4010648 ], [ -49.5711879, -20.4010652 ], [ -49.5711912, -20.4010656 ], [ -49.5711945, -20.401066 ], [ -49.5711978, -20.4010664 ], [ -49.5712011, -20.4010668 ], [ -49.5712012, -20.4010668 ] ] ] } },
{ "type": "Feature", "properties": { "linha_id": 226, "comp_m": 2.64, "ini_m": 79.88, "fim_m": 82.52, "faixa_id": 3, "classe": "1.50–3.00 m", "_coa_length_m": 2.64, "_coa_class": "1,50–3,00 m" }, "geometry": { "type": "MultiLineString", "coordinates": [ [ [ -49.5712111, -20.4010679 ], [ -49.5712143, -20.4010682 ], [ -49.5712176, -20.4010686 ], [ -49.5712209, -20.4010689 ], [ -49.5712242, -20.4010691 ], [ -49.5712275, -20.4010694 ], [ -49.5712309, -20.4010697 ], [ -49.5712342, -20.40107 ], [ -49.5712363, -20.4010702 ] ] ] } },
{ "type": "Feature", "properties": { "linha_id": 226, "comp_m": 2.0, "ini_m": 83.56, "fim_m": 85.56, "faixa_id": 3, "classe": "1.50–3.00 m", "_coa_length_m": 2.0, "_coa_class": "1,50–3,00 m" }, "geometry": { "type": "MultiLineString", "coordinates": [ [ [ -49.5712462, -20.4010712 ], [ -49.5712474, -20.4010714 ], [ -49.5712507, -20.4010718 ], [ -49.571254, -20.4010722 ], [ -49.5712573, -20.4010726 ], [ -49.5712605, -20.4010731 ], [ -49.5712638, -20.4010735 ], [ -49.5712651, -20.4010736 ] ] ] } },
{ "type": "Feature", "properties": { "linha_id": 226, "comp_m": 0.56, "ini_m": 87.88, "fim_m": 88.44, "faixa_id": 2, "classe": "0.50–1.50 m", "_coa_length_m": 0.56, "_coa_class": "0,50–1,50 m" }, "geometry": { "type": "MultiLineString", "coordinates": [ [ [ -49.5712873, -20.4010758 ], [ -49.5712905, -20.401076 ], [ -49.5712926, -20.4010761 ] ] ] } },
{ "type": "Feature", "properties": { "linha_id": 226, "comp_m": 0.8, "ini_m": 91.64, "fim_m": 92.44, "faixa_id": 2, "classe": "0.50–1.50 m", "_coa_length_m": 0.8, "_coa_class": "0,50–1,50 m" }, "geometry": { "type": "MultiLineString", "coordinates": [ [ [ -49.5713231, -20.4010793 ], [ -49.5713236, -20.4010794 ], [ -49.5713269, -20.4010798 ], [ -49.5713302, -20.4010802 ], [ -49.5713307, -20.4010802 ] ] ] } },
{ "type": "Feature", "properties": { "linha_id": 226, "comp_m": 1.12, "ini_m": 93.96, "fim_m": 95.08, "faixa_id": 2, "classe": "0.50–1.50 m", "_coa_length_m": 1.12, "_coa_class": "0,50–1,50 m" }, "geometry": { "type": "MultiLineString", "coordinates": [ [ [ -49.5713444, -20.4010814 ], [ -49.5713459, -20.4010816 ], [ -49.5713485, -20.4010819 ], [ -49.5713511, -20.4010821 ], [ -49.5713537, -20.4010824 ], [ -49.571355, -20.4010825 ] ] ] } },
{ "type": "Feature", "properties": { "linha_id": 226, "comp_m": 0.799, "ini_m": 119.88, "fim_m": 120.679, "faixa_id": 2, "classe": "0.50–1.50 m", "_coa_length_m": 0.799, "_coa_class": "0,50–1,50 m" }, "geometry": { "type": "MultiLineString", "coordinates": [ [ [ -49.5715914, -20.4011056 ], [ -49.5715938, -20.4011058 ], [ -49.5715964, -20.4011061 ], [ -49.571599, -20.4011063 ] ] ] } },
{ "type": "Feature", "properties": { "linha_id": 227, "comp_m": 2.56, "ini_m": 44.76, "fim_m": 47.32, "faixa_id": 3, "classe": "1.50–3.00 m", "_coa_length_m": 2.56, "_coa_class": "1,50–3,00 m" }, "geometry": { "type": "MultiLineString", "coordinates": [ [ [ -49.5708774, -20.4010199 ], [ -49.5708851, -20.401021 ], [ -49.5708943, -20.4010219 ], [ -49.5709018, -20.401022 ] ] ] } },
{ "type": "Feature", "properties": { "linha_id": 227, "comp_m": 1.84, "ini_m": 52.52, "fim_m": 54.36, "faixa_id": 3, "classe": "1.50–3.00 m", "_coa_length_m": 1.84, "_coa_class": "1,50–3,00 m" }, "geometry": { "type": "MultiLineString", "coordinates": [ [ [ -49.5709514, -20.401026 ], [ -49.5709588, -20.401027 ], [ -49.5709681, -20.4010271 ], [ -49.5709689, -20.4010271 ] ] ] } },
{ "type": "Feature", "properties": { "linha_id": 227, "comp_m": 4.48, "ini_m": 55.96, "fim_m": 60.44, "faixa_id": 4, "classe": "3.00–5.00 m", "_coa_length_m": 4.481, "_coa_class": "3,00–5,00 m" }, "geometry": { "type": "MultiLineString", "coordinates": [ [ [ -49.5709841, -20.4010288 ], [ -49.570986, -20.4010292 ], [ -49.5709942, -20.4010322 ], [ -49.5710029, -20.4010343 ], [ -49.5710121, -20.4010348 ], [ -49.5710217, -20.4010343 ], [ -49.571026, -20.4010341 ] ] ] } },
{ "type": "Feature", "properties": { "linha_id": 227, "comp_m": 1.44, "ini_m": 72.68, "fim_m": 74.12, "faixa_id": 2, "classe": "0.50–1.50 m", "_coa_length_m": 1.44, "_coa_class": "0,50–1,50 m" }, "geometry": { "type": "MultiLineString", "coordinates": [ [ [ -49.5711424, -20.401047 ], [ -49.5711492, -20.4010476 ], [ -49.5711561, -20.4010482 ] ] ] } },
{ "type": "Feature", "properties": { "linha_id": 227, "comp_m": 0.88, "ini_m": 80.68, "fim_m": 81.56, "faixa_id": 2, "classe": "0.50–1.50 m", "_coa_length_m": 0.88, "_coa_class": "0,50–1,50 m" }, "geometry": { "type": "MultiLineString", "coordinates": [ [ [ -49.5712187, -20.4010537 ], [ -49.5712229, -20.4010539 ], [ -49.5712271, -20.4010541 ] ] ] } },
{ "type": "Feature", "properties": { "linha_id": 227, "comp_m": 1.76, "ini_m": 85.64, "fim_m": 87.4, "faixa_id": 3, "classe": "1.50–3.00 m", "_coa_length_m": 1.76, "_coa_class": "1,50–3,00 m" }, "geometry": { "type": "MultiLineString", "coordinates": [ [ [ -49.5712658, -20.4010586 ], [ -49.5712684, -20.4010593 ], [ -49.5712774, -20.4010605 ], [ -49.5712825, -20.4010607 ] ] ] } },
{ "type": "Feature", "properties": { "linha_id": 227, "comp_m": 3.6, "ini_m": 89.96, "fim_m": 93.56, "faixa_id": 4, "classe": "3.00–5.00 m", "_coa_length_m": 3.6, "_coa_class": "3,00–5,00 m" }, "geometry": { "type": "MultiLineString", "coordinates": [ [ [ -49.5713069, -20.4010626 ], [ -49.5713141, -20.4010637 ], [ -49.571323, -20.4010652 ], [ -49.5713319, -20.4010666 ], [ -49.5713409, -20.4010678 ] ] ] } },
{ "type": "Feature", "properties": { "linha_id": 227, "comp_m": 1.28, "ini_m": 95.88, "fim_m": 97.16, "faixa_id": 2, "classe": "0.50–1.50 m", "_coa_length_m": 1.28, "_coa_class": "0,50–1,50 m" }, "geometry": { "type": "MultiLineString", "coordinates": [ [ [ -49.5713631, -20.4010691 ], [ -49.5713689, -20.4010696 ], [ -49.5713752, -20.4010709 ] ] ] } },
{ "type": "Feature", "properties": { "linha_id": 227, "comp_m": 3.04, "ini_m": 98.36, "fim_m": 101.4, "faixa_id": 4, "classe": "3.00–5.00 m", "_coa_length_m": 3.04, "_coa_class": "3,00–5,00 m" }, "geometry": { "type": "MultiLineString", "coordinates": [ [ [ -49.5713866, -20.4010725 ], [ -49.5713867, -20.4010726 ], [ -49.5713957, -20.4010738 ], [ -49.5714048, -20.401075 ], [ -49.5714142, -20.4010752 ], [ -49.5714155, -20.4010752 ] ] ] } },
{ "type": "Feature", "properties": { "linha_id": 227, "comp_m": 3.2, "ini_m": 104.44, "fim_m": 107.64, "faixa_id": 4, "classe": "3.00–5.00 m", "_coa_length_m": 3.2, "_coa_class": "3,00–5,00 m" }, "geometry": { "type": "MultiLineString", "coordinates": [ [ [ -49.5714445, -20.4010772 ], [ -49.571451, -20.4010781 ], [ -49.5714601, -20.4010792 ], [ -49.5714694, -20.4010799 ], [ -49.571475, -20.4010802 ] ] ] } },
{ "type": "Feature", "properties": { "linha_id": 227, "comp_m": 0.72, "ini_m": 112.04, "fim_m": 112.76, "faixa_id": 2, "classe": "0.50–1.50 m", "_coa_length_m": 0.72, "_coa_class": "0,50–1,50 m" }, "geometry": { "type": "MultiLineString", "coordinates": [ [ [ -49.571517, -20.4010835 ], [ -49.5715239, -20.4010842 ] ] ] } },
{ "type": "Feature", "properties": { "linha_id": 227, "comp_m": 1.44, "ini_m": 113.72, "fim_m": 115.16, "faixa_id": 2, "classe": "0.50–1.50 m", "_coa_length_m": 1.44, "_coa_class": "0,50–1,50 m" }, "geometry": { "type": "MultiLineString", "coordinates": [ [ [ -49.571533, -20.4010852 ], [ -49.571534, -20.4010853 ], [ -49.5715431, -20.4010864 ], [ -49.5715467, -20.4010869 ] ] ] } },
{ "type": "Feature", "properties": { "linha_id": 227, "comp_m": 1.28, "ini_m": 115.88, "fim_m": 117.16, "faixa_id": 2, "classe": "0.50–1.50 m", "_coa_length_m": 1.28, "_coa_class": "0,50–1,50 m" }, "geometry": { "type": "MultiLineString", "coordinates": [ [ [ -49.5715535, -20.4010877 ], [ -49.5715612, -20.4010887 ], [ -49.5715657, -20.4010892 ] ] ] } },
{ "type": "Feature", "properties": { "linha_id": 227, "comp_m": 0.552, "ini_m": 119.96, "fim_m": 120.512, "faixa_id": 2, "classe": "0.50–1.50 m", "_coa_length_m": 0.553, "_coa_class": "0,50–1,50 m" }, "geometry": { "type": "MultiLineString", "coordinates": [ [ [ -49.5715923, -20.4010921 ], [ -49.5715975, -20.4010931 ] ] ] } },
{ "type": "Feature", "properties": { "linha_id": 228, "comp_m": 1.84, "ini_m": 0.76, "fim_m": 2.6, "faixa_id": 3, "classe": "1.50–3.00 m", "_coa_length_m": 1.84, "_coa_class": "1,50–3,00 m" }, "geometry": { "type": "MultiLineString", "coordinates": [ [ [ -49.5704803, -20.4009656 ], [ -49.5704979, -20.4009671 ] ] ] } },
{ "type": "Feature", "properties": { "linha_id": 228, "comp_m": 0.96, "ini_m": 3.08, "fim_m": 4.04, "faixa_id": 2, "classe": "0.50–1.50 m", "_coa_length_m": 0.96, "_coa_class": "0,50–1,50 m" }, "geometry": { "type": "MultiLineString", "coordinates": [ [ [ -49.5705024, -20.4009675 ], [ -49.5705097, -20.4009681 ], [ -49.5705116, -20.4009683 ] ] ] } },
{ "type": "Feature", "properties": { "linha_id": 228, "comp_m": 2.0, "ini_m": 41.08, "fim_m": 43.08, "faixa_id": 3, "classe": "1.50–3.00 m", "_coa_length_m": 2.0, "_coa_class": "1,50–3,00 m" }, "geometry": { "type": "MultiLineString", "coordinates": [ [ [ -49.5708643, -20.4010049 ], [ -49.5708647, -20.401005 ], [ -49.5708689, -20.4010055 ], [ -49.5708732, -20.4010061 ], [ -49.5708775, -20.4010066 ], [ -49.5708818, -20.4010071 ], [ -49.5708833, -20.4010073 ] ] ] } },
{ "type": "Feature", "properties": { "linha_id": 228, "comp_m": 4.48, "ini_m": 45.32, "fim_m": 49.8, "faixa_id": 4, "classe": "3.00–5.00 m", "_coa_length_m": 4.481, "_coa_class": "3,00–5,00 m" }, "geometry": { "type": "MultiLineString", "coordinates": [ [ [ -49.5709047, -20.4010094 ], [ -49.5709077, -20.4010096 ], [ -49.5709121, -20.4010098 ], [ -49.5709165, -20.4010099 ], [ -49.5709209, -20.40101 ], [ -49.5709254, -20.4010099 ], [ -49.5709298, -20.4010098 ], [ -49.5709343, -20.4010095 ], [ -49.5709336, -20.4010113 ], [ -49.5709347, -20.4010114 ], [ -49.5709357, -20.4010116 ], [ -49.5709368, -20.4010117 ], [ -49.5709379, -20.4010118 ], [ -49.570939, -20.401012 ], [ -49.57094, -20.4010121 ], [ -49.5709411, -20.4010123 ], [ -49.5709422, -20.4010124 ], [ -49.5709433, -20.4010126 ], [ -49.5709443, -20.4010127 ], [ -49.5709447, -20.4010128 ] ] ] } },
{ "type": "Feature", "properties": { "linha_id": 228, "comp_m": 0.72, "ini_m": 55.56, "fim_m": 56.28, "faixa_id": 2, "classe": "0.50–1.50 m", "_coa_length_m": 0.72, "_coa_class": "0,50–1,50 m" }, "geometry": { "type": "MultiLineString", "coordinates": [ [ [ -49.5709993, -20.4010204 ], [ -49.5709999, -20.4010205 ], [ -49.571001, -20.4010206 ], [ -49.5710021, -20.4010207 ], [ -49.5710032, -20.4010208 ], [ -49.5710043, -20.4010209 ], [ -49.5710054, -20.401021 ], [ -49.5710061, -20.401021 ] ] ] } },
{ "type": "Feature", "properties": { "linha_id": 228, "comp_m": 1.36, "ini_m": 58.68, "fim_m": 60.04, "faixa_id": 2, "classe": "0.50–1.50 m", "_coa_length_m": 1.36, "_coa_class": "0,50–1,50 m" }, "geometry": { "type": "MultiLineString", "coordinates": [ [ [ -49.5710291, -20.4010218 ], [ -49.5710299, -20.4010218 ], [ -49.571031, -20.4010218 ], [ -49.5710321, -20.4010217 ], [ -49.5710332, -20.4010217 ], [ -49.5710343, -20.4010216 ], [ -49.5710355, -20.4010216 ], [ -49.5710366, -20.4010215 ], [ -49.5710377, -20.4010215 ], [ -49.5710388, -20.4010214 ], [ -49.57104, -20.4010213 ], [ -49.5710411, -20.4010212 ], [ -49.5710421, -20.4010211 ] ] ] } },
{ "type": "Feature", "properties": { "linha_id": 228, "comp_m": 1.36, "ini_m": 77.88, "fim_m": 79.24, "faixa_id": 2, "classe": "0.50–1.50 m", "_coa_length_m": 1.36, "_coa_class": "0,50–1,50 m" }, "geometry": { "type": "MultiLineString", "coordinates": [ [ [ -49.5712109, -20.4010412 ], [ -49.5712124, -20.4010414 ], [ -49.5712145, -20.4010416 ], [ -49.5712166, -20.4010418 ], [ -49.5712188, -20.4010421 ], [ -49.5712209, -20.4010423 ], [ -49.5712231, -20.4010425 ], [ -49.5712239, -20.4010426 ] ] ] } },
{ "type": "Feature", "properties": { "linha_id": 228, "comp_m": 0.8, "ini_m": 79.96, "fim_m": 80.76, "faixa_id": 2, "classe": "0.50–1.50 m", "_coa_length_m": 0.8, "_coa_class": "0,50–1,50 m" }, "geometry": { "type": "MultiLineString", "coordinates": [ [ [ -49.5712307, -20.4010434 ], [ -49.5712316, -20.4010435 ], [ -49.5712338, -20.4010437 ], [ -49.5712359, -20.4010439 ], [ -49.571238, -20.4010442 ], [ -49.5712384, -20.4010442 ] ] ] } },
{ "type": "Feature", "properties": { "linha_id": 228, "comp_m": 0.8, "ini_m": 108.84, "fim_m": 109.64, "faixa_id": 2, "classe": "0.50–1.50 m", "_coa_length_m": 0.8, "_coa_class": "0,50–1,50 m" }, "geometry": { "type": "MultiLineString", "coordinates": [ [ [ -49.571505, -20.4010702 ], [ -49.5715052, -20.4010702 ], [ -49.5715077, -20.4010705 ], [ -49.5715078, -20.4010701 ], [ -49.5715086, -20.4010703 ], [ -49.5715094, -20.4010704 ], [ -49.5715102, -20.4010705 ], [ -49.571511, -20.4010706 ], [ -49.5715118, -20.4010707 ], [ -49.5715123, -20.4010707 ] ] ] } },
{ "type": "Feature", "properties": { "linha_id": 228, "comp_m": 0.64, "ini_m": 110.52, "fim_m": 111.16, "faixa_id": 2, "classe": "0.50–1.50 m", "_coa_length_m": 0.64, "_coa_class": "0,50–1,50 m" }, "geometry": { "type": "MultiLineString", "coordinates": [ [ [ -49.5715207, -20.4010717 ], [ -49.5715214, -20.4010718 ], [ -49.5715222, -20.4010719 ], [ -49.571523, -20.401072 ], [ -49.5715238, -20.401072 ], [ -49.5715246, -20.4010721 ], [ -49.5715255, -20.4010722 ], [ -49.5715263, -20.4010723 ], [ -49.5715268, -20.4010723 ] ] ] } },
{ "type": "Feature", "properties": { "linha_id": 228, "comp_m": 1.604, "ini_m": 115.96, "fim_m": 117.564, "faixa_id": 3, "classe": "1.50–3.00 m", "_coa_length_m": 1.605, "_coa_class": "1,50–3,00 m" }, "geometry": { "type": "MultiLineString", "coordinates": [ [ [ -49.5715726, -20.4010763 ], [ -49.5715734, -20.4010764 ], [ -49.5715742, -20.4010765 ], [ -49.571575, -20.4010765 ], [ -49.5715758, -20.4010766 ], [ -49.5715766, -20.4010767 ], [ -49.5715774, -20.4010768 ], [ -49.5715782, -20.4010769 ], [ -49.571579, -20.401077 ], [ -49.5715799, -20.4010771 ], [ -49.5715807, -20.4010771 ], [ -49.5715815, -20.4010772 ], [ -49.5715823, -20.4010773 ], [ -49.5715831, -20.4010774 ], [ -49.5715839, -20.4010775 ], [ -49.5715847, -20.4010776 ], [ -49.5715855, -20.4010777 ], [ -49.5715863, -20.4010778 ], [ -49.5715871, -20.4010779 ], [ -49.5715879, -20.401078 ] ] ] } },
{ "type": "Feature", "properties": { "linha_id": 229, "comp_m": 0.88, "ini_m": 0.36, "fim_m": 1.24, "faixa_id": 2, "classe": "0.50–1.50 m", "_coa_length_m": 0.88, "_coa_class": "0,50–1,50 m" }, "geometry": { "type": "MultiLineString", "coordinates": [ [ [ -49.5705025, -20.4009557 ], [ -49.570511, -20.4009556 ] ] ] } },
{ "type": "Feature", "properties": { "linha_id": 229, "comp_m": 0.56, "ini_m": 38.44, "fim_m": 39.0, "faixa_id": 2, "classe": "0.50–1.50 m", "_coa_length_m": 0.56, "_coa_class": "0,50–1,50 m" }, "geometry": { "type": "MultiLineString", "coordinates": [ [ [ -49.5708651, -20.4009912 ], [ -49.5708693, -20.4009917 ], [ -49.5708705, -20.4009918 ] ] ] } },
{ "type": "Feature", "properties": { "linha_id": 229, "comp_m": 6.48, "ini_m": 40.2, "fim_m": 46.68, "faixa_id": 5, "classe": "≥ 5.00 m", "_coa_length_m": 6.481, "_coa_class": ">= 5,00 m" }, "geometry": { "type": "MultiLineString", "coordinates": [ [ [ -49.5708818, -20.4009933 ], [ -49.5708867, -20.400994 ], [ -49.5708925, -20.4009949 ], [ -49.5708982, -20.4009957 ], [ -49.570904, -20.4009966 ], [ -49.5709098, -20.4009974 ], [ -49.5709156, -20.4009982 ], [ -49.5709214, -20.4009989 ], [ -49.5709272, -20.4009994 ], [ -49.5709331, -20.4009998 ], [ -49.570939, -20.401 ], [ -49.5709434, -20.4010001 ] ] ] } },
{ "type": "Feature", "properties": { "linha_id": 229, "comp_m": 2.72, "ini_m": 49.48, "fim_m": 52.2, "faixa_id": 3, "classe": "1.50–3.00 m", "_coa_length_m": 2.72, "_coa_class": "1,50–3,00 m" }, "geometry": { "type": "MultiLineString", "coordinates": [ [ [ -49.5709701, -20.4010021 ], [ -49.5709744, -20.4010029 ], [ -49.57098, -20.4010041 ], [ -49.5709857, -20.4010052 ], [ -49.5709914, -20.4010061 ], [ -49.5709958, -20.4010065 ] ] ] } },
{ "type": "Feature", "properties": { "linha_id": 229, "comp_m": 1.92, "ini_m": 56.04, "fim_m": 57.96, "faixa_id": 3, "classe": "1.50–3.00 m", "_coa_length_m": 1.92, "_coa_class": "1,50–3,00 m" }, "geometry": { "type": "MultiLineString", "coordinates": [ [ [ -49.5710325, -20.4010089 ], [ -49.5710331, -20.401009 ], [ -49.571039, -20.4010096 ], [ -49.5710449, -20.4010102 ], [ -49.5710507, -20.4010109 ], [ -49.5710507, -20.4010109 ] ] ] } },
{ "type": "Feature", "properties": { "linha_id": 229, "comp_m": 1.28, "ini_m": 60.36, "fim_m": 61.64, "faixa_id": 2, "classe": "0.50–1.50 m", "_coa_length_m": 1.28, "_coa_class": "0,50–1,50 m" }, "geometry": { "type": "MultiLineString", "coordinates": [ [ [ -49.5710736, -20.4010135 ], [ -49.5710741, -20.4010135 ], [ -49.57108, -20.4010141 ], [ -49.5710858, -20.4010145 ] ] ] } },
{ "type": "Feature", "properties": { "linha_id": 229, "comp_m": 3.36, "ini_m": 69.16, "fim_m": 72.52, "faixa_id": 4, "classe": "3.00–5.00 m", "_coa_length_m": 3.36, "_coa_class": "3,00–5,00 m" }, "geometry": { "type": "MultiLineString", "coordinates": [ [ [ -49.5711574, -20.4010214 ], [ -49.5711576, -20.4010214 ], [ -49.5711583, -20.4010215 ], [ -49.5711591, -20.4010216 ], [ -49.5711598, -20.4010217 ], [ -49.5711606, -20.4010217 ], [ -49.5711613, -20.4010218 ], [ -49.5711621, -20.4010219 ], [ -49.5711628, -20.401022 ], [ -49.5711633, -20.4010221 ], [ -49.5711638, -20.4010222 ], [ -49.5711643, -20.4010223 ], [ -49.5711648, -20.4010225 ], [ -49.5711653, -20.4010227 ], [ -49.5711658, -20.4010228 ], [ -49.5711662, -20.4010229 ], [ -49.5711667, -20.401023 ], [ -49.5711892, -20.4010254 ] ] ] } },
{ "type": "Feature", "properties": { "linha_id": 229, "comp_m": 2.32, "ini_m": 79.48, "fim_m": 81.8, "faixa_id": 3, "classe": "1.50–3.00 m", "_coa_length_m": 2.32, "_coa_class": "1,50–3,00 m" }, "geometry": { "type": "MultiLineString", "coordinates": [ [ [ -49.5712556, -20.4010313 ], [ -49.571259, -20.4010316 ], [ -49.571263, -20.4010321 ], [ -49.5712671, -20.4010325 ], [ -49.5712711, -20.4010329 ], [ -49.5712751, -20.4010334 ], [ -49.5712777, -20.4010336 ] ] ] } },
{ "type": "Feature", "properties": { "linha_id": 229, "comp_m": 2.8, "ini_m": 84.04, "fim_m": 86.84, "faixa_id": 3, "classe": "1.50–3.00 m", "_coa_length_m": 2.8, "_coa_class": "1,50–3,00 m" }, "geometry": { "type": "MultiLineString", "coordinates": [ [ [ -49.571299, -20.401036 ], [ -49.5712991, -20.4010361 ], [ -49.5713031, -20.4010365 ], [ -49.5713071, -20.401037 ], [ -49.5713111, -20.4010374 ], [ -49.5713151, -20.4010378 ], [ -49.571319, -20.4010383 ], [ -49.571323, -20.4010387 ], [ -49.5713256, -20.401039 ] ] ] } },
{ "type": "Feature", "properties": { "linha_id": 229, "comp_m": 3.12, "ini_m": 95.96, "fim_m": 99.08, "faixa_id": 4, "classe": "3.00–5.00 m", "_coa_length_m": 3.12, "_coa_class": "3,00–5,00 m" }, "geometry": { "type": "MultiLineString", "coordinates": [ [ [ -49.5714125, -20.4010475 ], [ -49.5714155, -20.4010479 ], [ -49.5714195, -20.4010483 ], [ -49.5714235, -20.4010488 ], [ -49.5714275, -20.4010493 ], [ -49.5714315, -20.4010497 ], [ -49.5714355, -20.4010502 ], [ -49.5714395, -20.4010506 ], [ -49.5714422, -20.4010509 ] ] ] } },
{ "type": "Feature", "properties": { "linha_id": 229, "comp_m": 1.6, "ini_m": 105.4, "fim_m": 107.0, "faixa_id": 3, "classe": "1.50–3.00 m", "_coa_length_m": 1.6, "_coa_class": "1,50–3,00 m" }, "geometry": { "type": "MultiLineString", "coordinates": [ [ [ -49.5715025, -20.4010559 ], [ -49.5715043, -20.4010561 ], [ -49.5715082, -20.4010566 ], [ -49.5715122, -20.4010572 ], [ -49.5715162, -20.4010577 ], [ -49.5715177, -20.4010578 ] ] ] } },
{ "type": "Feature", "properties": { "linha_id": 229, "comp_m": 3.149, "ini_m": 109.16, "fim_m": 112.309, "faixa_id": 4, "classe": "3.00–5.00 m", "_coa_length_m": 3.149, "_coa_class": "3,00–5,00 m" }, "geometry": { "type": "MultiLineString", "coordinates": [ [ [ -49.5715383, -20.4010599 ], [ -49.5715403, -20.40106 ], [ -49.5715444, -20.4010604 ], [ -49.5715484, -20.4010608 ], [ -49.5715524, -20.4010612 ], [ -49.5715564, -20.4010617 ], [ -49.5715604, -20.4010622 ], [ -49.5715643, -20.4010628 ], [ -49.5715682, -20.4010635 ] ] ] } },
{ "type": "Feature", "properties": { "linha_id": 230, "comp_m": 1.92, "ini_m": 6.52, "fim_m": 8.44, "faixa_id": 3, "classe": "1.50–3.00 m", "_coa_length_m": 1.92, "_coa_class": "1,50–3,00 m" }, "geometry": { "type": "MultiLineString", "coordinates": [ [ [ -49.570599, -20.4009509 ], [ -49.5705991, -20.4009509 ], [ -49.5705998, -20.4009509 ], [ -49.5706005, -20.4009509 ], [ -49.5706012, -20.4009509 ], [ -49.570602, -20.4009509 ], [ -49.5706027, -20.4009509 ], [ -49.5706034, -20.4009509 ], [ -49.5706041, -20.4009508 ], [ -49.5706048, -20.4009508 ], [ -49.5706055, -20.4009508 ], [ -49.5706062, -20.4009508 ], [ -49.5706061, -20.400951 ], [ -49.5706118, -20.4009519 ], [ -49.5706168, -20.4009525 ] ] ] } },
{ "type": "Feature", "properties": { "linha_id": 230, "comp_m": 0.72, "ini_m": 8.68, "fim_m": 9.4, "faixa_id": 2, "classe": "0.50–1.50 m", "_coa_length_m": 0.72, "_coa_class": "0,50–1,50 m" }, "geometry": { "type": "MultiLineString", "coordinates": [ [ [ -49.570619, -20.4009528 ], [ -49.5706233, -20.4009533 ], [ -49.5706259, -20.4009536 ] ] ] } },
{ "type": "Feature", "properties": { "linha_id": 230, "comp_m": 0.64, "ini_m": 23.8, "fim_m": 24.44, "faixa_id": 2, "classe": "0.50–1.50 m", "_coa_length_m": 0.64, "_coa_class": "0,50–1,50 m" }, "geometry": { "type": "MultiLineString", "coordinates": [ [ [ -49.5707631, -20.400967 ], [ -49.5707635, -20.400967 ], [ -49.5707692, -20.4009675 ] ] ] } },
{ "type": "Feature", "properties": { "linha_id": 230, "comp_m": 0.88, "ini_m": 36.52, "fim_m": 37.4, "faixa_id": 2, "classe": "0.50–1.50 m", "_coa_length_m": 0.88, "_coa_class": "0,50–1,50 m" }, "geometry": { "type": "MultiLineString", "coordinates": [ [ [ -49.570884, -20.4009812 ], [ -49.5708852, -20.4009813 ], [ -49.5708911, -20.4009816 ], [ -49.5708924, -20.4009817 ] ] ] } },
{ "type": "Feature", "properties": { "linha_id": 230, "comp_m": 0.72, "ini_m": 40.68, "fim_m": 41.4, "faixa_id": 2, "classe": "0.50–1.50 m", "_coa_length_m": 0.72, "_coa_class": "0,50–1,50 m" }, "geometry": { "type": "MultiLineString", "coordinates": [ [ [ -49.5709237, -20.4009843 ], [ -49.5709264, -20.4009846 ], [ -49.5709306, -20.400985 ] ] ] } },
{ "type": "Feature", "properties": { "linha_id": 230, "comp_m": 0.56, "ini_m": 48.84, "fim_m": 49.4, "faixa_id": 2, "classe": "0.50–1.50 m", "_coa_length_m": 0.56, "_coa_class": "0,50–1,50 m" }, "geometry": { "type": "MultiLineString", "coordinates": [ [ [ -49.5710015, -20.4009923 ], [ -49.5710022, -20.4009924 ], [ -49.5710068, -20.4009928 ] ] ] } },
{ "type": "Feature", "properties": { "linha_id": 230, "comp_m": 0.96, "ini_m": 71.32, "fim_m": 72.28, "faixa_id": 2, "classe": "0.50–1.50 m", "_coa_length_m": 0.96, "_coa_class": "0,50–1,50 m" }, "geometry": { "type": "MultiLineString", "coordinates": [ [ [ -49.5712155, -20.4010136 ], [ -49.5712167, -20.4010137 ], [ -49.571218, -20.4010139 ], [ -49.5712193, -20.401014 ], [ -49.5712206, -20.4010141 ], [ -49.5712219, -20.4010143 ], [ -49.5712232, -20.4010144 ], [ -49.5712245, -20.4010146 ], [ -49.5712246, -20.4010146 ] ] ] } },
{ "type": "Feature", "properties": { "linha_id": 230, "comp_m": 2.08, "ini_m": 75.16, "fim_m": 77.24, "faixa_id": 3, "classe": "1.50–3.00 m", "_coa_length_m": 2.08, "_coa_class": "1,50–3,00 m" }, "geometry": { "type": "MultiLineString", "coordinates": [ [ [ -49.571252, -20.4010177 ], [ -49.5712528, -20.4010177 ], [ -49.5712541, -20.4010179 ], [ -49.5712554, -20.401018 ], [ -49.5712567, -20.4010182 ], [ -49.571258, -20.4010183 ], [ -49.5712592, -20.4010185 ], [ -49.5712605, -20.4010186 ], [ -49.5712618, -20.4010188 ], [ -49.5712631, -20.4010189 ], [ -49.5712644, -20.4010191 ], [ -49.5712656, -20.4010192 ], [ -49.5712669, -20.4010194 ], [ -49.5712682, -20.4010195 ], [ -49.5712695, -20.4010197 ], [ -49.5712708, -20.4010198 ], [ -49.5712718, -20.4010199 ] ] ] } },
{ "type": "Feature", "properties": { "linha_id": 230, "comp_m": 3.28, "ini_m": 80.2, "fim_m": 83.48, "faixa_id": 4, "classe": "3.00–5.00 m", "_coa_length_m": 3.28, "_coa_class": "3,00–5,00 m" }, "geometry": { "type": "MultiLineString", "coordinates": [ [ [ -49.5713, -20.4010234 ], [ -49.5713, -20.4010234 ], [ -49.5713013, -20.4010235 ], [ -49.5713025, -20.4010237 ], [ -49.5713038, -20.4010239 ], [ -49.571305, -20.401024 ], [ -49.5713063, -20.4010242 ], [ -49.5713075, -20.4010243 ], [ -49.5713088, -20.4010245 ], [ -49.57131, -20.4010247 ], [ -49.5713115, -20.4010255 ], [ -49.571331, -20.4010269 ] ] ] } },
{ "type": "Feature", "properties": { "linha_id": 230, "comp_m": 5.68, "ini_m": 83.8, "fim_m": 89.48, "faixa_id": 5, "classe": "≥ 5.00 m", "_coa_length_m": 5.681, "_coa_class": ">= 5,00 m" }, "geometry": { "type": "MultiLineString", "coordinates": [ [ [ -49.571334, -20.4010271 ], [ -49.5713518, -20.4010284 ], [ -49.5713539, -20.4010286 ], [ -49.5713559, -20.4010287 ], [ -49.571358, -20.4010289 ], [ -49.57136, -20.401029 ], [ -49.5713621, -20.4010292 ], [ -49.5713641, -20.4010293 ], [ -49.5713662, -20.4010294 ], [ -49.5713682, -20.4010296 ], [ -49.5713703, -20.4010297 ], [ -49.5713724, -20.4010298 ], [ -49.5713744, -20.40103 ], [ -49.5713765, -20.4010301 ], [ -49.5713785, -20.4010303 ], [ -49.5713806, -20.4010304 ], [ -49.5713826, -20.4010306 ], [ -49.5713847, -20.4010307 ], [ -49.5713867, -20.4010309 ], [ -49.5713883, -20.401031 ] ] ] } },
{ "type": "Feature", "properties": { "linha_id": 230, "comp_m": 0.96, "ini_m": 90.92, "fim_m": 91.88, "faixa_id": 2, "classe": "0.50–1.50 m", "_coa_length_m": 0.96, "_coa_class": "0,50–1,50 m" }, "geometry": { "type": "MultiLineString", "coordinates": [ [ [ -49.571402, -20.4010324 ], [ -49.5714029, -20.4010325 ], [ -49.571405, -20.4010327 ], [ -49.571407, -20.401033 ], [ -49.571409, -20.4010332 ], [ -49.571411, -20.4010334 ], [ -49.5714112, -20.4010334 ] ] ] } },
{ "type": "Feature", "properties": { "linha_id": 230, "comp_m": 1.027, "ini_m": 104.84, "fim_m": 105.867, "faixa_id": 2, "classe": "0.50–1.50 m", "_coa_length_m": 1.027, "_coa_class": "0,50–1,50 m" }, "geometry": { "type": "MultiLineString", "coordinates": [ [ [ -49.5715346, -20.4010462 ], [ -49.5715365, -20.4010465 ], [ -49.5715384, -20.4010469 ], [ -49.5715403, -20.4010473 ], [ -49.5715423, -20.4010478 ], [ -49.5715442, -20.4010482 ] ] ] } },
{ "type": "Feature", "properties": { "linha_id": 231, "comp_m": 0.56, "ini_m": 1.32, "fim_m": 1.88, "faixa_id": 2, "classe": "0.50–1.50 m", "_coa_length_m": 0.56, "_coa_class": "0,50–1,50 m" }, "geometry": { "type": "MultiLineString", "coordinates": [ [ [ -49.5706642, -20.4009455 ], [ -49.5706695, -20.4009459 ] ] ] } },
{ "type": "Feature", "properties": { "linha_id": 231, "comp_m": 0.56, "ini_m": 15.4, "fim_m": 15.96, "faixa_id": 2, "classe": "0.50–1.50 m", "_coa_length_m": 0.56, "_coa_class": "0,50–1,50 m" }, "geometry": { "type": "MultiLineString", "coordinates": [ [ [ -49.5707983, -20.4009584 ], [ -49.5708037, -20.400959 ] ] ] } },
{ "type": "Feature", "properties": { "linha_id": 231, "comp_m": 9.6, "ini_m": 67.0, "fim_m": 76.6, "faixa_id": 5, "classe": "≥ 5.00 m", "_coa_length_m": 9.601, "_coa_class": ">= 5,00 m" }, "geometry": { "type": "MultiLineString", "coordinates": [ [ [ -49.5712891, -20.40101 ], [ -49.5712921, -20.4010104 ], [ -49.5712964, -20.401011 ], [ -49.5713006, -20.4010116 ], [ -49.5713049, -20.4010121 ], [ -49.5713092, -20.4010126 ], [ -49.5713135, -20.4010131 ], [ -49.5713178, -20.4010136 ], [ -49.5713221, -20.401014 ], [ -49.5713264, -20.4010144 ], [ -49.5713307, -20.4010148 ], [ -49.571335, -20.4010152 ], [ -49.5713394, -20.4010156 ], [ -49.5713437, -20.4010159 ], [ -49.5713481, -20.4010163 ], [ -49.5713524, -20.4010166 ], [ -49.5713568, -20.4010169 ], [ -49.5713611, -20.4010172 ], [ -49.5713655, -20.4010176 ], [ -49.5713698, -20.4010179 ], [ -49.5713742, -20.4010183 ], [ -49.5713785, -20.4010187 ], [ -49.5713806, -20.4010188 ] ] ] } },
{ "type": "Feature", "properties": { "linha_id": 231, "comp_m": 1.2, "ini_m": 87.4, "fim_m": 88.6, "faixa_id": 2, "classe": "0.50–1.50 m", "_coa_length_m": 1.2, "_coa_class": "0,50–1,50 m" }, "geometry": { "type": "MultiLineString", "coordinates": [ [ [ -49.5714836, -20.4010279 ], [ -49.5714867, -20.4010282 ], [ -49.571491, -20.4010286 ], [ -49.5714951, -20.401029 ] ] ] } },
{ "type": "Feature", "properties": { "linha_id": 231, "comp_m": 0.96, "ini_m": 89.72, "fim_m": 90.68, "faixa_id": 2, "classe": "0.50–1.50 m", "_coa_length_m": 0.96, "_coa_class": "0,50–1,50 m" }, "geometry": { "type": "MultiLineString", "coordinates": [ [ [ -49.5715057, -20.4010302 ], [ -49.5715081, -20.4010306 ], [ -49.5715123, -20.4010313 ], [ -49.5715148, -20.4010318 ] ] ] } },
{ "type": "Feature", "properties": { "linha_id": 231, "comp_m": 0.699, "ini_m": 91.48, "fim_m": 92.179, "faixa_id": 2, "classe": "0.50–1.50 m", "_coa_length_m": 0.699, "_coa_class": "0,50–1,50 m" }, "geometry": { "type": "MultiLineString", "coordinates": [ [ [ -49.5715222, -20.4010334 ], [ -49.5715246, -20.401034 ], [ -49.5715287, -20.4010352 ] ] ] } },
{ "type": "Feature", "properties": { "linha_id": 232, "comp_m": 0.84, "ini_m": 0.0, "fim_m": 0.84, "faixa_id": 2, "classe": "0.50–1.50 m", "_coa_length_m": 0.84, "_coa_class": "0,50–1,50 m" }, "geometry": { "type": "MultiLineString", "coordinates": [ [ [ -49.5703362, -20.4046518 ], [ -49.570337, -20.4046516 ], [ -49.5703377, -20.4046515 ], [ -49.5703385, -20.4046513 ], [ -49.5703393, -20.4046512 ], [ -49.5703401, -20.4046511 ], [ -49.5703408, -20.404651 ], [ -49.5703416, -20.4046509 ], [ -49.5703424, -20.4046508 ], [ -49.5703431, -20.4046507 ], [ -49.5703439, -20.4046506 ], [ -49.5703441, -20.4046506 ] ] ] } },
{ "type": "Feature", "properties": { "linha_id": 232, "comp_m": 0.56, "ini_m": 10.92, "fim_m": 11.48, "faixa_id": 2, "classe": "0.50–1.50 m", "_coa_length_m": 0.56, "_coa_class": "0,50–1,50 m" }, "geometry": { "type": "MultiLineString", "coordinates": [ [ [ -49.5704394, -20.4046582 ], [ -49.5704395, -20.4046582 ], [ -49.570441, -20.4046583 ], [ -49.5704424, -20.4046584 ], [ -49.5704439, -20.4046586 ], [ -49.5704448, -20.4046586 ] ] ] } },
{ "type": "Feature", "properties": { "linha_id": 232, "comp_m": 0.64, "ini_m": 19.4, "fim_m": 20.04, "faixa_id": 2, "classe": "0.50–1.50 m", "_coa_length_m": 0.64, "_coa_class": "0,50–1,50 m" }, "geometry": { "type": "MultiLineString", "coordinates": [ [ [ -49.5705202, -20.4046663 ], [ -49.5705211, -20.4046664 ], [ -49.5705225, -20.4046665 ], [ -49.570524, -20.4046667 ], [ -49.5705254, -20.4046668 ], [ -49.5705263, -20.4046668 ] ] ] } },
{ "type": "Feature", "properties": { "linha_id": 233, "comp_m": 0.83, "ini_m": 19.56, "fim_m": 20.39, "faixa_id": 2, "classe": "0.50–1.50 m", "_coa_length_m": 0.83, "_coa_class": "0,50–1,50 m" }, "geometry": { "type": "MultiLineString", "coordinates": [ [ [ -49.5705279, -20.4046795 ], [ -49.5705292, -20.4046795 ], [ -49.5705314, -20.4046795 ], [ -49.5705336, -20.4046795 ], [ -49.5705358, -20.4046795 ] ] ] } },
{ "type": "Feature", "properties": { "linha_id": 234, "comp_m": 1.84, "ini_m": 3.4, "fim_m": 5.24, "faixa_id": 3, "classe": "1.50–3.00 m", "_coa_length_m": 1.84, "_coa_class": "1,50–3,00 m" }, "geometry": { "type": "MultiLineString", "coordinates": [ [ [ -49.5703738, -20.4046782 ], [ -49.5703745, -20.4046783 ], [ -49.5703764, -20.4046784 ], [ -49.5703783, -20.4046786 ], [ -49.5703803, -20.4046788 ], [ -49.5703822, -20.4046789 ], [ -49.5703841, -20.4046791 ], [ -49.570386, -20.4046793 ], [ -49.570388, -20.4046795 ], [ -49.5703899, -20.4046796 ], [ -49.5703913, -20.4046798 ] ] ] } },
{ "type": "Feature", "properties": { "linha_id": 235, "comp_m": 0.84, "ini_m": 0.0, "fim_m": 0.84, "faixa_id": 2, "classe": "0.50–1.50 m", "_coa_length_m": 0.84, "_coa_class": "0,50–1,50 m" }, "geometry": { "type": "MultiLineString", "coordinates": [ [ [ -49.5703411, -20.4046906 ], [ -49.5703428, -20.4046906 ], [ -49.5703446, -20.4046906 ], [ -49.5703463, -20.4046906 ], [ -49.5703481, -20.4046906 ], [ -49.5703491, -20.4046906 ] ] ] } },
{ "type": "Feature", "properties": { "linha_id": 235, "comp_m": 1.84, "ini_m": 2.44, "fim_m": 4.28, "faixa_id": 3, "classe": "1.50–3.00 m", "_coa_length_m": 1.84, "_coa_class": "1,50–3,00 m" }, "geometry": { "type": "MultiLineString", "coordinates": [ [ [ -49.5703644, -20.404691 ], [ -49.5703653, -20.404691 ], [ -49.570367, -20.4046911 ], [ -49.5703687, -20.4046912 ], [ -49.5703704, -20.4046913 ], [ -49.5703721, -20.4046914 ], [ -49.5703738, -20.4046915 ], [ -49.5703755, -20.4046916 ], [ -49.5703772, -20.4046917 ], [ -49.5703789, -20.4046918 ], [ -49.5703806, -20.4046919 ], [ -49.570382, -20.4046921 ] ] ] } },
{ "type": "Feature", "properties": { "linha_id": 235, "comp_m": 1.12, "ini_m": 4.76, "fim_m": 5.88, "faixa_id": 2, "classe": "0.50–1.50 m", "_coa_length_m": 1.12, "_coa_class": "0,50–1,50 m" }, "geometry": { "type": "MultiLineString", "coordinates": [ [ [ -49.5703866, -20.4046924 ], [ -49.5703873, -20.4046925 ], [ -49.570389, -20.4046926 ], [ -49.5703907, -20.4046928 ], [ -49.5703924, -20.4046929 ], [ -49.570394, -20.4046931 ], [ -49.5703957, -20.4046933 ], [ -49.5703973, -20.4046934 ] ] ] } },
{ "type": "Feature", "properties": { "linha_id": 236, "comp_m": 0.56, "ini_m": 5.64, "fim_m": 6.2, "faixa_id": 2, "classe": "0.50–1.50 m", "_coa_length_m": 0.56, "_coa_class": "0,50–1,50 m" }, "geometry": { "type": "MultiLineString", "coordinates": [ [ [ -49.5703975, -20.404708 ], [ -49.5703984, -20.4047081 ], [ -49.5703999, -20.4047082 ], [ -49.5704013, -20.4047084 ], [ -49.5704028, -20.4047085 ], [ -49.5704029, -20.4047085 ] ] ] } },
{ "type": "Feature", "properties": { "linha_id": 237, "comp_m": 0.96, "ini_m": 3.56, "fim_m": 4.52, "faixa_id": 2, "classe": "0.50–1.50 m", "_coa_length_m": 0.96, "_coa_class": "0,50–1,50 m" }, "geometry": { "type": "MultiLineString", "coordinates": [ [ [ -49.5703795, -20.4047201 ], [ -49.5703797, -20.4047202 ], [ -49.5703803, -20.4047202 ], [ -49.5703809, -20.4047203 ], [ -49.5703815, -20.4047204 ], [ -49.5703821, -20.4047205 ], [ -49.5703827, -20.4047206 ], [ -49.5703834, -20.4047206 ], [ -49.570384, -20.4047207 ], [ -49.5703846, -20.4047208 ], [ -49.5703852, -20.4047208 ], [ -49.5703858, -20.4047209 ], [ -49.5703865, -20.404721 ], [ -49.5703871, -20.4047211 ], [ -49.5703877, -20.4047211 ], [ -49.5703883, -20.4047212 ], [ -49.5703887, -20.4047212 ] ] ] } },
{ "type": "Feature", "properties": { "linha_id": 237, "comp_m": 0.8, "ini_m": 5.4, "fim_m": 6.2, "faixa_id": 2, "classe": "0.50–1.50 m", "_coa_length_m": 0.8, "_coa_class": "0,50–1,50 m" }, "geometry": { "type": "MultiLineString", "coordinates": [ [ [ -49.5703971, -20.4047218 ], [ -49.5703971, -20.4047218 ], [ -49.5703977, -20.4047218 ], [ -49.5703984, -20.4047219 ], [ -49.570399, -20.4047219 ], [ -49.5703996, -20.4047219 ], [ -49.5704003, -20.4047219 ], [ -49.5704009, -20.4047219 ], [ -49.5704015, -20.4047219 ], [ -49.5704022, -20.4047219 ], [ -49.5704028, -20.4047219 ], [ -49.5704035, -20.4047219 ], [ -49.5704041, -20.4047218 ], [ -49.5704047, -20.4047218 ] ] ] } },
{ "type": "Feature", "properties": { "linha_id": 237, "comp_m": 0.88, "ini_m": 8.52, "fim_m": 9.4, "faixa_id": 2, "classe": "0.50–1.50 m", "_coa_length_m": 0.88, "_coa_class": "0,50–1,50 m" }, "geometry": { "type": "MultiLineString", "coordinates": [ [ [ -49.570426, -20.4047238 ], [ -49.5704266, -20.4047239 ], [ -49.5704273, -20.404724 ], [ -49.570428, -20.4047241 ], [ -49.5704286, -20.4047242 ], [ -49.5704293, -20.4047243 ], [ -49.5704299, -20.4047244 ], [ -49.5704306, -20.4047245 ], [ -49.5704313, -20.4047246 ], [ -49.5704319, -20.4047247 ], [ -49.5704326, -20.4047248 ], [ -49.5704332, -20.4047249 ], [ -49.5704339, -20.404725 ], [ -49.5704343, -20.4047251 ] ] ] } },
{ "type": "Feature", "properties": { "linha_id": 238, "comp_m": 0.96, "ini_m": 0.84, "fim_m": 1.8, "faixa_id": 2, "classe": "0.50–1.50 m", "_coa_length_m": 0.96, "_coa_class": "0,50–1,50 m" }, "geometry": { "type": "MultiLineString", "coordinates": [ [ [ -49.5703641, -20.4047328 ], [ -49.5703641, -20.4047328 ], [ -49.5703651, -20.4047329 ], [ -49.5703661, -20.404733 ], [ -49.5703671, -20.404733 ], [ -49.5703682, -20.4047331 ], [ -49.5703692, -20.4047332 ], [ -49.5703702, -20.4047333 ], [ -49.5703712, -20.4047334 ], [ -49.5703722, -20.4047335 ], [ -49.5703732, -20.4047336 ] ] ] } },
{ "type": "Feature", "properties": { "linha_id": 238, "comp_m": 2.661, "ini_m": 7.96, "fim_m": 10.621, "faixa_id": 3, "classe": "1.50–3.00 m", "_coa_length_m": 2.661, "_coa_class": "1,50–3,00 m" }, "geometry": { "type": "MultiLineString", "coordinates": [ [ [ -49.570432, -20.404739 ], [ -49.5704328, -20.4047391 ], [ -49.5704338, -20.4047392 ], [ -49.5704348, -20.4047394 ], [ -49.5704359, -20.4047395 ], [ -49.5704369, -20.4047396 ], [ -49.5704379, -20.4047397 ], [ -49.5704389, -20.4047398 ], [ -49.57044, -20.4047399 ], [ -49.570441, -20.4047401 ], [ -49.570442, -20.4047402 ], [ -49.570443, -20.4047403 ], [ -49.570444, -20.4047404 ], [ -49.5704451, -20.4047406 ], [ -49.5704461, -20.4047407 ], [ -49.5704471, -20.4047408 ], [ -49.5704481, -20.4047409 ], [ -49.5704491, -20.4047411 ], [ -49.5704501, -20.4047412 ], [ -49.5704512, -20.4047413 ], [ -49.5704522, -20.4047415 ], [ -49.5704532, -20.4047416 ], [ -49.5704542, -20.4047417 ], [ -49.5704552, -20.4047419 ], [ -49.5704562, -20.404742 ], [ -49.5704572, -20.4047422 ] ] ] } },
{ "type": "Feature", "properties": { "linha_id": 239, "comp_m": 0.76, "ini_m": 0.0, "fim_m": 0.76, "faixa_id": 2, "classe": "0.50–1.50 m", "_coa_length_m": 0.76, "_coa_class": "0,50–1,50 m" }, "geometry": { "type": "MultiLineString", "coordinates": [ [ [ -49.5703546, -20.4047463 ], [ -49.5703555, -20.4047464 ], [ -49.5703564, -20.4047465 ], [ -49.5703574, -20.4047466 ], [ -49.5703583, -20.4047467 ], [ -49.5703592, -20.4047468 ], [ -49.5703602, -20.4047469 ], [ -49.5703611, -20.404747 ], [ -49.5703618, -20.4047471 ] ] ] } },
{ "type": "Feature", "properties": { "linha_id": 240, "comp_m": 2.945, "ini_m": 3.48, "fim_m": 6.425, "faixa_id": 3, "classe": "1.50–3.00 m", "_coa_length_m": 2.945, "_coa_class": "1,50–3,00 m" }, "geometry": { "type": "MultiLineString", "coordinates": [ [ [ -49.5704214, -20.403644 ], [ -49.5704216, -20.403644 ], [ -49.5704222, -20.4036441 ], [ -49.5704228, -20.4036441 ], [ -49.5704235, -20.4036442 ], [ -49.5704241, -20.4036442 ], [ -49.5704247, -20.4036443 ], [ -49.5704253, -20.4036443 ], [ -49.5704259, -20.4036444 ], [ -49.5704266, -20.4036444 ], [ -49.5704272, -20.4036444 ], [ -49.5704278, -20.4036445 ], [ -49.5704284, -20.4036445 ], [ -49.570429, -20.4036446 ], [ -49.5704297, -20.4036446 ], [ -49.5704303, -20.4036446 ], [ -49.5704309, -20.4036447 ], [ -49.5704315, -20.4036447 ], [ -49.5704322, -20.4036448 ], [ -49.5704328, -20.4036448 ], [ -49.5704334, -20.4036448 ], [ -49.570434, -20.4036449 ], [ -49.5704346, -20.4036449 ], [ -49.5704353, -20.4036449 ], [ -49.5704359, -20.403645 ], [ -49.5704365, -20.403645 ], [ -49.5704371, -20.403645 ], [ -49.5704377, -20.403645 ], [ -49.5704384, -20.4036451 ], [ -49.570439, -20.4036451 ], [ -49.5704396, -20.4036451 ], [ -49.5704402, -20.4036451 ], [ -49.5704408, -20.4036452 ], [ -49.5704415, -20.4036452 ], [ -49.5704421, -20.4036452 ], [ -49.5704427, -20.4036452 ], [ -49.5704433, -20.4036452 ], [ -49.5704439, -20.4036452 ], [ -49.5704446, -20.4036453 ], [ -49.5704452, -20.4036453 ], [ -49.5704458, -20.4036453 ], [ -49.5704464, -20.4036453 ], [ -49.570447, -20.4036453 ], [ -49.5704477, -20.4036453 ], [ -49.5704483, -20.4036453 ], [ -49.5704489, -20.4036453 ], [ -49.5704495, -20.4036453 ] ] ] } }
]
}
