{
"type": "FeatureCollection",
"name": "boundary",
"xy_coordinate_resolution": 1e-07,
"features": [
{ "type": "Feature", "properties": { "AREA_TOTAL": 28.51876415, "FAZENDA": "70054", "TALHAO": 2.0, "ZONA": 15016.0, "NOME_FAZ": "FAZENDA SÃO JOSÉ II", "DESC_TALHA": "700542", "CREATED_ON": "08/01/2026", "CHAVE": "70054-2", "ÁREA TOTA": 28.51, "VARIED PLA": "RB85-5156", "CORTE": "1", "CICLO": "PRECOCE", "CULTURA": "CANA", "TALHOES_BL": "1_ao_2", "STATUS_CHA": "COLHIDO" }, "geometry": { "type": "MultiPolygon", "coordinates": [ [ [ [ -49.5898927, -20.3804024 ], [ -49.5899263, -20.3803974 ], [ -49.5899825, -20.380411 ], [ -49.5900367, -20.3804424 ], [ -49.5901272, -20.3804928 ], [ -49.5902374, -20.3805478 ], [ -49.5903609, -20.3806122 ], [ -49.5904731, -20.3806772 ], [ -49.5905875, -20.3807503 ], [ -49.5906946, -20.3808266 ], [ -49.5907938, -20.3809211 ], [ -49.5908848, -20.3810318 ], [ -49.590975, -20.3811433 ], [ -49.5910622, -20.3812544 ], [ -49.59115, -20.3813623 ], [ -49.5912566, -20.3814607 ], [ -49.5913745, -20.3815511 ], [ -49.5914897, -20.3816411 ], [ -49.5916025, -20.3817366 ], [ -49.5917151, -20.3818343 ], [ -49.5918179, -20.3819354 ], [ -49.5919, -20.3820388 ], [ -49.5919707, -20.3821346 ], [ -49.5920228, -20.3822387 ], [ -49.592052, -20.3823495 ], [ -49.5920939, -20.3824566 ], [ -49.592176, -20.3825294 ], [ -49.5922887, -20.3825951 ], [ -49.5924099, -20.3826751 ], [ -49.5925182, -20.3827709 ], [ -49.5925899, -20.3828758 ], [ -49.59264, -20.3829811 ], [ -49.5926931, -20.3830836 ], [ -49.5927692, -20.3831751 ], [ -49.5928654, -20.3832597 ], [ -49.5929839, -20.3833362 ], [ -49.5931269, -20.3833955 ], [ -49.5932528, -20.3834543 ], [ -49.5933056, -20.3834893 ], [ -49.5933093, -20.3835775 ], [ -49.5932533, -20.3836867 ], [ -49.5932169, -20.3837495 ], [ -49.5932167, -20.3838361 ], [ -49.5932384, -20.3839028 ], [ -49.5933048, -20.3840168 ], [ -49.5933724, -20.3841103 ], [ -49.5935322, -20.3842843 ], [ -49.5936262, -20.384444 ], [ -49.5935974, -20.384592 ], [ -49.593518, -20.3848169 ], [ -49.5935013, -20.3849171 ], [ -49.5934476, -20.3850619 ], [ -49.5933575, -20.3853234 ], [ -49.5932776, -20.3855512 ], [ -49.5932351, -20.38566 ], [ -49.5931438, -20.3857786 ], [ -49.5931011, -20.3858507 ], [ -49.593093, -20.3858893 ], [ -49.5929111, -20.3861471 ], [ -49.5924046, -20.3867369 ], [ -49.5919474, -20.3872615 ], [ -49.5916402, -20.3876103 ], [ -49.5914939, -20.3877784 ], [ -49.591426, -20.3877739 ], [ -49.5913449, -20.3877562 ], [ -49.5912266, -20.3877066 ], [ -49.5910823, -20.3876466 ], [ -49.5909245, -20.3875771 ], [ -49.5907791, -20.3875113 ], [ -49.5906447, -20.387452 ], [ -49.590501, -20.3873947 ], [ -49.5903457, -20.387333 ], [ -49.5903205, -20.3873234 ], [ -49.5902713, -20.3872935 ], [ -49.5898697, -20.3871332 ], [ -49.5895291, -20.3869847 ], [ -49.5892536, -20.3868719 ], [ -49.5888928, -20.3867207 ], [ -49.5884923, -20.3865487 ], [ -49.5881744, -20.3864214 ], [ -49.5880597, -20.3863735 ], [ -49.5880342, -20.3863253 ], [ -49.5880324, -20.3862847 ], [ -49.5880575, -20.386216 ], [ -49.5882075, -20.3857475 ], [ -49.5882755, -20.3855177 ], [ -49.5883285, -20.3853317 ], [ -49.5884183, -20.385103 ], [ -49.5885015, -20.385089 ], [ -49.5885386, -20.3850599 ], [ -49.5885663, -20.3850372 ], [ -49.5885836, -20.3850089 ], [ -49.5885896, -20.3849787 ], [ -49.5885863, -20.38494 ], [ -49.5885731, -20.384913 ], [ -49.5885453, -20.3848898 ], [ -49.5885004, -20.3848674 ], [ -49.58858, -20.384553 ], [ -49.5887019, -20.3841557 ], [ -49.5888755, -20.3836611 ], [ -49.5890409, -20.3831654 ], [ -49.5891983, -20.3826295 ], [ -49.5893574, -20.3821357 ], [ -49.5894918, -20.3817308 ], [ -49.5896006, -20.381353 ], [ -49.5898616, -20.380511 ], [ -49.5898927, -20.3804024 ] ], [ [ -49.5922493, -20.3859548 ], [ -49.5922469, -20.3859548 ], [ -49.5922445, -20.3859548 ], [ -49.592242, -20.3859549 ], [ -49.5922396, -20.385955 ], [ -49.5922372, -20.3859552 ], [ -49.5922348, -20.3859554 ], [ -49.5922324, -20.3859556 ], [ -49.59223, -20.3859559 ], [ -49.5922276, -20.3859562 ], [ -49.5922252, -20.3859566 ], [ -49.5922228, -20.385957 ], [ -49.5922204, -20.3859574 ], [ -49.5922181, -20.3859579 ], [ -49.5922157, -20.3859584 ], [ -49.5922134, -20.3859589 ], [ -49.592211, -20.3859595 ], [ -49.5922087, -20.3859601 ], [ -49.5922064, -20.3859608 ], [ -49.5922041, -20.3859615 ], [ -49.5922018, -20.3859622 ], [ -49.5921995, -20.385963 ], [ -49.5921972, -20.3859638 ], [ -49.592195, -20.3859647 ], [ -49.5921928, -20.3859656 ], [ -49.5921906, -20.3859665 ], [ -49.5921884, -20.3859675 ], [ -49.5921862, -20.3859685 ], [ -49.592184, -20.3859695 ], [ -49.5921819, -20.3859706 ], [ -49.5921798, -20.3859717 ], [ -49.5921777, -20.3859728 ], [ -49.5921756, -20.385974 ], [ -49.5921735, -20.3859752 ], [ -49.5921715, -20.3859764 ], [ -49.5921695, -20.3859777 ], [ -49.5921675, -20.385979 ], [ -49.5921655, -20.3859803 ], [ -49.5921636, -20.3859817 ], [ -49.5921617, -20.3859831 ], [ -49.5921598, -20.3859845 ], [ -49.5921579, -20.385986 ], [ -49.5921561, -20.3859875 ], [ -49.5921543, -20.385989 ], [ -49.5921525, -20.3859905 ], [ -49.5921508, -20.3859921 ], [ -49.592149, -20.3859937 ], [ -49.5921473, -20.3859954 ], [ -49.5921457, -20.385997 ], [ -49.5921441, -20.3859987 ], [ -49.5921425, -20.3860004 ], [ -49.5921409, -20.3860022 ], [ -49.5921394, -20.3860039 ], [ -49.5921379, -20.3860057 ], [ -49.5921364, -20.3860075 ], [ -49.592135, -20.3860094 ], [ -49.5921336, -20.3860112 ], [ -49.5921322, -20.3860131 ], [ -49.5921309, -20.386015 ], [ -49.5921296, -20.386017 ], [ -49.5921283, -20.3860189 ], [ -49.5921271, -20.3860209 ], [ -49.5921259, -20.3860229 ], [ -49.5921248, -20.3860249 ], [ -49.5921237, -20.3860269 ], [ -49.5921226, -20.386029 ], [ -49.5921215, -20.386031 ], [ -49.5921205, -20.3860331 ], [ -49.5921196, -20.3860352 ], [ -49.5921187, -20.3860373 ], [ -49.5921178, -20.3860394 ], [ -49.5921169, -20.3860416 ], [ -49.5921161, -20.3860437 ], [ -49.5921154, -20.3860459 ], [ -49.5921146, -20.3860481 ], [ -49.592114, -20.3860503 ], [ -49.5921133, -20.3860525 ], [ -49.5921127, -20.3860547 ], [ -49.5921122, -20.3860569 ], [ -49.5921116, -20.3860591 ], [ -49.5921111, -20.3860614 ], [ -49.5921107, -20.3860636 ], [ -49.5921103, -20.3860659 ], [ -49.59211, -20.3860681 ], [ -49.5921096, -20.3860704 ], [ -49.5921094, -20.3860727 ], [ -49.5921091, -20.3860749 ], [ -49.592109, -20.3860772 ], [ -49.5921088, -20.3860795 ], [ -49.5921087, -20.3860818 ], [ -49.5921086, -20.386084 ], [ -49.5921086, -20.3860863 ], [ -49.5921086, -20.3860886 ], [ -49.5921087, -20.3860909 ], [ -49.5921088, -20.3860932 ], [ -49.592109, -20.3860955 ], [ -49.5921091, -20.3860977 ], [ -49.5921094, -20.3861 ], [ -49.5921096, -20.3861023 ], [ -49.59211, -20.3861045 ], [ -49.5921103, -20.3861068 ], [ -49.5921107, -20.386109 ], [ -49.5921112, -20.3861113 ], [ -49.5921116, -20.3861135 ], [ -49.5921122, -20.3861158 ], [ -49.5921127, -20.386118 ], [ -49.5921133, -20.3861202 ], [ -49.592114, -20.3861224 ], [ -49.5921147, -20.3861246 ], [ -49.5921154, -20.3861268 ], [ -49.5921161, -20.3861289 ], [ -49.5921169, -20.3861311 ], [ -49.5921178, -20.3861332 ], [ -49.5921187, -20.3861353 ], [ -49.5921196, -20.3861375 ], [ -49.5921206, -20.3861395 ], [ -49.5921216, -20.3861416 ], [ -49.5921226, -20.3861437 ], [ -49.5921237, -20.3861457 ], [ -49.5921248, -20.3861478 ], [ -49.5921259, -20.3861498 ], [ -49.5921271, -20.3861518 ], [ -49.5921283, -20.3861537 ], [ -49.5921296, -20.3861557 ], [ -49.5921309, -20.3861576 ], [ -49.5921322, -20.3861595 ], [ -49.5921336, -20.3861614 ], [ -49.592135, -20.3861633 ], [ -49.5921364, -20.3861651 ], [ -49.5921379, -20.3861669 ], [ -49.5921394, -20.3861687 ], [ -49.5921409, -20.3861705 ], [ -49.5921425, -20.3861722 ], [ -49.5921441, -20.3861739 ], [ -49.5921457, -20.3861756 ], [ -49.5921474, -20.3861773 ], [ -49.5921491, -20.3861789 ], [ -49.5921508, -20.3861805 ], [ -49.5921525, -20.3861821 ], [ -49.5921543, -20.3861837 ], [ -49.5921561, -20.3861852 ], [ -49.5921579, -20.3861867 ], [ -49.5921598, -20.3861881 ], [ -49.5921617, -20.3861896 ], [ -49.5921636, -20.386191 ], [ -49.5921655, -20.3861923 ], [ -49.5921675, -20.3861937 ], [ -49.5921695, -20.386195 ], [ -49.5921715, -20.3861962 ], [ -49.5921735, -20.3861975 ], [ -49.5921756, -20.3861987 ], [ -49.5921777, -20.3861999 ], [ -49.5921798, -20.386201 ], [ -49.5921819, -20.3862021 ], [ -49.592184, -20.3862032 ], [ -49.5921862, -20.3862042 ], [ -49.5921884, -20.3862052 ], [ -49.5921906, -20.3862061 ], [ -49.5921928, -20.3862071 ], [ -49.592195, -20.386208 ], [ -49.5921973, -20.3862088 ], [ -49.5921995, -20.3862096 ], [ -49.5922018, -20.3862104 ], [ -49.5922041, -20.3862111 ], [ -49.5922064, -20.3862118 ], [ -49.5922087, -20.3862125 ], [ -49.5922111, -20.3862131 ], [ -49.5922134, -20.3862137 ], [ -49.5922157, -20.3862143 ], [ -49.5922181, -20.3862148 ], [ -49.5922205, -20.3862152 ], [ -49.5922228, -20.3862157 ], [ -49.5922252, -20.3862161 ], [ -49.5922276, -20.3862164 ], [ -49.59223, -20.3862167 ], [ -49.5922324, -20.386217 ], [ -49.5922348, -20.3862173 ], [ -49.5922372, -20.3862174 ], [ -49.5922397, -20.3862176 ], [ -49.5922421, -20.3862177 ], [ -49.5922445, -20.3862178 ], [ -49.5922469, -20.3862178 ], [ -49.5922493, -20.3862178 ], [ -49.5922518, -20.3862178 ], [ -49.5922542, -20.3862177 ], [ -49.5922566, -20.3862176 ], [ -49.592259, -20.3862174 ], [ -49.5922614, -20.3862172 ], [ -49.5922638, -20.386217 ], [ -49.5922662, -20.3862167 ], [ -49.5922686, -20.3862164 ], [ -49.592271, -20.3862161 ], [ -49.5922734, -20.3862157 ], [ -49.5922758, -20.3862152 ], [ -49.5922782, -20.3862148 ], [ -49.5922805, -20.3862142 ], [ -49.5922829, -20.3862137 ], [ -49.5922852, -20.3862131 ], [ -49.5922875, -20.3862125 ], [ -49.5922899, -20.3862118 ], [ -49.5922922, -20.3862111 ], [ -49.5922944, -20.3862104 ], [ -49.5922967, -20.3862096 ], [ -49.592299, -20.3862088 ], [ -49.5923012, -20.3862079 ], [ -49.5923035, -20.3862071 ], [ -49.5923057, -20.3862061 ], [ -49.5923079, -20.3862052 ], [ -49.5923101, -20.3862042 ], [ -49.5923122, -20.3862031 ], [ -49.5923144, -20.3862021 ], [ -49.5923165, -20.386201 ], [ -49.5923186, -20.3861998 ], [ -49.5923207, -20.3861987 ], [ -49.5923227, -20.3861975 ], [ -49.5923247, -20.3861962 ], [ -49.5923268, -20.386195 ], [ -49.5923287, -20.3861936 ], [ -49.5923307, -20.3861923 ], [ -49.5923326, -20.3861909 ], [ -49.5923346, -20.3861895 ], [ -49.5923364, -20.3861881 ], [ -49.5923383, -20.3861867 ], [ -49.5923401, -20.3861852 ], [ -49.5923419, -20.3861836 ], [ -49.5923437, -20.3861821 ], [ -49.5923455, -20.3861805 ], [ -49.5923472, -20.3861789 ], [ -49.5923489, -20.3861773 ], [ -49.5923505, -20.3861756 ], [ -49.5923522, -20.3861739 ], [ -49.5923538, -20.3861722 ], [ -49.5923553, -20.3861705 ], [ -49.5923569, -20.3861687 ], [ -49.5923584, -20.3861669 ], [ -49.5923598, -20.3861651 ], [ -49.5923613, -20.3861632 ], [ -49.5923627, -20.3861614 ], [ -49.592364, -20.3861595 ], [ -49.5923654, -20.3861576 ], [ -49.5923666, -20.3861557 ], [ -49.5923679, -20.3861537 ], [ -49.5923691, -20.3861517 ], [ -49.5923703, -20.3861497 ], [ -49.5923715, -20.3861477 ], [ -49.5923726, -20.3861457 ], [ -49.5923737, -20.3861437 ], [ -49.5923747, -20.3861416 ], [ -49.5923757, -20.3861395 ], [ -49.5923766, -20.3861374 ], [ -49.5923776, -20.3861353 ], [ -49.5923785, -20.3861332 ], [ -49.5923793, -20.386131 ], [ -49.5923801, -20.3861289 ], [ -49.5923809, -20.3861267 ], [ -49.5923816, -20.3861245 ], [ -49.5923823, -20.3861224 ], [ -49.5923829, -20.3861202 ], [ -49.5923835, -20.3861179 ], [ -49.5923841, -20.3861157 ], [ -49.5923846, -20.3861135 ], [ -49.5923851, -20.3861113 ], [ -49.5923855, -20.386109 ], [ -49.5923859, -20.3861068 ], [ -49.5923863, -20.3861045 ], [ -49.5923866, -20.3861022 ], [ -49.5923869, -20.3861 ], [ -49.5923871, -20.3860977 ], [ -49.5923873, -20.3860954 ], [ -49.5923874, -20.3860931 ], [ -49.5923875, -20.3860909 ], [ -49.5923876, -20.3860886 ], [ -49.5923876, -20.3860863 ], [ -49.5923876, -20.386084 ], [ -49.5923875, -20.3860817 ], [ -49.5923874, -20.3860795 ], [ -49.5923873, -20.3860772 ], [ -49.5923871, -20.3860749 ], [ -49.5923869, -20.3860726 ], [ -49.5923866, -20.3860704 ], [ -49.5923863, -20.3860681 ], [ -49.5923859, -20.3860658 ], [ -49.5923855, -20.3860636 ], [ -49.5923851, -20.3860613 ], [ -49.5923846, -20.3860591 ], [ -49.5923841, -20.3860569 ], [ -49.5923835, -20.3860547 ], [ -49.5923829, -20.3860524 ], [ -49.5923823, -20.3860502 ], [ -49.5923816, -20.386048 ], [ -49.5923809, -20.3860459 ], [ -49.5923801, -20.3860437 ], [ -49.5923793, -20.3860416 ], [ -49.5923784, -20.3860394 ], [ -49.5923776, -20.3860373 ], [ -49.5923766, -20.3860352 ], [ -49.5923757, -20.3860331 ], [ -49.5923747, -20.386031 ], [ -49.5923736, -20.3860289 ], [ -49.5923726, -20.3860269 ], [ -49.5923715, -20.3860249 ], [ -49.5923703, -20.3860229 ], [ -49.5923691, -20.3860209 ], [ -49.5923679, -20.3860189 ], [ -49.5923666, -20.3860169 ], [ -49.5923653, -20.386015 ], [ -49.592364, -20.3860131 ], [ -49.5923626, -20.3860112 ], [ -49.5923612, -20.3860094 ], [ -49.5923598, -20.3860075 ], [ -49.5923583, -20.3860057 ], [ -49.5923568, -20.3860039 ], [ -49.5923553, -20.3860021 ], [ -49.5923537, -20.3860004 ], [ -49.5923521, -20.3859987 ], [ -49.5923505, -20.385997 ], [ -49.5923489, -20.3859953 ], [ -49.5923472, -20.3859937 ], [ -49.5923454, -20.3859921 ], [ -49.5923437, -20.3859905 ], [ -49.5923419, -20.385989 ], [ -49.5923401, -20.3859874 ], [ -49.5923383, -20.385986 ], [ -49.5923364, -20.3859845 ], [ -49.5923345, -20.3859831 ], [ -49.5923326, -20.3859817 ], [ -49.5923307, -20.3859803 ], [ -49.5923287, -20.385979 ], [ -49.5923267, -20.3859777 ], [ -49.5923247, -20.3859764 ], [ -49.5923227, -20.3859752 ], [ -49.5923206, -20.3859739 ], [ -49.5923185, -20.3859728 ], [ -49.5923164, -20.3859716 ], [ -49.5923143, -20.3859705 ], [ -49.5923122, -20.3859695 ], [ -49.59231, -20.3859684 ], [ -49.5923078, -20.3859674 ], [ -49.5923056, -20.3859665 ], [ -49.5923034, -20.3859656 ], [ -49.5923012, -20.3859647 ], [ -49.592299, -20.3859638 ], [ -49.5922967, -20.385963 ], [ -49.5922944, -20.3859622 ], [ -49.5922921, -20.3859615 ], [ -49.5922898, -20.3859608 ], [ -49.5922875, -20.3859601 ], [ -49.5922852, -20.3859595 ], [ -49.5922828, -20.3859589 ], [ -49.5922805, -20.3859584 ], [ -49.5922781, -20.3859579 ], [ -49.5922758, -20.3859574 ], [ -49.5922734, -20.385957 ], [ -49.592271, -20.3859566 ], [ -49.5922686, -20.3859562 ], [ -49.5922662, -20.3859559 ], [ -49.5922638, -20.3859556 ], [ -49.5922614, -20.3859554 ], [ -49.592259, -20.3859552 ], [ -49.5922566, -20.385955 ], [ -49.5922541, -20.3859549 ], [ -49.5922517, -20.3859548 ], [ -49.5922493, -20.3859548 ] ], [ [ -49.590268, -20.3853229 ], [ -49.590265, -20.3853229 ], [ -49.5902621, -20.385323 ], [ -49.5902592, -20.3853231 ], [ -49.5902562, -20.3853232 ], [ -49.5902533, -20.3853234 ], [ -49.5902504, -20.3853237 ], [ -49.5902474, -20.385324 ], [ -49.5902445, -20.3853243 ], [ -49.5902416, -20.3853247 ], [ -49.5902387, -20.3853251 ], [ -49.5902358, -20.3853256 ], [ -49.5902329, -20.3853261 ], [ -49.59023, -20.3853267 ], [ -49.5902272, -20.3853273 ], [ -49.5902243, -20.385328 ], [ -49.5902215, -20.3853287 ], [ -49.5902187, -20.3853295 ], [ -49.5902158, -20.3853303 ], [ -49.590213, -20.3853312 ], [ -49.5902103, -20.3853321 ], [ -49.5902075, -20.385333 ], [ -49.5902048, -20.385334 ], [ -49.590202, -20.385335 ], [ -49.5901993, -20.3853361 ], [ -49.5901966, -20.3853372 ], [ -49.590194, -20.3853384 ], [ -49.5901913, -20.3853396 ], [ -49.5901887, -20.3853409 ], [ -49.5901861, -20.3853422 ], [ -49.5901835, -20.3853435 ], [ -49.590181, -20.3853449 ], [ -49.5901785, -20.3853464 ], [ -49.590176, -20.3853478 ], [ -49.5901735, -20.3853493 ], [ -49.5901711, -20.3853509 ], [ -49.5901687, -20.3853525 ], [ -49.5901663, -20.3853541 ], [ -49.5901639, -20.3853558 ], [ -49.5901616, -20.3853575 ], [ -49.5901593, -20.3853592 ], [ -49.5901571, -20.385361 ], [ -49.5901549, -20.3853628 ], [ -49.5901527, -20.3853647 ], [ -49.5901505, -20.3853666 ], [ -49.5901484, -20.3853685 ], [ -49.5901463, -20.3853705 ], [ -49.5901443, -20.3853725 ], [ -49.5901423, -20.3853745 ], [ -49.5901403, -20.3853765 ], [ -49.5901384, -20.3853786 ], [ -49.5901365, -20.3853808 ], [ -49.5901347, -20.3853829 ], [ -49.5901328, -20.3853851 ], [ -49.5901311, -20.3853873 ], [ -49.5901294, -20.3853896 ], [ -49.5901277, -20.3853918 ], [ -49.590126, -20.3853941 ], [ -49.5901244, -20.3853965 ], [ -49.5901229, -20.3853988 ], [ -49.5901213, -20.3854012 ], [ -49.5901199, -20.3854036 ], [ -49.5901185, -20.385406 ], [ -49.5901171, -20.3854085 ], [ -49.5901157, -20.3854109 ], [ -49.5901144, -20.3854134 ], [ -49.5901132, -20.3854159 ], [ -49.590112, -20.3854185 ], [ -49.5901109, -20.385421 ], [ -49.5901098, -20.3854236 ], [ -49.5901087, -20.3854262 ], [ -49.5901077, -20.3854288 ], [ -49.5901067, -20.3854314 ], [ -49.5901058, -20.385434 ], [ -49.590105, -20.3854367 ], [ -49.5901042, -20.3854394 ], [ -49.5901034, -20.385442 ], [ -49.5901027, -20.3854447 ], [ -49.590102, -20.3854474 ], [ -49.5901014, -20.3854501 ], [ -49.5901009, -20.3854529 ], [ -49.5901004, -20.3854556 ], [ -49.5900999, -20.3854583 ], [ -49.5900995, -20.3854611 ], [ -49.5900991, -20.3854638 ], [ -49.5900988, -20.3854666 ], [ -49.5900986, -20.3854694 ], [ -49.5900984, -20.3854721 ], [ -49.5900982, -20.3854749 ], [ -49.5900981, -20.3854777 ], [ -49.5900981, -20.3854804 ], [ -49.5900981, -20.3854832 ], [ -49.5900981, -20.385486 ], [ -49.5900982, -20.3854887 ], [ -49.5900984, -20.3854915 ], [ -49.5900986, -20.3854943 ], [ -49.5900988, -20.385497 ], [ -49.5900991, -20.3854998 ], [ -49.5900995, -20.3855026 ], [ -49.5900999, -20.3855053 ], [ -49.5901004, -20.385508 ], [ -49.5901009, -20.3855108 ], [ -49.5901014, -20.3855135 ], [ -49.590102, -20.3855162 ], [ -49.5901027, -20.3855189 ], [ -49.5901034, -20.3855216 ], [ -49.5901042, -20.3855243 ], [ -49.590105, -20.3855269 ], [ -49.5901059, -20.3855296 ], [ -49.5901068, -20.3855322 ], [ -49.5901077, -20.3855348 ], [ -49.5901087, -20.3855375 ], [ -49.5901098, -20.38554 ], [ -49.5901109, -20.3855426 ], [ -49.590112, -20.3855452 ], [ -49.5901132, -20.3855477 ], [ -49.5901145, -20.3855502 ], [ -49.5901158, -20.3855527 ], [ -49.5901171, -20.3855552 ], [ -49.5901185, -20.3855576 ], [ -49.5901199, -20.38556 ], [ -49.5901214, -20.3855624 ], [ -49.5901229, -20.3855648 ], [ -49.5901244, -20.3855672 ], [ -49.590126, -20.3855695 ], [ -49.5901277, -20.3855718 ], [ -49.5901294, -20.3855741 ], [ -49.5901311, -20.3855763 ], [ -49.5901329, -20.3855785 ], [ -49.5901347, -20.3855807 ], [ -49.5901365, -20.3855829 ], [ -49.5901384, -20.385585 ], [ -49.5901404, -20.3855871 ], [ -49.5901423, -20.3855891 ], [ -49.5901443, -20.3855912 ], [ -49.5901464, -20.3855932 ], [ -49.5901485, -20.3855951 ], [ -49.5901506, -20.385597 ], [ -49.5901527, -20.3855989 ], [ -49.5901549, -20.3856008 ], [ -49.5901571, -20.3856026 ], [ -49.5901594, -20.3856044 ], [ -49.5901617, -20.3856061 ], [ -49.590164, -20.3856078 ], [ -49.5901663, -20.3856095 ], [ -49.5901687, -20.3856111 ], [ -49.5901711, -20.3856127 ], [ -49.5901736, -20.3856143 ], [ -49.590176, -20.3856158 ], [ -49.5901785, -20.3856173 ], [ -49.590181, -20.3856187 ], [ -49.5901836, -20.3856201 ], [ -49.5901862, -20.3856214 ], [ -49.5901888, -20.3856227 ], [ -49.5901914, -20.385624 ], [ -49.590194, -20.3856252 ], [ -49.5901967, -20.3856264 ], [ -49.5901994, -20.3856275 ], [ -49.5902021, -20.3856286 ], [ -49.5902048, -20.3856296 ], [ -49.5902075, -20.3856306 ], [ -49.5902103, -20.3856316 ], [ -49.5902131, -20.3856325 ], [ -49.5902159, -20.3856333 ], [ -49.5902187, -20.3856341 ], [ -49.5902215, -20.3856349 ], [ -49.5902244, -20.3856356 ], [ -49.5902272, -20.3856363 ], [ -49.5902301, -20.3856369 ], [ -49.590233, -20.3856375 ], [ -49.5902358, -20.385638 ], [ -49.5902387, -20.3856385 ], [ -49.5902416, -20.3856389 ], [ -49.5902446, -20.3856393 ], [ -49.5902475, -20.3856396 ], [ -49.5902504, -20.3856399 ], [ -49.5902533, -20.3856402 ], [ -49.5902563, -20.3856404 ], [ -49.5902592, -20.3856405 ], [ -49.5902621, -20.3856406 ], [ -49.5902651, -20.3856407 ], [ -49.590268, -20.3856406 ], [ -49.590271, -20.3856406 ], [ -49.5902739, -20.3856405 ], [ -49.5902768, -20.3856404 ], [ -49.5902798, -20.3856402 ], [ -49.5902827, -20.3856399 ], [ -49.5902856, -20.3856396 ], [ -49.5902885, -20.3856393 ], [ -49.5902915, -20.3856389 ], [ -49.5902944, -20.3856385 ], [ -49.5902973, -20.385638 ], [ -49.5903001, -20.3856375 ], [ -49.590303, -20.3856369 ], [ -49.5903059, -20.3856363 ], [ -49.5903087, -20.3856356 ], [ -49.5903116, -20.3856349 ], [ -49.5903144, -20.3856341 ], [ -49.5903172, -20.3856333 ], [ -49.59032, -20.3856324 ], [ -49.5903228, -20.3856315 ], [ -49.5903256, -20.3856306 ], [ -49.5903283, -20.3856296 ], [ -49.590331, -20.3856286 ], [ -49.5903337, -20.3856275 ], [ -49.5903364, -20.3856263 ], [ -49.5903391, -20.3856252 ], [ -49.5903417, -20.385624 ], [ -49.5903443, -20.3856227 ], [ -49.5903469, -20.3856214 ], [ -49.5903495, -20.38562 ], [ -49.5903521, -20.3856187 ], [ -49.5903546, -20.3856172 ], [ -49.5903571, -20.3856158 ], [ -49.5903595, -20.3856143 ], [ -49.590362, -20.3856127 ], [ -49.5903644, -20.3856111 ], [ -49.5903668, -20.3856095 ], [ -49.5903691, -20.3856078 ], [ -49.5903714, -20.3856061 ], [ -49.5903737, -20.3856044 ], [ -49.590376, -20.3856026 ], [ -49.5903782, -20.3856008 ], [ -49.5903804, -20.3855989 ], [ -49.5903825, -20.385597 ], [ -49.5903846, -20.3855951 ], [ -49.5903867, -20.3855931 ], [ -49.5903888, -20.3855911 ], [ -49.5903908, -20.3855891 ], [ -49.5903927, -20.385587 ], [ -49.5903947, -20.3855849 ], [ -49.5903965, -20.3855828 ], [ -49.5903984, -20.3855807 ], [ -49.5904002, -20.3855785 ], [ -49.590402, -20.3855763 ], [ -49.5904037, -20.385574 ], [ -49.5904054, -20.3855718 ], [ -49.590407, -20.3855695 ], [ -49.5904086, -20.3855671 ], [ -49.5904102, -20.3855648 ], [ -49.5904117, -20.3855624 ], [ -49.5904132, -20.38556 ], [ -49.5904146, -20.3855576 ], [ -49.590416, -20.3855551 ], [ -49.5904173, -20.3855527 ], [ -49.5904186, -20.3855502 ], [ -49.5904198, -20.3855477 ], [ -49.590421, -20.3855451 ], [ -49.5904222, -20.3855426 ], [ -49.5904233, -20.38554 ], [ -49.5904243, -20.3855374 ], [ -49.5904253, -20.3855348 ], [ -49.5904263, -20.3855322 ], [ -49.5904272, -20.3855295 ], [ -49.5904281, -20.3855269 ], [ -49.5904289, -20.3855242 ], [ -49.5904296, -20.3855215 ], [ -49.5904304, -20.3855189 ], [ -49.590431, -20.3855162 ], [ -49.5904316, -20.3855134 ], [ -49.5904322, -20.3855107 ], [ -49.5904327, -20.385508 ], [ -49.5904332, -20.3855053 ], [ -49.5904336, -20.3855025 ], [ -49.5904339, -20.3854998 ], [ -49.5904342, -20.385497 ], [ -49.5904345, -20.3854942 ], [ -49.5904347, -20.3854915 ], [ -49.5904348, -20.3854887 ], [ -49.5904349, -20.3854859 ], [ -49.590435, -20.3854832 ], [ -49.590435, -20.3854804 ], [ -49.5904349, -20.3854776 ], [ -49.5904348, -20.3854748 ], [ -49.5904347, -20.3854721 ], [ -49.5904345, -20.3854693 ], [ -49.5904342, -20.3854665 ], [ -49.5904339, -20.3854638 ], [ -49.5904336, -20.385461 ], [ -49.5904332, -20.3854583 ], [ -49.5904327, -20.3854556 ], [ -49.5904322, -20.3854528 ], [ -49.5904316, -20.3854501 ], [ -49.590431, -20.3854474 ], [ -49.5904303, -20.3854447 ], [ -49.5904296, -20.385442 ], [ -49.5904289, -20.3854393 ], [ -49.5904281, -20.3854367 ], [ -49.5904272, -20.385434 ], [ -49.5904263, -20.3854314 ], [ -49.5904253, -20.3854287 ], [ -49.5904243, -20.3854261 ], [ -49.5904233, -20.3854235 ], [ -49.5904222, -20.385421 ], [ -49.590421, -20.3854184 ], [ -49.5904198, -20.3854159 ], [ -49.5904186, -20.3854134 ], [ -49.5904173, -20.3854109 ], [ -49.590416, -20.3854084 ], [ -49.5904146, -20.385406 ], [ -49.5904131, -20.3854035 ], [ -49.5904117, -20.3854011 ], [ -49.5904102, -20.3853988 ], [ -49.5904086, -20.3853964 ], [ -49.590407, -20.3853941 ], [ -49.5904054, -20.3853918 ], [ -49.5904037, -20.3853895 ], [ -49.5904019, -20.3853873 ], [ -49.5904002, -20.3853851 ], [ -49.5903984, -20.3853829 ], [ -49.5903965, -20.3853807 ], [ -49.5903946, -20.3853786 ], [ -49.5903927, -20.3853765 ], [ -49.5903907, -20.3853745 ], [ -49.5903887, -20.3853724 ], [ -49.5903867, -20.3853704 ], [ -49.5903846, -20.3853685 ], [ -49.5903825, -20.3853665 ], [ -49.5903803, -20.3853647 ], [ -49.5903781, -20.3853628 ], [ -49.5903759, -20.385361 ], [ -49.5903737, -20.3853592 ], [ -49.5903714, -20.3853575 ], [ -49.5903691, -20.3853557 ], [ -49.5903667, -20.3853541 ], [ -49.5903643, -20.3853524 ], [ -49.5903619, -20.3853509 ], [ -49.5903595, -20.3853493 ], [ -49.590357, -20.3853478 ], [ -49.5903545, -20.3853463 ], [ -49.590352, -20.3853449 ], [ -49.5903495, -20.3853435 ], [ -49.5903469, -20.3853422 ], [ -49.5903443, -20.3853409 ], [ -49.5903417, -20.3853396 ], [ -49.590339, -20.3853384 ], [ -49.5903364, -20.3853372 ], [ -49.5903337, -20.3853361 ], [ -49.590331, -20.385335 ], [ -49.5903282, -20.385334 ], [ -49.5903255, -20.385333 ], [ -49.5903227, -20.385332 ], [ -49.59032, -20.3853311 ], [ -49.5903172, -20.3853303 ], [ -49.5903144, -20.3853295 ], [ -49.5903115, -20.3853287 ], [ -49.5903087, -20.385328 ], [ -49.5903058, -20.3853273 ], [ -49.590303, -20.3853267 ], [ -49.5903001, -20.3853261 ], [ -49.5902972, -20.3853256 ], [ -49.5902943, -20.3853251 ], [ -49.5902914, -20.3853247 ], [ -49.5902885, -20.3853243 ], [ -49.5902856, -20.385324 ], [ -49.5902826, -20.3853237 ], [ -49.5902797, -20.3853234 ], [ -49.5902768, -20.3853232 ], [ -49.5902738, -20.3853231 ], [ -49.5902709, -20.385323 ], [ -49.590268, -20.3853229 ] ], [ [ -49.5887508, -20.3859656 ], [ -49.5887484, -20.3859656 ], [ -49.5887459, -20.3859656 ], [ -49.5887434, -20.3859657 ], [ -49.588741, -20.3859658 ], [ -49.5887385, -20.385966 ], [ -49.5887361, -20.3859662 ], [ -49.5887337, -20.3859664 ], [ -49.5887312, -20.3859667 ], [ -49.5887288, -20.385967 ], [ -49.5887264, -20.3859674 ], [ -49.588724, -20.3859678 ], [ -49.5887215, -20.3859682 ], [ -49.5887191, -20.3859687 ], [ -49.5887168, -20.3859692 ], [ -49.5887144, -20.3859698 ], [ -49.588712, -20.3859704 ], [ -49.5887096, -20.385971 ], [ -49.5887073, -20.3859717 ], [ -49.588705, -20.3859724 ], [ -49.5887026, -20.3859732 ], [ -49.5887003, -20.385974 ], [ -49.588698, -20.3859748 ], [ -49.5886958, -20.3859757 ], [ -49.5886935, -20.3859766 ], [ -49.5886913, -20.3859775 ], [ -49.588689, -20.3859785 ], [ -49.5886868, -20.3859795 ], [ -49.5886846, -20.3859805 ], [ -49.5886825, -20.3859816 ], [ -49.5886803, -20.3859828 ], [ -49.5886782, -20.3859839 ], [ -49.5886761, -20.3859851 ], [ -49.588674, -20.3859863 ], [ -49.588672, -20.3859876 ], [ -49.5886699, -20.3859889 ], [ -49.5886679, -20.3859902 ], [ -49.5886659, -20.3859916 ], [ -49.588664, -20.385993 ], [ -49.588662, -20.3859944 ], [ -49.5886601, -20.3859958 ], [ -49.5886583, -20.3859973 ], [ -49.5886564, -20.3859989 ], [ -49.5886546, -20.3860004 ], [ -49.5886528, -20.386002 ], [ -49.588651, -20.3860036 ], [ -49.5886493, -20.3860052 ], [ -49.5886476, -20.3860069 ], [ -49.5886459, -20.3860086 ], [ -49.5886443, -20.3860103 ], [ -49.5886427, -20.3860121 ], [ -49.5886411, -20.3860138 ], [ -49.5886395, -20.3860156 ], [ -49.588638, -20.3860174 ], [ -49.5886365, -20.3860193 ], [ -49.5886351, -20.3860212 ], [ -49.5886337, -20.3860231 ], [ -49.5886323, -20.386025 ], [ -49.588631, -20.3860269 ], [ -49.5886297, -20.3860289 ], [ -49.5886284, -20.3860309 ], [ -49.5886272, -20.3860329 ], [ -49.588626, -20.3860349 ], [ -49.5886249, -20.3860369 ], [ -49.5886237, -20.386039 ], [ -49.5886227, -20.3860411 ], [ -49.5886216, -20.3860432 ], [ -49.5886206, -20.3860453 ], [ -49.5886197, -20.3860474 ], [ -49.5886187, -20.3860496 ], [ -49.5886179, -20.3860517 ], [ -49.588617, -20.3860539 ], [ -49.5886162, -20.3860561 ], [ -49.5886155, -20.3860583 ], [ -49.5886148, -20.3860605 ], [ -49.5886141, -20.3860627 ], [ -49.5886134, -20.386065 ], [ -49.5886129, -20.3860672 ], [ -49.5886123, -20.3860695 ], [ -49.5886118, -20.3860717 ], [ -49.5886113, -20.386074 ], [ -49.5886109, -20.3860763 ], [ -49.5886105, -20.3860786 ], [ -49.5886102, -20.3860809 ], [ -49.5886099, -20.3860832 ], [ -49.5886096, -20.3860855 ], [ -49.5886094, -20.3860878 ], [ -49.5886092, -20.3860901 ], [ -49.5886091, -20.3860924 ], [ -49.588609, -20.3860947 ], [ -49.588609, -20.386097 ], [ -49.588609, -20.3860993 ], [ -49.588609, -20.3861016 ], [ -49.5886091, -20.386104 ], [ -49.5886092, -20.3861063 ], [ -49.5886094, -20.3861086 ], [ -49.5886096, -20.3861109 ], [ -49.5886099, -20.3861132 ], [ -49.5886102, -20.3861155 ], [ -49.5886105, -20.3861178 ], [ -49.5886109, -20.3861201 ], [ -49.5886113, -20.3861223 ], [ -49.5886118, -20.3861246 ], [ -49.5886123, -20.3861269 ], [ -49.5886129, -20.3861291 ], [ -49.5886135, -20.3861314 ], [ -49.5886141, -20.3861336 ], [ -49.5886148, -20.3861358 ], [ -49.5886155, -20.386138 ], [ -49.5886162, -20.3861402 ], [ -49.588617, -20.3861424 ], [ -49.5886179, -20.3861446 ], [ -49.5886188, -20.3861468 ], [ -49.5886197, -20.3861489 ], [ -49.5886206, -20.386151 ], [ -49.5886216, -20.3861532 ], [ -49.5886227, -20.3861553 ], [ -49.5886238, -20.3861573 ], [ -49.5886249, -20.3861594 ], [ -49.588626, -20.3861614 ], [ -49.5886272, -20.3861635 ], [ -49.5886284, -20.3861655 ], [ -49.5886297, -20.3861675 ], [ -49.588631, -20.3861694 ], [ -49.5886323, -20.3861714 ], [ -49.5886337, -20.3861733 ], [ -49.5886351, -20.3861752 ], [ -49.5886366, -20.386177 ], [ -49.588638, -20.3861789 ], [ -49.5886396, -20.3861807 ], [ -49.5886411, -20.3861825 ], [ -49.5886427, -20.3861843 ], [ -49.5886443, -20.386186 ], [ -49.5886459, -20.3861878 ], [ -49.5886476, -20.3861894 ], [ -49.5886493, -20.3861911 ], [ -49.588651, -20.3861927 ], [ -49.5886528, -20.3861944 ], [ -49.5886546, -20.3861959 ], [ -49.5886564, -20.3861975 ], [ -49.5886583, -20.386199 ], [ -49.5886602, -20.3862005 ], [ -49.5886621, -20.3862019 ], [ -49.588664, -20.3862034 ], [ -49.588666, -20.3862048 ], [ -49.588668, -20.3862061 ], [ -49.58867, -20.3862074 ], [ -49.588672, -20.3862087 ], [ -49.5886741, -20.38621 ], [ -49.5886761, -20.3862112 ], [ -49.5886782, -20.3862124 ], [ -49.5886804, -20.3862136 ], [ -49.5886825, -20.3862147 ], [ -49.5886847, -20.3862158 ], [ -49.5886869, -20.3862168 ], [ -49.5886891, -20.3862178 ], [ -49.5886913, -20.3862188 ], [ -49.5886935, -20.3862198 ], [ -49.5886958, -20.3862207 ], [ -49.5886981, -20.3862215 ], [ -49.5887004, -20.3862224 ], [ -49.5887027, -20.3862232 ], [ -49.588705, -20.3862239 ], [ -49.5887073, -20.3862246 ], [ -49.5887097, -20.3862253 ], [ -49.588712, -20.3862259 ], [ -49.5887144, -20.3862265 ], [ -49.5887168, -20.3862271 ], [ -49.5887192, -20.3862276 ], [ -49.5887216, -20.3862281 ], [ -49.588724, -20.3862285 ], [ -49.5887264, -20.3862289 ], [ -49.5887288, -20.3862293 ], [ -49.5887313, -20.3862296 ], [ -49.5887337, -20.3862299 ], [ -49.5887361, -20.3862301 ], [ -49.5887386, -20.3862303 ], [ -49.588741, -20.3862305 ], [ -49.5887435, -20.3862306 ], [ -49.5887459, -20.3862307 ], [ -49.5887484, -20.3862307 ], [ -49.5887508, -20.3862307 ], [ -49.5887533, -20.3862307 ], [ -49.5887558, -20.3862306 ], [ -49.5887582, -20.3862305 ], [ -49.5887607, -20.3862303 ], [ -49.5887631, -20.3862301 ], [ -49.5887655, -20.3862299 ], [ -49.588768, -20.3862296 ], [ -49.5887704, -20.3862293 ], [ -49.5887728, -20.3862289 ], [ -49.5887752, -20.3862285 ], [ -49.5887777, -20.3862281 ], [ -49.5887801, -20.3862276 ], [ -49.5887824, -20.3862271 ], [ -49.5887848, -20.3862265 ], [ -49.5887872, -20.3862259 ], [ -49.5887896, -20.3862253 ], [ -49.5887919, -20.3862246 ], [ -49.5887942, -20.3862239 ], [ -49.5887966, -20.3862231 ], [ -49.5887989, -20.3862223 ], [ -49.5888012, -20.3862215 ], [ -49.5888034, -20.3862207 ], [ -49.5888057, -20.3862197 ], [ -49.5888079, -20.3862188 ], [ -49.5888102, -20.3862178 ], [ -49.5888124, -20.3862168 ], [ -49.5888146, -20.3862158 ], [ -49.5888167, -20.3862147 ], [ -49.5888189, -20.3862136 ], [ -49.588821, -20.3862124 ], [ -49.5888231, -20.3862112 ], [ -49.5888252, -20.38621 ], [ -49.5888272, -20.3862087 ], [ -49.5888293, -20.3862074 ], [ -49.5888313, -20.3862061 ], [ -49.5888333, -20.3862047 ], [ -49.5888352, -20.3862033 ], [ -49.5888372, -20.3862019 ], [ -49.5888391, -20.3862005 ], [ -49.5888409, -20.386199 ], [ -49.5888428, -20.3861975 ], [ -49.5888446, -20.3861959 ], [ -49.5888464, -20.3861943 ], [ -49.5888482, -20.3861927 ], [ -49.5888499, -20.3861911 ], [ -49.5888516, -20.3861894 ], [ -49.5888533, -20.3861877 ], [ -49.5888549, -20.386186 ], [ -49.5888565, -20.3861843 ], [ -49.5888581, -20.3861825 ], [ -49.5888597, -20.3861807 ], [ -49.5888612, -20.3861789 ], [ -49.5888627, -20.386177 ], [ -49.5888641, -20.3861751 ], [ -49.5888655, -20.3861732 ], [ -49.5888669, -20.3861713 ], [ -49.5888682, -20.3861694 ], [ -49.5888695, -20.3861674 ], [ -49.5888708, -20.3861654 ], [ -49.588872, -20.3861634 ], [ -49.5888732, -20.3861614 ], [ -49.5888743, -20.3861594 ], [ -49.5888755, -20.3861573 ], [ -49.5888765, -20.3861552 ], [ -49.5888776, -20.3861531 ], [ -49.5888786, -20.386151 ], [ -49.5888795, -20.3861489 ], [ -49.5888804, -20.3861467 ], [ -49.5888813, -20.3861446 ], [ -49.5888822, -20.3861424 ], [ -49.588883, -20.3861402 ], [ -49.5888837, -20.386138 ], [ -49.5888844, -20.3861358 ], [ -49.5888851, -20.3861336 ], [ -49.5888858, -20.3861313 ], [ -49.5888863, -20.3861291 ], [ -49.5888869, -20.3861268 ], [ -49.5888874, -20.3861246 ], [ -49.5888879, -20.3861223 ], [ -49.5888883, -20.38612 ], [ -49.5888887, -20.3861177 ], [ -49.588889, -20.3861154 ], [ -49.5888893, -20.3861131 ], [ -49.5888896, -20.3861108 ], [ -49.5888898, -20.3861085 ], [ -49.58889, -20.3861062 ], [ -49.5888901, -20.3861039 ], [ -49.5888902, -20.3861016 ], [ -49.5888902, -20.3860993 ], [ -49.5888902, -20.386097 ], [ -49.5888902, -20.3860947 ], [ -49.5888901, -20.3860924 ], [ -49.58889, -20.38609 ], [ -49.5888898, -20.3860877 ], [ -49.5888896, -20.3860854 ], [ -49.5888893, -20.3860831 ], [ -49.588889, -20.3860808 ], [ -49.5888887, -20.3860785 ], [ -49.5888883, -20.3860763 ], [ -49.5888879, -20.386074 ], [ -49.5888874, -20.3860717 ], [ -49.5888869, -20.3860694 ], [ -49.5888863, -20.3860672 ], [ -49.5888857, -20.3860649 ], [ -49.5888851, -20.3860627 ], [ -49.5888844, -20.3860605 ], [ -49.5888837, -20.3860583 ], [ -49.588883, -20.3860561 ], [ -49.5888822, -20.3860539 ], [ -49.5888813, -20.3860517 ], [ -49.5888804, -20.3860495 ], [ -49.5888795, -20.3860474 ], [ -49.5888786, -20.3860453 ], [ -49.5888776, -20.3860431 ], [ -49.5888765, -20.3860411 ], [ -49.5888754, -20.386039 ], [ -49.5888743, -20.3860369 ], [ -49.5888732, -20.3860349 ], [ -49.588872, -20.3860328 ], [ -49.5888708, -20.3860308 ], [ -49.5888695, -20.3860289 ], [ -49.5888682, -20.3860269 ], [ -49.5888669, -20.386025 ], [ -49.5888655, -20.386023 ], [ -49.5888641, -20.3860211 ], [ -49.5888626, -20.3860193 ], [ -49.5888612, -20.3860174 ], [ -49.5888596, -20.3860156 ], [ -49.5888581, -20.3860138 ], [ -49.5888565, -20.386012 ], [ -49.5888549, -20.3860103 ], [ -49.5888533, -20.3860086 ], [ -49.5888516, -20.3860069 ], [ -49.5888499, -20.3860052 ], [ -49.5888482, -20.3860036 ], [ -49.5888464, -20.386002 ], [ -49.5888446, -20.3860004 ], [ -49.5888428, -20.3859988 ], [ -49.5888409, -20.3859973 ], [ -49.588839, -20.3859958 ], [ -49.5888371, -20.3859944 ], [ -49.5888352, -20.3859929 ], [ -49.5888332, -20.3859916 ], [ -49.5888312, -20.3859902 ], [ -49.5888292, -20.3859889 ], [ -49.5888272, -20.3859876 ], [ -49.5888251, -20.3859863 ], [ -49.5888231, -20.3859851 ], [ -49.588821, -20.3859839 ], [ -49.5888188, -20.3859827 ], [ -49.5888167, -20.3859816 ], [ -49.5888145, -20.3859805 ], [ -49.5888123, -20.3859795 ], [ -49.5888101, -20.3859785 ], [ -49.5888079, -20.3859775 ], [ -49.5888057, -20.3859765 ], [ -49.5888034, -20.3859756 ], [ -49.5888011, -20.3859748 ], [ -49.5887988, -20.3859739 ], [ -49.5887965, -20.3859732 ], [ -49.5887942, -20.3859724 ], [ -49.5887919, -20.3859717 ], [ -49.5887895, -20.385971 ], [ -49.5887872, -20.3859704 ], [ -49.5887848, -20.3859698 ], [ -49.5887824, -20.3859692 ], [ -49.58878, -20.3859687 ], [ -49.5887776, -20.3859682 ], [ -49.5887752, -20.3859678 ], [ -49.5887728, -20.3859674 ], [ -49.5887704, -20.385967 ], [ -49.5887679, -20.3859667 ], [ -49.5887655, -20.3859664 ], [ -49.5887631, -20.3859662 ], [ -49.5887606, -20.385966 ], [ -49.5887582, -20.3859658 ], [ -49.5887557, -20.3859657 ], [ -49.5887533, -20.3859656 ], [ -49.5887508, -20.3859656 ] ], [ [ -49.5919926, -20.3852606 ], [ -49.5919904, -20.3852606 ], [ -49.5919882, -20.3852607 ], [ -49.591986, -20.3852607 ], [ -49.5919839, -20.3852608 ], [ -49.5919817, -20.385261 ], [ -49.5919795, -20.3852612 ], [ -49.5919774, -20.3852614 ], [ -49.5919752, -20.3852616 ], [ -49.591973, -20.3852619 ], [ -49.5919709, -20.3852622 ], [ -49.5919687, -20.3852626 ], [ -49.5919666, -20.385263 ], [ -49.5919645, -20.3852634 ], [ -49.5919623, -20.3852639 ], [ -49.5919602, -20.3852644 ], [ -49.5919581, -20.3852649 ], [ -49.591956, -20.3852655 ], [ -49.5919539, -20.3852661 ], [ -49.5919519, -20.3852667 ], [ -49.5919498, -20.3852674 ], [ -49.5919478, -20.3852681 ], [ -49.5919457, -20.3852688 ], [ -49.5919437, -20.3852696 ], [ -49.5919417, -20.3852704 ], [ -49.5919397, -20.3852712 ], [ -49.5919377, -20.3852721 ], [ -49.5919358, -20.385273 ], [ -49.5919338, -20.3852739 ], [ -49.5919319, -20.3852749 ], [ -49.59193, -20.3852759 ], [ -49.5919281, -20.3852769 ], [ -49.5919263, -20.385278 ], [ -49.5919244, -20.3852791 ], [ -49.5919226, -20.3852802 ], [ -49.5919208, -20.3852813 ], [ -49.591919, -20.3852825 ], [ -49.5919172, -20.3852837 ], [ -49.5919155, -20.385285 ], [ -49.5919138, -20.3852862 ], [ -49.5919121, -20.3852875 ], [ -49.5919104, -20.3852888 ], [ -49.5919088, -20.3852902 ], [ -49.5919072, -20.3852916 ], [ -49.5919056, -20.385293 ], [ -49.591904, -20.3852944 ], [ -49.5919025, -20.3852958 ], [ -49.5919009, -20.3852973 ], [ -49.5918995, -20.3852988 ], [ -49.591898, -20.3853003 ], [ -49.5918966, -20.3853019 ], [ -49.5918952, -20.3853035 ], [ -49.5918938, -20.3853051 ], [ -49.5918925, -20.3853067 ], [ -49.5918912, -20.3853083 ], [ -49.5918899, -20.38531 ], [ -49.5918886, -20.3853117 ], [ -49.5918874, -20.3853134 ], [ -49.5918862, -20.3853151 ], [ -49.5918851, -20.3853168 ], [ -49.5918839, -20.3853186 ], [ -49.5918829, -20.3853204 ], [ -49.5918818, -20.3853222 ], [ -49.5918808, -20.385324 ], [ -49.5918798, -20.3853258 ], [ -49.5918788, -20.3853277 ], [ -49.5918779, -20.3853295 ], [ -49.591877, -20.3853314 ], [ -49.5918762, -20.3853333 ], [ -49.5918754, -20.3853352 ], [ -49.5918746, -20.3853371 ], [ -49.5918738, -20.3853391 ], [ -49.5918731, -20.385341 ], [ -49.5918725, -20.3853429 ], [ -49.5918718, -20.3853449 ], [ -49.5918712, -20.3853469 ], [ -49.5918707, -20.3853489 ], [ -49.5918701, -20.3853509 ], [ -49.5918696, -20.3853529 ], [ -49.5918692, -20.3853549 ], [ -49.5918688, -20.3853569 ], [ -49.5918684, -20.3853589 ], [ -49.5918681, -20.3853609 ], [ -49.5918678, -20.385363 ], [ -49.5918675, -20.385365 ], [ -49.5918673, -20.3853671 ], [ -49.5918671, -20.3853691 ], [ -49.5918669, -20.3853712 ], [ -49.5918668, -20.3853732 ], [ -49.5918667, -20.3853753 ], [ -49.5918667, -20.3853773 ], [ -49.5918667, -20.3853794 ], [ -49.5918667, -20.3853814 ], [ -49.5918668, -20.3853835 ], [ -49.5918669, -20.3853855 ], [ -49.5918671, -20.3853876 ], [ -49.5918673, -20.3853896 ], [ -49.5918675, -20.3853917 ], [ -49.5918678, -20.3853937 ], [ -49.5918681, -20.3853957 ], [ -49.5918684, -20.3853978 ], [ -49.5918688, -20.3853998 ], [ -49.5918692, -20.3854018 ], [ -49.5918696, -20.3854038 ], [ -49.5918701, -20.3854058 ], [ -49.5918707, -20.3854078 ], [ -49.5918712, -20.3854098 ], [ -49.5918718, -20.3854118 ], [ -49.5918725, -20.3854137 ], [ -49.5918731, -20.3854157 ], [ -49.5918739, -20.3854176 ], [ -49.5918746, -20.3854196 ], [ -49.5918754, -20.3854215 ], [ -49.5918762, -20.3854234 ], [ -49.591877, -20.3854253 ], [ -49.5918779, -20.3854271 ], [ -49.5918789, -20.385429 ], [ -49.5918798, -20.3854309 ], [ -49.5918808, -20.3854327 ], [ -49.5918818, -20.3854345 ], [ -49.5918829, -20.3854363 ], [ -49.591884, -20.3854381 ], [ -49.5918851, -20.3854398 ], [ -49.5918862, -20.3854416 ], [ -49.5918874, -20.3854433 ], [ -49.5918886, -20.385445 ], [ -49.5918899, -20.3854467 ], [ -49.5918912, -20.3854483 ], [ -49.5918925, -20.38545 ], [ -49.5918938, -20.3854516 ], [ -49.5918952, -20.3854532 ], [ -49.5918966, -20.3854548 ], [ -49.591898, -20.3854563 ], [ -49.5918995, -20.3854578 ], [ -49.591901, -20.3854593 ], [ -49.5919025, -20.3854608 ], [ -49.591904, -20.3854623 ], [ -49.5919056, -20.3854637 ], [ -49.5919072, -20.3854651 ], [ -49.5919088, -20.3854665 ], [ -49.5919105, -20.3854678 ], [ -49.5919121, -20.3854691 ], [ -49.5919138, -20.3854704 ], [ -49.5919155, -20.3854717 ], [ -49.5919173, -20.3854729 ], [ -49.591919, -20.3854741 ], [ -49.5919208, -20.3854753 ], [ -49.5919226, -20.3854765 ], [ -49.5919245, -20.3854776 ], [ -49.5919263, -20.3854787 ], [ -49.5919282, -20.3854797 ], [ -49.5919301, -20.3854808 ], [ -49.591932, -20.3854818 ], [ -49.5919339, -20.3854827 ], [ -49.5919358, -20.3854837 ], [ -49.5919378, -20.3854846 ], [ -49.5919398, -20.3854854 ], [ -49.5919417, -20.3854863 ], [ -49.5919438, -20.3854871 ], [ -49.5919458, -20.3854878 ], [ -49.5919478, -20.3854886 ], [ -49.5919499, -20.3854893 ], [ -49.5919519, -20.3854899 ], [ -49.591954, -20.3854906 ], [ -49.5919561, -20.3854912 ], [ -49.5919582, -20.3854917 ], [ -49.5919603, -20.3854923 ], [ -49.5919624, -20.3854928 ], [ -49.5919645, -20.3854932 ], [ -49.5919666, -20.3854937 ], [ -49.5919688, -20.385494 ], [ -49.5919709, -20.3854944 ], [ -49.5919731, -20.3854947 ], [ -49.5919752, -20.385495 ], [ -49.5919774, -20.3854953 ], [ -49.5919796, -20.3854955 ], [ -49.5919817, -20.3854956 ], [ -49.5919839, -20.3854958 ], [ -49.5919861, -20.3854959 ], [ -49.5919883, -20.385496 ], [ -49.5919904, -20.385496 ], [ -49.5919926, -20.385496 ], [ -49.5919948, -20.385496 ], [ -49.591997, -20.3854959 ], [ -49.5919991, -20.3854958 ], [ -49.5920013, -20.3854956 ], [ -49.5920035, -20.3854955 ], [ -49.5920057, -20.3854953 ], [ -49.5920078, -20.385495 ], [ -49.59201, -20.3854947 ], [ -49.5920121, -20.3854944 ], [ -49.5920143, -20.385494 ], [ -49.5920164, -20.3854936 ], [ -49.5920185, -20.3854932 ], [ -49.5920207, -20.3854928 ], [ -49.5920228, -20.3854923 ], [ -49.5920249, -20.3854917 ], [ -49.592027, -20.3854912 ], [ -49.5920291, -20.3854906 ], [ -49.5920311, -20.3854899 ], [ -49.5920332, -20.3854893 ], [ -49.5920352, -20.3854886 ], [ -49.5920373, -20.3854878 ], [ -49.5920393, -20.385487 ], [ -49.5920413, -20.3854862 ], [ -49.5920433, -20.3854854 ], [ -49.5920453, -20.3854845 ], [ -49.5920472, -20.3854836 ], [ -49.5920492, -20.3854827 ], [ -49.5920511, -20.3854817 ], [ -49.592053, -20.3854807 ], [ -49.5920549, -20.3854797 ], [ -49.5920567, -20.3854787 ], [ -49.5920586, -20.3854776 ], [ -49.5920604, -20.3854764 ], [ -49.5920622, -20.3854753 ], [ -49.592064, -20.3854741 ], [ -49.5920658, -20.3854729 ], [ -49.5920675, -20.3854717 ], [ -49.5920692, -20.3854704 ], [ -49.5920709, -20.3854691 ], [ -49.5920726, -20.3854678 ], [ -49.5920742, -20.3854665 ], [ -49.5920758, -20.3854651 ], [ -49.5920774, -20.3854637 ], [ -49.592079, -20.3854622 ], [ -49.5920805, -20.3854608 ], [ -49.5920821, -20.3854593 ], [ -49.5920835, -20.3854578 ], [ -49.592085, -20.3854563 ], [ -49.5920864, -20.3854547 ], [ -49.5920878, -20.3854532 ], [ -49.5920892, -20.3854516 ], [ -49.5920905, -20.38545 ], [ -49.5920918, -20.3854483 ], [ -49.5920931, -20.3854466 ], [ -49.5920944, -20.385445 ], [ -49.5920956, -20.3854433 ], [ -49.5920968, -20.3854415 ], [ -49.5920979, -20.3854398 ], [ -49.5920991, -20.385438 ], [ -49.5921001, -20.3854363 ], [ -49.5921012, -20.3854345 ], [ -49.5921022, -20.3854326 ], [ -49.5921032, -20.3854308 ], [ -49.5921042, -20.385429 ], [ -49.5921051, -20.3854271 ], [ -49.592106, -20.3854252 ], [ -49.5921068, -20.3854233 ], [ -49.5921076, -20.3854214 ], [ -49.5921084, -20.3854195 ], [ -49.5921092, -20.3854176 ], [ -49.5921099, -20.3854156 ], [ -49.5921105, -20.3854137 ], [ -49.5921112, -20.3854117 ], [ -49.5921118, -20.3854098 ], [ -49.5921123, -20.3854078 ], [ -49.5921129, -20.3854058 ], [ -49.5921134, -20.3854038 ], [ -49.5921138, -20.3854018 ], [ -49.5921142, -20.3853997 ], [ -49.5921146, -20.3853977 ], [ -49.5921149, -20.3853957 ], [ -49.5921153, -20.3853937 ], [ -49.5921155, -20.3853916 ], [ -49.5921157, -20.3853896 ], [ -49.5921159, -20.3853875 ], [ -49.5921161, -20.3853855 ], [ -49.5921162, -20.3853834 ], [ -49.5921163, -20.3853814 ], [ -49.5921163, -20.3853793 ], [ -49.5921163, -20.3853773 ], [ -49.5921163, -20.3853752 ], [ -49.5921162, -20.3853732 ], [ -49.5921161, -20.3853711 ], [ -49.5921159, -20.3853691 ], [ -49.5921157, -20.385367 ], [ -49.5921155, -20.385365 ], [ -49.5921152, -20.3853629 ], [ -49.5921149, -20.3853609 ], [ -49.5921146, -20.3853589 ], [ -49.5921142, -20.3853569 ], [ -49.5921138, -20.3853548 ], [ -49.5921134, -20.3853528 ], [ -49.5921129, -20.3853508 ], [ -49.5921123, -20.3853488 ], [ -49.5921118, -20.3853468 ], [ -49.5921112, -20.3853449 ], [ -49.5921105, -20.3853429 ], [ -49.5921099, -20.385341 ], [ -49.5921091, -20.385339 ], [ -49.5921084, -20.3853371 ], [ -49.5921076, -20.3853352 ], [ -49.5921068, -20.3853333 ], [ -49.592106, -20.3853314 ], [ -49.5921051, -20.3853295 ], [ -49.5921041, -20.3853276 ], [ -49.5921032, -20.3853258 ], [ -49.5921022, -20.385324 ], [ -49.5921012, -20.3853221 ], [ -49.5921001, -20.3853203 ], [ -49.592099, -20.3853186 ], [ -49.5920979, -20.3853168 ], [ -49.5920968, -20.3853151 ], [ -49.5920956, -20.3853133 ], [ -49.5920944, -20.3853116 ], [ -49.5920931, -20.38531 ], [ -49.5920918, -20.3853083 ], [ -49.5920905, -20.3853067 ], [ -49.5920892, -20.385305 ], [ -49.5920878, -20.3853034 ], [ -49.5920864, -20.3853019 ], [ -49.592085, -20.3853003 ], [ -49.5920835, -20.3852988 ], [ -49.592082, -20.3852973 ], [ -49.5920805, -20.3852958 ], [ -49.592079, -20.3852944 ], [ -49.5920774, -20.3852929 ], [ -49.5920758, -20.3852915 ], [ -49.5920742, -20.3852902 ], [ -49.5920725, -20.3852888 ], [ -49.5920709, -20.3852875 ], [ -49.5920692, -20.3852862 ], [ -49.5920675, -20.3852849 ], [ -49.5920657, -20.3852837 ], [ -49.592064, -20.3852825 ], [ -49.5920622, -20.3852813 ], [ -49.5920604, -20.3852802 ], [ -49.5920585, -20.385279 ], [ -49.5920567, -20.385278 ], [ -49.5920548, -20.3852769 ], [ -49.5920529, -20.3852759 ], [ -49.592051, -20.3852749 ], [ -49.5920491, -20.3852739 ], [ -49.5920472, -20.385273 ], [ -49.5920452, -20.3852721 ], [ -49.5920432, -20.3852712 ], [ -49.5920413, -20.3852704 ], [ -49.5920392, -20.3852696 ], [ -49.5920372, -20.3852688 ], [ -49.5920352, -20.3852681 ], [ -49.5920331, -20.3852674 ], [ -49.5920311, -20.3852667 ], [ -49.592029, -20.3852661 ], [ -49.5920269, -20.3852655 ], [ -49.5920248, -20.3852649 ], [ -49.5920227, -20.3852644 ], [ -49.5920206, -20.3852639 ], [ -49.5920185, -20.3852634 ], [ -49.5920164, -20.385263 ], [ -49.5920142, -20.3852626 ], [ -49.5920121, -20.3852622 ], [ -49.5920099, -20.3852619 ], [ -49.5920078, -20.3852616 ], [ -49.5920056, -20.3852614 ], [ -49.5920034, -20.3852612 ], [ -49.5920013, -20.385261 ], [ -49.5919991, -20.3852608 ], [ -49.5919969, -20.3852607 ], [ -49.5919947, -20.3852607 ], [ -49.5919926, -20.3852606 ] ], [ [ -49.5919219, -20.3846426 ], [ -49.5919193, -20.3846426 ], [ -49.5919167, -20.3846427 ], [ -49.5919141, -20.3846428 ], [ -49.5919115, -20.3846429 ], [ -49.5919089, -20.3846431 ], [ -49.5919063, -20.3846433 ], [ -49.5919037, -20.3846435 ], [ -49.5919011, -20.3846438 ], [ -49.5918985, -20.3846442 ], [ -49.5918959, -20.3846445 ], [ -49.5918934, -20.384645 ], [ -49.5918908, -20.3846454 ], [ -49.5918883, -20.3846459 ], [ -49.5918857, -20.3846465 ], [ -49.5918832, -20.3846471 ], [ -49.5918807, -20.3846477 ], [ -49.5918782, -20.3846484 ], [ -49.5918757, -20.3846491 ], [ -49.5918732, -20.3846499 ], [ -49.5918707, -20.3846507 ], [ -49.5918683, -20.3846515 ], [ -49.5918658, -20.3846524 ], [ -49.5918634, -20.3846533 ], [ -49.591861, -20.3846543 ], [ -49.5918586, -20.3846553 ], [ -49.5918562, -20.3846563 ], [ -49.5918539, -20.3846574 ], [ -49.5918516, -20.3846585 ], [ -49.5918493, -20.3846596 ], [ -49.591847, -20.3846608 ], [ -49.5918447, -20.384662 ], [ -49.5918425, -20.3846633 ], [ -49.5918403, -20.3846646 ], [ -49.5918381, -20.3846659 ], [ -49.5918359, -20.3846673 ], [ -49.5918338, -20.3846687 ], [ -49.5918316, -20.3846701 ], [ -49.5918295, -20.3846716 ], [ -49.5918275, -20.3846731 ], [ -49.5918255, -20.3846747 ], [ -49.5918235, -20.3846762 ], [ -49.5918215, -20.3846778 ], [ -49.5918195, -20.3846795 ], [ -49.5918176, -20.3846811 ], [ -49.5918157, -20.3846828 ], [ -49.5918139, -20.3846846 ], [ -49.5918121, -20.3846863 ], [ -49.5918103, -20.3846881 ], [ -49.5918085, -20.38469 ], [ -49.5918068, -20.3846918 ], [ -49.5918051, -20.3846937 ], [ -49.5918035, -20.3846956 ], [ -49.5918018, -20.3846975 ], [ -49.5918003, -20.3846995 ], [ -49.5917987, -20.3847015 ], [ -49.5917972, -20.3847035 ], [ -49.5917957, -20.3847055 ], [ -49.5917943, -20.3847075 ], [ -49.5917929, -20.3847096 ], [ -49.5917916, -20.3847117 ], [ -49.5917902, -20.3847139 ], [ -49.591789, -20.384716 ], [ -49.5917877, -20.3847182 ], [ -49.5917865, -20.3847203 ], [ -49.5917854, -20.3847226 ], [ -49.5917843, -20.3847248 ], [ -49.5917832, -20.384727 ], [ -49.5917821, -20.3847293 ], [ -49.5917811, -20.3847315 ], [ -49.5917802, -20.3847338 ], [ -49.5917793, -20.3847361 ], [ -49.5917784, -20.3847385 ], [ -49.5917776, -20.3847408 ], [ -49.5917768, -20.3847431 ], [ -49.5917761, -20.3847455 ], [ -49.5917754, -20.3847479 ], [ -49.5917747, -20.3847503 ], [ -49.5917741, -20.3847527 ], [ -49.5917736, -20.3847551 ], [ -49.5917731, -20.3847575 ], [ -49.5917726, -20.3847599 ], [ -49.5917722, -20.3847623 ], [ -49.5917718, -20.3847647 ], [ -49.5917714, -20.3847672 ], [ -49.5917711, -20.3847696 ], [ -49.5917709, -20.3847721 ], [ -49.5917707, -20.3847745 ], [ -49.5917705, -20.384777 ], [ -49.5917704, -20.3847794 ], [ -49.5917704, -20.3847819 ], [ -49.5917703, -20.3847844 ], [ -49.5917704, -20.3847868 ], [ -49.5917704, -20.3847893 ], [ -49.5917705, -20.3847917 ], [ -49.5917707, -20.3847942 ], [ -49.5917709, -20.3847966 ], [ -49.5917711, -20.3847991 ], [ -49.5917714, -20.3848015 ], [ -49.5917718, -20.384804 ], [ -49.5917722, -20.3848064 ], [ -49.5917726, -20.3848088 ], [ -49.5917731, -20.3848113 ], [ -49.5917736, -20.3848137 ], [ -49.5917741, -20.3848161 ], [ -49.5917747, -20.3848185 ], [ -49.5917754, -20.3848208 ], [ -49.5917761, -20.3848232 ], [ -49.5917768, -20.3848256 ], [ -49.5917776, -20.3848279 ], [ -49.5917784, -20.3848303 ], [ -49.5917793, -20.3848326 ], [ -49.5917802, -20.3848349 ], [ -49.5917812, -20.3848372 ], [ -49.5917822, -20.3848394 ], [ -49.5917832, -20.3848417 ], [ -49.5917843, -20.3848439 ], [ -49.5917854, -20.3848462 ], [ -49.5917865, -20.3848484 ], [ -49.5917877, -20.3848506 ], [ -49.591789, -20.3848527 ], [ -49.5917903, -20.3848549 ], [ -49.5917916, -20.384857 ], [ -49.5917929, -20.3848591 ], [ -49.5917943, -20.3848612 ], [ -49.5917958, -20.3848632 ], [ -49.5917972, -20.3848653 ], [ -49.5917987, -20.3848673 ], [ -49.5918003, -20.3848692 ], [ -49.5918019, -20.3848712 ], [ -49.5918035, -20.3848731 ], [ -49.5918051, -20.384875 ], [ -49.5918068, -20.3848769 ], [ -49.5918085, -20.3848788 ], [ -49.5918103, -20.3848806 ], [ -49.5918121, -20.3848824 ], [ -49.5918139, -20.3848841 ], [ -49.5918158, -20.3848859 ], [ -49.5918176, -20.3848876 ], [ -49.5918196, -20.3848892 ], [ -49.5918215, -20.3848909 ], [ -49.5918235, -20.3848925 ], [ -49.5918255, -20.384894 ], [ -49.5918275, -20.3848956 ], [ -49.5918296, -20.3848971 ], [ -49.5918317, -20.3848986 ], [ -49.5918338, -20.3849 ], [ -49.5918359, -20.3849014 ], [ -49.5918381, -20.3849028 ], [ -49.5918403, -20.3849041 ], [ -49.5918425, -20.3849054 ], [ -49.5918447, -20.3849067 ], [ -49.591847, -20.3849079 ], [ -49.5918493, -20.3849091 ], [ -49.5918516, -20.3849102 ], [ -49.5918539, -20.3849113 ], [ -49.5918563, -20.3849124 ], [ -49.5918586, -20.3849134 ], [ -49.591861, -20.3849144 ], [ -49.5918634, -20.3849154 ], [ -49.5918658, -20.3849163 ], [ -49.5918683, -20.3849172 ], [ -49.5918707, -20.384918 ], [ -49.5918732, -20.3849188 ], [ -49.5918757, -20.3849196 ], [ -49.5918782, -20.3849203 ], [ -49.5918807, -20.384921 ], [ -49.5918832, -20.3849216 ], [ -49.5918857, -20.3849222 ], [ -49.5918883, -20.3849227 ], [ -49.5918908, -20.3849233 ], [ -49.5918934, -20.3849237 ], [ -49.591896, -20.3849241 ], [ -49.5918986, -20.3849245 ], [ -49.5919011, -20.3849249 ], [ -49.5919037, -20.3849252 ], [ -49.5919063, -20.3849254 ], [ -49.5919089, -20.3849256 ], [ -49.5919115, -20.3849258 ], [ -49.5919141, -20.3849259 ], [ -49.5919167, -20.384926 ], [ -49.5919193, -20.3849261 ], [ -49.5919219, -20.3849261 ], [ -49.5919246, -20.384926 ], [ -49.5919272, -20.3849259 ], [ -49.5919298, -20.3849258 ], [ -49.5919324, -20.3849256 ], [ -49.591935, -20.3849254 ], [ -49.5919376, -20.3849252 ], [ -49.5919402, -20.3849249 ], [ -49.5919427, -20.3849245 ], [ -49.5919453, -20.3849241 ], [ -49.5919479, -20.3849237 ], [ -49.5919504, -20.3849232 ], [ -49.591953, -20.3849227 ], [ -49.5919555, -20.3849222 ], [ -49.5919581, -20.3849216 ], [ -49.5919606, -20.384921 ], [ -49.5919631, -20.3849203 ], [ -49.5919656, -20.3849196 ], [ -49.5919681, -20.3849188 ], [ -49.5919705, -20.384918 ], [ -49.591973, -20.3849172 ], [ -49.5919754, -20.3849163 ], [ -49.5919779, -20.3849154 ], [ -49.5919803, -20.3849144 ], [ -49.5919826, -20.3849134 ], [ -49.591985, -20.3849124 ], [ -49.5919874, -20.3849113 ], [ -49.5919897, -20.3849102 ], [ -49.591992, -20.3849091 ], [ -49.5919943, -20.3849079 ], [ -49.5919965, -20.3849067 ], [ -49.5919988, -20.3849054 ], [ -49.592001, -20.3849041 ], [ -49.5920032, -20.3849028 ], [ -49.5920054, -20.3849014 ], [ -49.5920075, -20.3849 ], [ -49.5920096, -20.3848986 ], [ -49.5920117, -20.3848971 ], [ -49.5920138, -20.3848956 ], [ -49.5920158, -20.384894 ], [ -49.5920178, -20.3848925 ], [ -49.5920198, -20.3848908 ], [ -49.5920217, -20.3848892 ], [ -49.5920236, -20.3848875 ], [ -49.5920255, -20.3848858 ], [ -49.5920274, -20.3848841 ], [ -49.5920292, -20.3848823 ], [ -49.592031, -20.3848806 ], [ -49.5920327, -20.3848787 ], [ -49.5920345, -20.3848769 ], [ -49.5920361, -20.384875 ], [ -49.5920378, -20.3848731 ], [ -49.5920394, -20.3848712 ], [ -49.592041, -20.3848692 ], [ -49.5920425, -20.3848672 ], [ -49.592044, -20.3848652 ], [ -49.5920455, -20.3848632 ], [ -49.5920469, -20.3848611 ], [ -49.5920483, -20.3848591 ], [ -49.5920497, -20.384857 ], [ -49.592051, -20.3848548 ], [ -49.5920523, -20.3848527 ], [ -49.5920535, -20.3848505 ], [ -49.5920547, -20.3848483 ], [ -49.5920559, -20.3848461 ], [ -49.592057, -20.3848439 ], [ -49.5920581, -20.3848417 ], [ -49.5920591, -20.3848394 ], [ -49.5920601, -20.3848371 ], [ -49.5920611, -20.3848348 ], [ -49.592062, -20.3848325 ], [ -49.5920628, -20.3848302 ], [ -49.5920637, -20.3848279 ], [ -49.5920644, -20.3848255 ], [ -49.5920652, -20.3848232 ], [ -49.5920659, -20.3848208 ], [ -49.5920665, -20.3848184 ], [ -49.5920671, -20.384816 ], [ -49.5920677, -20.3848136 ], [ -49.5920682, -20.3848112 ], [ -49.5920687, -20.3848088 ], [ -49.5920691, -20.3848064 ], [ -49.5920695, -20.3848039 ], [ -49.5920698, -20.3848015 ], [ -49.5920701, -20.3847991 ], [ -49.5920704, -20.3847966 ], [ -49.5920706, -20.3847942 ], [ -49.5920707, -20.3847917 ], [ -49.5920708, -20.3847892 ], [ -49.5920709, -20.3847868 ], [ -49.5920709, -20.3847843 ], [ -49.5920709, -20.3847819 ], [ -49.5920708, -20.3847794 ], [ -49.5920707, -20.3847769 ], [ -49.5920706, -20.3847745 ], [ -49.5920704, -20.384772 ], [ -49.5920701, -20.3847696 ], [ -49.5920698, -20.3847671 ], [ -49.5920695, -20.3847647 ], [ -49.5920691, -20.3847623 ], [ -49.5920687, -20.3847599 ], [ -49.5920682, -20.3847574 ], [ -49.5920677, -20.384755 ], [ -49.5920671, -20.3847526 ], [ -49.5920665, -20.3847502 ], [ -49.5920659, -20.3847478 ], [ -49.5920652, -20.3847455 ], [ -49.5920644, -20.3847431 ], [ -49.5920636, -20.3847408 ], [ -49.5920628, -20.3847384 ], [ -49.592062, -20.3847361 ], [ -49.592061, -20.3847338 ], [ -49.5920601, -20.3847315 ], [ -49.5920591, -20.3847292 ], [ -49.5920581, -20.384727 ], [ -49.592057, -20.3847247 ], [ -49.5920559, -20.3847225 ], [ -49.5920547, -20.3847203 ], [ -49.5920535, -20.3847181 ], [ -49.5920523, -20.384716 ], [ -49.592051, -20.3847138 ], [ -49.5920497, -20.3847117 ], [ -49.5920483, -20.3847096 ], [ -49.5920469, -20.3847075 ], [ -49.5920455, -20.3847055 ], [ -49.592044, -20.3847034 ], [ -49.5920425, -20.3847014 ], [ -49.592041, -20.3846994 ], [ -49.5920394, -20.3846975 ], [ -49.5920378, -20.3846956 ], [ -49.5920361, -20.3846937 ], [ -49.5920344, -20.3846918 ], [ -49.5920327, -20.3846899 ], [ -49.592031, -20.3846881 ], [ -49.5920292, -20.3846863 ], [ -49.5920274, -20.3846846 ], [ -49.5920255, -20.3846828 ], [ -49.5920236, -20.3846811 ], [ -49.5920217, -20.3846795 ], [ -49.5920198, -20.3846778 ], [ -49.5920178, -20.3846762 ], [ -49.5920158, -20.3846746 ], [ -49.5920137, -20.3846731 ], [ -49.5920117, -20.3846716 ], [ -49.5920096, -20.3846701 ], [ -49.5920075, -20.3846687 ], [ -49.5920053, -20.3846673 ], [ -49.5920032, -20.3846659 ], [ -49.592001, -20.3846646 ], [ -49.5919988, -20.3846633 ], [ -49.5919965, -20.384662 ], [ -49.5919943, -20.3846608 ], [ -49.591992, -20.3846596 ], [ -49.5919897, -20.3846585 ], [ -49.5919873, -20.3846573 ], [ -49.591985, -20.3846563 ], [ -49.5919826, -20.3846552 ], [ -49.5919802, -20.3846542 ], [ -49.5919778, -20.3846533 ], [ -49.5919754, -20.3846524 ], [ -49.591973, -20.3846515 ], [ -49.5919705, -20.3846507 ], [ -49.591968, -20.3846499 ], [ -49.5919656, -20.3846491 ], [ -49.5919631, -20.3846484 ], [ -49.5919606, -20.3846477 ], [ -49.591958, -20.3846471 ], [ -49.5919555, -20.3846465 ], [ -49.591953, -20.3846459 ], [ -49.5919504, -20.3846454 ], [ -49.5919479, -20.384645 ], [ -49.5919453, -20.3846445 ], [ -49.5919427, -20.3846442 ], [ -49.5919401, -20.3846438 ], [ -49.5919375, -20.3846435 ], [ -49.5919349, -20.3846433 ], [ -49.5919323, -20.3846431 ], [ -49.5919297, -20.3846429 ], [ -49.5919271, -20.3846428 ], [ -49.5919245, -20.3846427 ], [ -49.5919219, -20.3846426 ] ], [ [ -49.5919195, -20.3841978 ], [ -49.5919172, -20.3841978 ], [ -49.591915, -20.3841979 ], [ -49.5919127, -20.384198 ], [ -49.5919105, -20.3841981 ], [ -49.5919083, -20.3841982 ], [ -49.591906, -20.3841984 ], [ -49.5919038, -20.3841986 ], [ -49.5919016, -20.3841989 ], [ -49.5918993, -20.3841992 ], [ -49.5918971, -20.3841995 ], [ -49.5918949, -20.3841999 ], [ -49.5918927, -20.3842003 ], [ -49.5918905, -20.3842007 ], [ -49.5918883, -20.3842012 ], [ -49.5918861, -20.3842017 ], [ -49.591884, -20.3842022 ], [ -49.5918818, -20.3842028 ], [ -49.5918797, -20.3842034 ], [ -49.5918775, -20.3842041 ], [ -49.5918754, -20.3842048 ], [ -49.5918733, -20.3842055 ], [ -49.5918712, -20.3842062 ], [ -49.5918691, -20.384207 ], [ -49.591867, -20.3842079 ], [ -49.591865, -20.3842087 ], [ -49.5918629, -20.3842096 ], [ -49.5918609, -20.3842105 ], [ -49.5918589, -20.3842115 ], [ -49.5918569, -20.3842125 ], [ -49.591855, -20.3842135 ], [ -49.591853, -20.3842145 ], [ -49.5918511, -20.3842156 ], [ -49.5918492, -20.3842168 ], [ -49.5918473, -20.3842179 ], [ -49.5918454, -20.3842191 ], [ -49.5918436, -20.3842203 ], [ -49.5918418, -20.3842215 ], [ -49.59184, -20.3842228 ], [ -49.5918382, -20.3842241 ], [ -49.5918364, -20.3842254 ], [ -49.5918347, -20.3842268 ], [ -49.591833, -20.3842282 ], [ -49.5918313, -20.3842296 ], [ -49.5918297, -20.384231 ], [ -49.5918281, -20.3842325 ], [ -49.5918265, -20.384234 ], [ -49.5918249, -20.3842355 ], [ -49.5918234, -20.384237 ], [ -49.5918219, -20.3842386 ], [ -49.5918204, -20.3842402 ], [ -49.5918189, -20.3842418 ], [ -49.5918175, -20.3842434 ], [ -49.5918161, -20.3842451 ], [ -49.5918148, -20.3842468 ], [ -49.5918134, -20.3842485 ], [ -49.5918121, -20.3842502 ], [ -49.5918109, -20.384252 ], [ -49.5918096, -20.3842537 ], [ -49.5918084, -20.3842555 ], [ -49.5918073, -20.3842573 ], [ -49.5918061, -20.3842592 ], [ -49.591805, -20.384261 ], [ -49.591804, -20.3842629 ], [ -49.5918029, -20.3842647 ], [ -49.5918019, -20.3842666 ], [ -49.591801, -20.3842686 ], [ -49.5918001, -20.3842705 ], [ -49.5917992, -20.3842724 ], [ -49.5917983, -20.3842744 ], [ -49.5917975, -20.3842764 ], [ -49.5917967, -20.3842783 ], [ -49.591796, -20.3842803 ], [ -49.5917953, -20.3842823 ], [ -49.5917946, -20.3842844 ], [ -49.591794, -20.3842864 ], [ -49.5917934, -20.3842884 ], [ -49.5917928, -20.3842905 ], [ -49.5917923, -20.3842925 ], [ -49.5917918, -20.3842946 ], [ -49.5917913, -20.3842967 ], [ -49.5917909, -20.3842988 ], [ -49.5917906, -20.3843009 ], [ -49.5917902, -20.384303 ], [ -49.59179, -20.3843051 ], [ -49.5917897, -20.3843072 ], [ -49.5917895, -20.3843093 ], [ -49.5917893, -20.3843114 ], [ -49.5917892, -20.3843135 ], [ -49.5917891, -20.3843156 ], [ -49.591789, -20.3843177 ], [ -49.591789, -20.3843198 ], [ -49.591789, -20.384322 ], [ -49.5917891, -20.3843241 ], [ -49.5917892, -20.3843262 ], [ -49.5917893, -20.3843283 ], [ -49.5917895, -20.3843304 ], [ -49.5917897, -20.3843325 ], [ -49.59179, -20.3843346 ], [ -49.5917902, -20.3843367 ], [ -49.5917906, -20.3843388 ], [ -49.5917909, -20.3843409 ], [ -49.5917914, -20.384343 ], [ -49.5917918, -20.3843451 ], [ -49.5917923, -20.3843471 ], [ -49.5917928, -20.3843492 ], [ -49.5917934, -20.3843512 ], [ -49.591794, -20.3843533 ], [ -49.5917946, -20.3843553 ], [ -49.5917953, -20.3843573 ], [ -49.591796, -20.3843593 ], [ -49.5917967, -20.3843613 ], [ -49.5917975, -20.3843633 ], [ -49.5917983, -20.3843653 ], [ -49.5917992, -20.3843672 ], [ -49.5918001, -20.3843692 ], [ -49.591801, -20.3843711 ], [ -49.591802, -20.384373 ], [ -49.591803, -20.3843749 ], [ -49.591804, -20.3843768 ], [ -49.5918051, -20.3843787 ], [ -49.5918062, -20.3843805 ], [ -49.5918073, -20.3843823 ], [ -49.5918085, -20.3843842 ], [ -49.5918097, -20.3843859 ], [ -49.5918109, -20.3843877 ], [ -49.5918122, -20.3843895 ], [ -49.5918135, -20.3843912 ], [ -49.5918148, -20.3843929 ], [ -49.5918161, -20.3843946 ], [ -49.5918175, -20.3843962 ], [ -49.591819, -20.3843979 ], [ -49.5918204, -20.3843995 ], [ -49.5918219, -20.3844011 ], [ -49.5918234, -20.3844027 ], [ -49.5918249, -20.3844042 ], [ -49.5918265, -20.3844057 ], [ -49.5918281, -20.3844072 ], [ -49.5918297, -20.3844087 ], [ -49.5918314, -20.3844101 ], [ -49.591833, -20.3844115 ], [ -49.5918347, -20.3844129 ], [ -49.5918365, -20.3844142 ], [ -49.5918382, -20.3844156 ], [ -49.59184, -20.3844169 ], [ -49.5918418, -20.3844181 ], [ -49.5918436, -20.3844194 ], [ -49.5918455, -20.3844206 ], [ -49.5918473, -20.3844218 ], [ -49.5918492, -20.3844229 ], [ -49.5918511, -20.384424 ], [ -49.591853, -20.3844251 ], [ -49.591855, -20.3844262 ], [ -49.591857, -20.3844272 ], [ -49.5918589, -20.3844282 ], [ -49.5918609, -20.3844291 ], [ -49.591863, -20.3844301 ], [ -49.591865, -20.3844309 ], [ -49.5918671, -20.3844318 ], [ -49.5918691, -20.3844326 ], [ -49.5918712, -20.3844334 ], [ -49.5918733, -20.3844342 ], [ -49.5918754, -20.3844349 ], [ -49.5918775, -20.3844356 ], [ -49.5918797, -20.3844362 ], [ -49.5918818, -20.3844368 ], [ -49.591884, -20.3844374 ], [ -49.5918862, -20.384438 ], [ -49.5918883, -20.3844385 ], [ -49.5918905, -20.3844389 ], [ -49.5918927, -20.3844394 ], [ -49.5918949, -20.3844398 ], [ -49.5918971, -20.3844401 ], [ -49.5918994, -20.3844405 ], [ -49.5919016, -20.3844408 ], [ -49.5919038, -20.384441 ], [ -49.591906, -20.3844412 ], [ -49.5919083, -20.3844414 ], [ -49.5919105, -20.3844416 ], [ -49.5919128, -20.3844417 ], [ -49.591915, -20.3844418 ], [ -49.5919173, -20.3844418 ], [ -49.5919195, -20.3844418 ], [ -49.5919217, -20.3844418 ], [ -49.591924, -20.3844417 ], [ -49.5919262, -20.3844416 ], [ -49.5919285, -20.3844414 ], [ -49.5919307, -20.3844412 ], [ -49.5919329, -20.384441 ], [ -49.5919352, -20.3844408 ], [ -49.5919374, -20.3844405 ], [ -49.5919396, -20.3844401 ], [ -49.5919418, -20.3844398 ], [ -49.591944, -20.3844394 ], [ -49.5919462, -20.3844389 ], [ -49.5919484, -20.3844385 ], [ -49.5919506, -20.384438 ], [ -49.5919528, -20.3844374 ], [ -49.5919549, -20.3844368 ], [ -49.5919571, -20.3844362 ], [ -49.5919592, -20.3844356 ], [ -49.5919613, -20.3844349 ], [ -49.5919634, -20.3844342 ], [ -49.5919655, -20.3844334 ], [ -49.5919676, -20.3844326 ], [ -49.5919697, -20.3844318 ], [ -49.5919717, -20.3844309 ], [ -49.5919738, -20.38443 ], [ -49.5919758, -20.3844291 ], [ -49.5919778, -20.3844282 ], [ -49.5919798, -20.3844272 ], [ -49.5919818, -20.3844262 ], [ -49.5919837, -20.3844251 ], [ -49.5919856, -20.384424 ], [ -49.5919875, -20.3844229 ], [ -49.5919894, -20.3844217 ], [ -49.5919913, -20.3844206 ], [ -49.5919931, -20.3844194 ], [ -49.591995, -20.3844181 ], [ -49.5919968, -20.3844169 ], [ -49.5919985, -20.3844156 ], [ -49.5920003, -20.3844142 ], [ -49.592002, -20.3844129 ], [ -49.5920037, -20.3844115 ], [ -49.5920054, -20.3844101 ], [ -49.592007, -20.3844086 ], [ -49.5920086, -20.3844072 ], [ -49.5920102, -20.3844057 ], [ -49.5920118, -20.3844042 ], [ -49.5920133, -20.3844026 ], [ -49.5920149, -20.3844011 ], [ -49.5920163, -20.3843995 ], [ -49.5920178, -20.3843979 ], [ -49.5920192, -20.3843962 ], [ -49.5920206, -20.3843946 ], [ -49.592022, -20.3843929 ], [ -49.5920233, -20.3843912 ], [ -49.5920246, -20.3843894 ], [ -49.5920259, -20.3843877 ], [ -49.5920271, -20.3843859 ], [ -49.5920283, -20.3843841 ], [ -49.5920295, -20.3843823 ], [ -49.5920306, -20.3843805 ], [ -49.5920317, -20.3843786 ], [ -49.5920327, -20.3843768 ], [ -49.5920338, -20.3843749 ], [ -49.5920348, -20.384373 ], [ -49.5920357, -20.3843711 ], [ -49.5920367, -20.3843692 ], [ -49.5920376, -20.3843672 ], [ -49.5920384, -20.3843653 ], [ -49.5920392, -20.3843633 ], [ -49.59204, -20.3843613 ], [ -49.5920408, -20.3843593 ], [ -49.5920415, -20.3843573 ], [ -49.5920421, -20.3843553 ], [ -49.5920428, -20.3843532 ], [ -49.5920434, -20.3843512 ], [ -49.5920439, -20.3843492 ], [ -49.5920444, -20.3843471 ], [ -49.5920449, -20.384345 ], [ -49.5920454, -20.384343 ], [ -49.5920458, -20.3843409 ], [ -49.5920461, -20.3843388 ], [ -49.5920465, -20.3843367 ], [ -49.5920468, -20.3843346 ], [ -49.592047, -20.3843325 ], [ -49.5920472, -20.3843304 ], [ -49.5920474, -20.3843283 ], [ -49.5920475, -20.3843262 ], [ -49.5920476, -20.384324 ], [ -49.5920477, -20.3843219 ], [ -49.5920477, -20.3843198 ], [ -49.5920477, -20.3843177 ], [ -49.5920476, -20.3843156 ], [ -49.5920475, -20.3843135 ], [ -49.5920474, -20.3843113 ], [ -49.5920472, -20.3843092 ], [ -49.592047, -20.3843071 ], [ -49.5920468, -20.384305 ], [ -49.5920465, -20.3843029 ], [ -49.5920461, -20.3843008 ], [ -49.5920458, -20.3842987 ], [ -49.5920454, -20.3842967 ], [ -49.5920449, -20.3842946 ], [ -49.5920444, -20.3842925 ], [ -49.5920439, -20.3842905 ], [ -49.5920434, -20.3842884 ], [ -49.5920428, -20.3842864 ], [ -49.5920421, -20.3842843 ], [ -49.5920415, -20.3842823 ], [ -49.5920407, -20.3842803 ], [ -49.59204, -20.3842783 ], [ -49.5920392, -20.3842763 ], [ -49.5920384, -20.3842744 ], [ -49.5920375, -20.3842724 ], [ -49.5920367, -20.3842705 ], [ -49.5920357, -20.3842685 ], [ -49.5920348, -20.3842666 ], [ -49.5920338, -20.3842647 ], [ -49.5920327, -20.3842628 ], [ -49.5920317, -20.384261 ], [ -49.5920306, -20.3842591 ], [ -49.5920294, -20.3842573 ], [ -49.5920283, -20.3842555 ], [ -49.5920271, -20.3842537 ], [ -49.5920258, -20.3842519 ], [ -49.5920246, -20.3842502 ], [ -49.5920233, -20.3842485 ], [ -49.5920219, -20.3842468 ], [ -49.5920206, -20.3842451 ], [ -49.5920192, -20.3842434 ], [ -49.5920178, -20.3842418 ], [ -49.5920163, -20.3842402 ], [ -49.5920148, -20.3842386 ], [ -49.5920133, -20.384237 ], [ -49.5920118, -20.3842355 ], [ -49.5920102, -20.3842339 ], [ -49.5920086, -20.3842324 ], [ -49.592007, -20.384231 ], [ -49.5920054, -20.3842295 ], [ -49.5920037, -20.3842281 ], [ -49.592002, -20.3842268 ], [ -49.5920003, -20.3842254 ], [ -49.5919985, -20.3842241 ], [ -49.5919967, -20.3842228 ], [ -49.5919949, -20.3842215 ], [ -49.5919931, -20.3842203 ], [ -49.5919913, -20.3842191 ], [ -49.5919894, -20.3842179 ], [ -49.5919875, -20.3842167 ], [ -49.5919856, -20.3842156 ], [ -49.5919837, -20.3842145 ], [ -49.5919817, -20.3842135 ], [ -49.5919798, -20.3842125 ], [ -49.5919778, -20.3842115 ], [ -49.5919758, -20.3842105 ], [ -49.5919738, -20.3842096 ], [ -49.5919717, -20.3842087 ], [ -49.5919697, -20.3842078 ], [ -49.5919676, -20.384207 ], [ -49.5919655, -20.3842062 ], [ -49.5919634, -20.3842055 ], [ -49.5919613, -20.3842048 ], [ -49.5919592, -20.3842041 ], [ -49.591957, -20.3842034 ], [ -49.5919549, -20.3842028 ], [ -49.5919527, -20.3842022 ], [ -49.5919506, -20.3842017 ], [ -49.5919484, -20.3842012 ], [ -49.5919462, -20.3842007 ], [ -49.591944, -20.3842003 ], [ -49.5919418, -20.3841999 ], [ -49.5919396, -20.3841995 ], [ -49.5919374, -20.3841992 ], [ -49.5919351, -20.3841989 ], [ -49.5919329, -20.3841986 ], [ -49.5919307, -20.3841984 ], [ -49.5919284, -20.3841982 ], [ -49.5919262, -20.3841981 ], [ -49.591924, -20.384198 ], [ -49.5919217, -20.3841979 ], [ -49.5919195, -20.3841978 ] ], [ [ -49.5915659, -20.3842028 ], [ -49.5915629, -20.3842028 ], [ -49.59156, -20.3842028 ], [ -49.591557, -20.3842029 ], [ -49.5915541, -20.3842031 ], [ -49.5915511, -20.3842033 ], [ -49.5915482, -20.3842035 ], [ -49.5915453, -20.3842038 ], [ -49.5915424, -20.3842041 ], [ -49.5915394, -20.3842045 ], [ -49.5915365, -20.3842049 ], [ -49.5915336, -20.3842054 ], [ -49.5915307, -20.384206 ], [ -49.5915279, -20.3842065 ], [ -49.591525, -20.3842071 ], [ -49.5915221, -20.3842078 ], [ -49.5915193, -20.3842085 ], [ -49.5915165, -20.3842093 ], [ -49.5915137, -20.3842101 ], [ -49.5915108, -20.384211 ], [ -49.5915081, -20.3842119 ], [ -49.5915053, -20.3842128 ], [ -49.5915025, -20.3842138 ], [ -49.5914998, -20.3842148 ], [ -49.5914971, -20.3842159 ], [ -49.5914944, -20.384217 ], [ -49.5914917, -20.3842182 ], [ -49.5914891, -20.3842194 ], [ -49.5914865, -20.3842207 ], [ -49.5914839, -20.384222 ], [ -49.5914813, -20.3842233 ], [ -49.5914787, -20.3842247 ], [ -49.5914762, -20.3842261 ], [ -49.5914737, -20.3842276 ], [ -49.5914712, -20.3842291 ], [ -49.5914688, -20.3842306 ], [ -49.5914664, -20.3842322 ], [ -49.591464, -20.3842338 ], [ -49.5914616, -20.3842355 ], [ -49.5914593, -20.3842372 ], [ -49.591457, -20.3842389 ], [ -49.5914547, -20.3842407 ], [ -49.5914525, -20.3842425 ], [ -49.5914503, -20.3842444 ], [ -49.5914481, -20.3842462 ], [ -49.591446, -20.3842482 ], [ -49.5914439, -20.3842501 ], [ -49.5914419, -20.3842521 ], [ -49.5914399, -20.3842541 ], [ -49.5914379, -20.3842562 ], [ -49.5914359, -20.3842583 ], [ -49.591434, -20.3842604 ], [ -49.5914322, -20.3842625 ], [ -49.5914304, -20.3842647 ], [ -49.5914286, -20.3842669 ], [ -49.5914268, -20.3842692 ], [ -49.5914251, -20.3842714 ], [ -49.5914235, -20.3842737 ], [ -49.5914218, -20.384276 ], [ -49.5914203, -20.3842784 ], [ -49.5914187, -20.3842808 ], [ -49.5914173, -20.3842832 ], [ -49.5914158, -20.3842856 ], [ -49.5914144, -20.384288 ], [ -49.5914131, -20.3842905 ], [ -49.5914118, -20.384293 ], [ -49.5914105, -20.3842955 ], [ -49.5914093, -20.384298 ], [ -49.5914081, -20.3843006 ], [ -49.591407, -20.3843031 ], [ -49.5914059, -20.3843057 ], [ -49.5914049, -20.3843083 ], [ -49.5914039, -20.3843109 ], [ -49.591403, -20.3843136 ], [ -49.5914021, -20.3843162 ], [ -49.5914013, -20.3843189 ], [ -49.5914005, -20.3843216 ], [ -49.5913998, -20.3843242 ], [ -49.5913991, -20.3843269 ], [ -49.5913984, -20.3843297 ], [ -49.5913979, -20.3843324 ], [ -49.5913973, -20.3843351 ], [ -49.5913969, -20.3843378 ], [ -49.5913964, -20.3843406 ], [ -49.591396, -20.3843433 ], [ -49.5913957, -20.3843461 ], [ -49.5913954, -20.3843489 ], [ -49.5913952, -20.3843516 ], [ -49.591395, -20.3843544 ], [ -49.5913949, -20.3843572 ], [ -49.5913948, -20.3843599 ], [ -49.5913948, -20.3843627 ], [ -49.5913948, -20.3843655 ], [ -49.5913949, -20.3843683 ], [ -49.591395, -20.384371 ], [ -49.5913952, -20.3843738 ], [ -49.5913954, -20.3843766 ], [ -49.5913957, -20.3843793 ], [ -49.591396, -20.3843821 ], [ -49.5913964, -20.3843849 ], [ -49.5913969, -20.3843876 ], [ -49.5913973, -20.3843903 ], [ -49.5913979, -20.3843931 ], [ -49.5913985, -20.3843958 ], [ -49.5913991, -20.3843985 ], [ -49.5913998, -20.3844012 ], [ -49.5914005, -20.3844039 ], [ -49.5914013, -20.3844066 ], [ -49.5914021, -20.3844092 ], [ -49.591403, -20.3844119 ], [ -49.5914039, -20.3844145 ], [ -49.5914049, -20.3844171 ], [ -49.5914059, -20.3844197 ], [ -49.591407, -20.3844223 ], [ -49.5914081, -20.3844249 ], [ -49.5914093, -20.3844274 ], [ -49.5914105, -20.38443 ], [ -49.5914118, -20.3844325 ], [ -49.5914131, -20.384435 ], [ -49.5914144, -20.3844374 ], [ -49.5914158, -20.3844399 ], [ -49.5914173, -20.3844423 ], [ -49.5914188, -20.3844447 ], [ -49.5914203, -20.3844471 ], [ -49.5914219, -20.3844494 ], [ -49.5914235, -20.3844517 ], [ -49.5914251, -20.384454 ], [ -49.5914268, -20.3844563 ], [ -49.5914286, -20.3844585 ], [ -49.5914304, -20.3844607 ], [ -49.5914322, -20.3844629 ], [ -49.5914341, -20.384465 ], [ -49.591436, -20.3844672 ], [ -49.5914379, -20.3844693 ], [ -49.5914399, -20.3844713 ], [ -49.5914419, -20.3844733 ], [ -49.591444, -20.3844753 ], [ -49.5914461, -20.3844773 ], [ -49.5914482, -20.3844792 ], [ -49.5914503, -20.3844811 ], [ -49.5914525, -20.3844829 ], [ -49.5914548, -20.3844847 ], [ -49.591457, -20.3844865 ], [ -49.5914593, -20.3844882 ], [ -49.5914616, -20.3844899 ], [ -49.591464, -20.3844916 ], [ -49.5914664, -20.3844932 ], [ -49.5914688, -20.3844948 ], [ -49.5914713, -20.3844964 ], [ -49.5914737, -20.3844979 ], [ -49.5914762, -20.3844993 ], [ -49.5914788, -20.3845008 ], [ -49.5914813, -20.3845021 ], [ -49.5914839, -20.3845035 ], [ -49.5914865, -20.3845048 ], [ -49.5914891, -20.384506 ], [ -49.5914918, -20.3845072 ], [ -49.5914944, -20.3845084 ], [ -49.5914971, -20.3845095 ], [ -49.5914998, -20.3845106 ], [ -49.5915026, -20.3845116 ], [ -49.5915053, -20.3845126 ], [ -49.5915081, -20.3845136 ], [ -49.5915109, -20.3845145 ], [ -49.5915137, -20.3845153 ], [ -49.5915165, -20.3845161 ], [ -49.5915193, -20.3845169 ], [ -49.5915222, -20.3845176 ], [ -49.591525, -20.3845183 ], [ -49.5915279, -20.3845189 ], [ -49.5915308, -20.3845195 ], [ -49.5915337, -20.38452 ], [ -49.5915366, -20.3845205 ], [ -49.5915395, -20.3845209 ], [ -49.5915424, -20.3845213 ], [ -49.5915453, -20.3845216 ], [ -49.5915483, -20.3845219 ], [ -49.5915512, -20.3845222 ], [ -49.5915541, -20.3845223 ], [ -49.5915571, -20.3845225 ], [ -49.59156, -20.3845226 ], [ -49.5915629, -20.3845226 ], [ -49.5915659, -20.3845226 ], [ -49.5915688, -20.3845226 ], [ -49.5915718, -20.3845225 ], [ -49.5915747, -20.3845223 ], [ -49.5915777, -20.3845221 ], [ -49.5915806, -20.3845219 ], [ -49.5915835, -20.3845216 ], [ -49.5915864, -20.3845213 ], [ -49.5915894, -20.3845209 ], [ -49.5915923, -20.3845205 ], [ -49.5915952, -20.38452 ], [ -49.591598, -20.3845195 ], [ -49.5916009, -20.3845189 ], [ -49.5916038, -20.3845183 ], [ -49.5916067, -20.3845176 ], [ -49.5916095, -20.3845169 ], [ -49.5916123, -20.3845161 ], [ -49.5916151, -20.3845153 ], [ -49.5916179, -20.3845145 ], [ -49.5916207, -20.3845136 ], [ -49.5916235, -20.3845126 ], [ -49.5916263, -20.3845116 ], [ -49.591629, -20.3845106 ], [ -49.5916317, -20.3845095 ], [ -49.5916344, -20.3845084 ], [ -49.5916371, -20.3845072 ], [ -49.5916397, -20.384506 ], [ -49.5916423, -20.3845048 ], [ -49.5916449, -20.3845035 ], [ -49.5916475, -20.3845021 ], [ -49.5916501, -20.3845007 ], [ -49.5916526, -20.3844993 ], [ -49.5916551, -20.3844978 ], [ -49.5916576, -20.3844963 ], [ -49.59166, -20.3844948 ], [ -49.5916624, -20.3844932 ], [ -49.5916648, -20.3844916 ], [ -49.5916672, -20.3844899 ], [ -49.5916695, -20.3844882 ], [ -49.5916718, -20.3844865 ], [ -49.5916741, -20.3844847 ], [ -49.5916763, -20.3844829 ], [ -49.5916785, -20.384481 ], [ -49.5916806, -20.3844792 ], [ -49.5916828, -20.3844772 ], [ -49.5916849, -20.3844753 ], [ -49.5916869, -20.3844733 ], [ -49.5916889, -20.3844713 ], [ -49.5916909, -20.3844692 ], [ -49.5916929, -20.3844671 ], [ -49.5916948, -20.384465 ], [ -49.5916966, -20.3844629 ], [ -49.5916984, -20.3844607 ], [ -49.5917002, -20.3844585 ], [ -49.591702, -20.3844562 ], [ -49.5917037, -20.384454 ], [ -49.5917053, -20.3844517 ], [ -49.5917069, -20.3844494 ], [ -49.5917085, -20.384447 ], [ -49.5917101, -20.3844447 ], [ -49.5917115, -20.3844423 ], [ -49.591713, -20.3844398 ], [ -49.5917144, -20.3844374 ], [ -49.5917157, -20.3844349 ], [ -49.591717, -20.3844324 ], [ -49.5917183, -20.3844299 ], [ -49.5917195, -20.3844274 ], [ -49.5917207, -20.3844249 ], [ -49.5917218, -20.3844223 ], [ -49.5917229, -20.3844197 ], [ -49.5917239, -20.3844171 ], [ -49.5917249, -20.3844145 ], [ -49.5917258, -20.3844118 ], [ -49.5917267, -20.3844092 ], [ -49.5917275, -20.3844065 ], [ -49.5917283, -20.3844039 ], [ -49.591729, -20.3844012 ], [ -49.5917297, -20.3843985 ], [ -49.5917303, -20.3843958 ], [ -49.5917309, -20.384393 ], [ -49.5917315, -20.3843903 ], [ -49.5917319, -20.3843876 ], [ -49.5917324, -20.3843848 ], [ -49.5917328, -20.3843821 ], [ -49.5917331, -20.3843793 ], [ -49.5917334, -20.3843765 ], [ -49.5917336, -20.3843738 ], [ -49.5917338, -20.384371 ], [ -49.5917339, -20.3843682 ], [ -49.591734, -20.3843655 ], [ -49.591734, -20.3843627 ], [ -49.591734, -20.3843599 ], [ -49.5917339, -20.3843571 ], [ -49.5917338, -20.3843544 ], [ -49.5917336, -20.3843516 ], [ -49.5917334, -20.3843488 ], [ -49.5917331, -20.3843461 ], [ -49.5917328, -20.3843433 ], [ -49.5917324, -20.3843406 ], [ -49.5917319, -20.3843378 ], [ -49.5917315, -20.3843351 ], [ -49.5917309, -20.3843323 ], [ -49.5917303, -20.3843296 ], [ -49.5917297, -20.3843269 ], [ -49.591729, -20.3843242 ], [ -49.5917283, -20.3843215 ], [ -49.5917275, -20.3843188 ], [ -49.5917267, -20.3843162 ], [ -49.5917258, -20.3843135 ], [ -49.5917249, -20.3843109 ], [ -49.5917239, -20.3843083 ], [ -49.5917229, -20.3843057 ], [ -49.5917218, -20.3843031 ], [ -49.5917207, -20.3843005 ], [ -49.5917195, -20.384298 ], [ -49.5917183, -20.3842954 ], [ -49.591717, -20.3842929 ], [ -49.5917157, -20.3842905 ], [ -49.5917144, -20.384288 ], [ -49.591713, -20.3842855 ], [ -49.5917115, -20.3842831 ], [ -49.59171, -20.3842807 ], [ -49.5917085, -20.3842784 ], [ -49.5917069, -20.384276 ], [ -49.5917053, -20.3842737 ], [ -49.5917037, -20.3842714 ], [ -49.591702, -20.3842691 ], [ -49.5917002, -20.3842669 ], [ -49.5916984, -20.3842647 ], [ -49.5916966, -20.3842625 ], [ -49.5916947, -20.3842604 ], [ -49.5916928, -20.3842582 ], [ -49.5916909, -20.3842562 ], [ -49.5916889, -20.3842541 ], [ -49.5916869, -20.3842521 ], [ -49.5916848, -20.3842501 ], [ -49.5916827, -20.3842481 ], [ -49.5916806, -20.3842462 ], [ -49.5916785, -20.3842443 ], [ -49.5916763, -20.3842425 ], [ -49.591674, -20.3842407 ], [ -49.5916718, -20.3842389 ], [ -49.5916695, -20.3842372 ], [ -49.5916671, -20.3842355 ], [ -49.5916648, -20.3842338 ], [ -49.5916624, -20.3842322 ], [ -49.59166, -20.3842306 ], [ -49.5916575, -20.384229 ], [ -49.5916551, -20.3842275 ], [ -49.5916526, -20.3842261 ], [ -49.59165, -20.3842247 ], [ -49.5916475, -20.3842233 ], [ -49.5916449, -20.3842219 ], [ -49.5916423, -20.3842206 ], [ -49.5916397, -20.3842194 ], [ -49.591637, -20.3842182 ], [ -49.5916344, -20.384217 ], [ -49.5916317, -20.3842159 ], [ -49.5916289, -20.3842148 ], [ -49.5916262, -20.3842138 ], [ -49.5916235, -20.3842128 ], [ -49.5916207, -20.3842118 ], [ -49.5916179, -20.3842109 ], [ -49.5916151, -20.3842101 ], [ -49.5916123, -20.3842093 ], [ -49.5916095, -20.3842085 ], [ -49.5916066, -20.3842078 ], [ -49.5916038, -20.3842071 ], [ -49.5916009, -20.3842065 ], [ -49.591598, -20.3842059 ], [ -49.5915951, -20.3842054 ], [ -49.5915922, -20.3842049 ], [ -49.5915893, -20.3842045 ], [ -49.5915864, -20.3842041 ], [ -49.5915835, -20.3842038 ], [ -49.5915805, -20.3842035 ], [ -49.5915776, -20.3842033 ], [ -49.5915747, -20.3842031 ], [ -49.5915717, -20.3842029 ], [ -49.5915688, -20.3842028 ], [ -49.5915659, -20.3842028 ] ], [ [ -49.5918269, -20.3836796 ], [ -49.5918247, -20.3836796 ], [ -49.5918225, -20.3836796 ], [ -49.5918204, -20.3836797 ], [ -49.5918182, -20.3836798 ], [ -49.591816, -20.38368 ], [ -49.5918138, -20.3836801 ], [ -49.5918117, -20.3836803 ], [ -49.5918095, -20.3836806 ], [ -49.5918073, -20.3836809 ], [ -49.5918052, -20.3836812 ], [ -49.591803, -20.3836816 ], [ -49.5918009, -20.383682 ], [ -49.5917988, -20.3836824 ], [ -49.5917967, -20.3836828 ], [ -49.5917945, -20.3836833 ], [ -49.5917924, -20.3836839 ], [ -49.5917903, -20.3836844 ], [ -49.5917883, -20.383685 ], [ -49.5917862, -20.3836857 ], [ -49.5917841, -20.3836863 ], [ -49.5917821, -20.3836871 ], [ -49.59178, -20.3836878 ], [ -49.591778, -20.3836886 ], [ -49.591776, -20.3836894 ], [ -49.591774, -20.3836902 ], [ -49.591772, -20.3836911 ], [ -49.5917701, -20.383692 ], [ -49.5917681, -20.3836929 ], [ -49.5917662, -20.3836939 ], [ -49.5917643, -20.3836949 ], [ -49.5917624, -20.3836959 ], [ -49.5917606, -20.3836969 ], [ -49.5917587, -20.383698 ], [ -49.5917569, -20.3836992 ], [ -49.5917551, -20.3837003 ], [ -49.5917533, -20.3837015 ], [ -49.5917515, -20.3837027 ], [ -49.5917498, -20.3837039 ], [ -49.5917481, -20.3837052 ], [ -49.5917464, -20.3837065 ], [ -49.5917447, -20.3837078 ], [ -49.5917431, -20.3837092 ], [ -49.5917414, -20.3837105 ], [ -49.5917399, -20.3837119 ], [ -49.5917383, -20.3837134 ], [ -49.5917367, -20.3837148 ], [ -49.5917352, -20.3837163 ], [ -49.5917337, -20.3837178 ], [ -49.5917323, -20.3837193 ], [ -49.5917309, -20.3837209 ], [ -49.5917295, -20.3837225 ], [ -49.5917281, -20.3837241 ], [ -49.5917267, -20.3837257 ], [ -49.5917254, -20.3837273 ], [ -49.5917242, -20.383729 ], [ -49.5917229, -20.3837307 ], [ -49.5917217, -20.3837324 ], [ -49.5917205, -20.3837341 ], [ -49.5917193, -20.3837358 ], [ -49.5917182, -20.3837376 ], [ -49.5917171, -20.3837394 ], [ -49.5917161, -20.3837412 ], [ -49.591715, -20.383743 ], [ -49.5917141, -20.3837448 ], [ -49.5917131, -20.3837467 ], [ -49.5917122, -20.3837485 ], [ -49.5917113, -20.3837504 ], [ -49.5917104, -20.3837523 ], [ -49.5917096, -20.3837542 ], [ -49.5917089, -20.3837561 ], [ -49.5917081, -20.3837581 ], [ -49.5917074, -20.38376 ], [ -49.5917067, -20.3837619 ], [ -49.5917061, -20.3837639 ], [ -49.5917055, -20.3837659 ], [ -49.5917049, -20.3837679 ], [ -49.5917044, -20.3837699 ], [ -49.5917039, -20.3837719 ], [ -49.5917035, -20.3837739 ], [ -49.591703, -20.3837759 ], [ -49.5917027, -20.3837779 ], [ -49.5917023, -20.38378 ], [ -49.591702, -20.383782 ], [ -49.5917018, -20.383784 ], [ -49.5917015, -20.3837861 ], [ -49.5917013, -20.3837881 ], [ -49.5917012, -20.3837902 ], [ -49.5917011, -20.3837922 ], [ -49.591701, -20.3837943 ], [ -49.591701, -20.3837963 ], [ -49.591701, -20.3837984 ], [ -49.591701, -20.3838004 ], [ -49.5917011, -20.3838025 ], [ -49.5917012, -20.3838045 ], [ -49.5917013, -20.3838066 ], [ -49.5917015, -20.3838086 ], [ -49.5917018, -20.3838107 ], [ -49.591702, -20.3838127 ], [ -49.5917023, -20.3838148 ], [ -49.5917027, -20.3838168 ], [ -49.591703, -20.3838188 ], [ -49.5917035, -20.3838208 ], [ -49.5917039, -20.3838228 ], [ -49.5917044, -20.3838248 ], [ -49.5917049, -20.3838268 ], [ -49.5917055, -20.3838288 ], [ -49.5917061, -20.3838308 ], [ -49.5917067, -20.3838328 ], [ -49.5917074, -20.3838347 ], [ -49.5917081, -20.3838367 ], [ -49.5917089, -20.3838386 ], [ -49.5917096, -20.3838405 ], [ -49.5917105, -20.3838424 ], [ -49.5917113, -20.3838443 ], [ -49.5917122, -20.3838462 ], [ -49.5917131, -20.383848 ], [ -49.5917141, -20.3838499 ], [ -49.5917151, -20.3838517 ], [ -49.5917161, -20.3838535 ], [ -49.5917171, -20.3838553 ], [ -49.5917182, -20.3838571 ], [ -49.5917194, -20.3838589 ], [ -49.5917205, -20.3838606 ], [ -49.5917217, -20.3838623 ], [ -49.5917229, -20.383864 ], [ -49.5917242, -20.3838657 ], [ -49.5917255, -20.3838674 ], [ -49.5917268, -20.383869 ], [ -49.5917281, -20.3838707 ], [ -49.5917295, -20.3838723 ], [ -49.5917309, -20.3838738 ], [ -49.5917323, -20.3838754 ], [ -49.5917338, -20.3838769 ], [ -49.5917353, -20.3838784 ], [ -49.5917368, -20.3838799 ], [ -49.5917383, -20.3838813 ], [ -49.5917399, -20.3838828 ], [ -49.5917415, -20.3838842 ], [ -49.5917431, -20.3838855 ], [ -49.5917447, -20.3838869 ], [ -49.5917464, -20.3838882 ], [ -49.5917481, -20.3838895 ], [ -49.5917498, -20.3838908 ], [ -49.5917516, -20.383892 ], [ -49.5917533, -20.3838932 ], [ -49.5917551, -20.3838944 ], [ -49.5917569, -20.3838955 ], [ -49.5917587, -20.3838967 ], [ -49.5917606, -20.3838977 ], [ -49.5917625, -20.3838988 ], [ -49.5917644, -20.3838998 ], [ -49.5917663, -20.3839008 ], [ -49.5917682, -20.3839018 ], [ -49.5917701, -20.3839027 ], [ -49.5917721, -20.3839036 ], [ -49.5917741, -20.3839045 ], [ -49.5917761, -20.3839053 ], [ -49.5917781, -20.3839061 ], [ -49.5917801, -20.3839069 ], [ -49.5917821, -20.3839076 ], [ -49.5917842, -20.3839083 ], [ -49.5917862, -20.383909 ], [ -49.5917883, -20.3839096 ], [ -49.5917904, -20.3839102 ], [ -49.5917925, -20.3839108 ], [ -49.5917946, -20.3839113 ], [ -49.5917967, -20.3839118 ], [ -49.5917988, -20.3839123 ], [ -49.591801, -20.3839127 ], [ -49.5918031, -20.3839131 ], [ -49.5918052, -20.3839135 ], [ -49.5918074, -20.3839138 ], [ -49.5918095, -20.3839141 ], [ -49.5918117, -20.3839143 ], [ -49.5918139, -20.3839145 ], [ -49.591816, -20.3839147 ], [ -49.5918182, -20.3839149 ], [ -49.5918204, -20.383915 ], [ -49.5918226, -20.383915 ], [ -49.5918248, -20.3839151 ], [ -49.5918269, -20.3839151 ], [ -49.5918291, -20.383915 ], [ -49.5918313, -20.383915 ], [ -49.5918335, -20.3839149 ], [ -49.5918356, -20.3839147 ], [ -49.5918378, -20.3839145 ], [ -49.59184, -20.3839143 ], [ -49.5918421, -20.3839141 ], [ -49.5918443, -20.3839138 ], [ -49.5918465, -20.3839135 ], [ -49.5918486, -20.3839131 ], [ -49.5918507, -20.3839127 ], [ -49.5918529, -20.3839123 ], [ -49.591855, -20.3839118 ], [ -49.5918571, -20.3839113 ], [ -49.5918592, -20.3839108 ], [ -49.5918613, -20.3839102 ], [ -49.5918634, -20.3839096 ], [ -49.5918655, -20.383909 ], [ -49.5918675, -20.3839083 ], [ -49.5918696, -20.3839076 ], [ -49.5918716, -20.3839069 ], [ -49.5918736, -20.3839061 ], [ -49.5918756, -20.3839053 ], [ -49.5918776, -20.3839045 ], [ -49.5918796, -20.3839036 ], [ -49.5918816, -20.3839027 ], [ -49.5918835, -20.3839018 ], [ -49.5918854, -20.3839008 ], [ -49.5918873, -20.3838998 ], [ -49.5918892, -20.3838988 ], [ -49.5918911, -20.3838977 ], [ -49.5918929, -20.3838966 ], [ -49.5918948, -20.3838955 ], [ -49.5918966, -20.3838944 ], [ -49.5918984, -20.3838932 ], [ -49.5919001, -20.383892 ], [ -49.5919019, -20.3838907 ], [ -49.5919036, -20.3838895 ], [ -49.5919053, -20.3838882 ], [ -49.5919069, -20.3838869 ], [ -49.5919086, -20.3838855 ], [ -49.5919102, -20.3838841 ], [ -49.5919118, -20.3838827 ], [ -49.5919134, -20.3838813 ], [ -49.5919149, -20.3838799 ], [ -49.5919164, -20.3838784 ], [ -49.5919179, -20.3838769 ], [ -49.5919194, -20.3838753 ], [ -49.5919208, -20.3838738 ], [ -49.5919222, -20.3838722 ], [ -49.5919236, -20.3838706 ], [ -49.5919249, -20.383869 ], [ -49.5919262, -20.3838674 ], [ -49.5919275, -20.3838657 ], [ -49.5919288, -20.383864 ], [ -49.59193, -20.3838623 ], [ -49.5919312, -20.3838606 ], [ -49.5919323, -20.3838588 ], [ -49.5919334, -20.3838571 ], [ -49.5919345, -20.3838553 ], [ -49.5919356, -20.3838535 ], [ -49.5919366, -20.3838517 ], [ -49.5919376, -20.3838499 ], [ -49.5919385, -20.383848 ], [ -49.5919395, -20.3838462 ], [ -49.5919404, -20.3838443 ], [ -49.5919412, -20.3838424 ], [ -49.591942, -20.3838405 ], [ -49.5919428, -20.3838386 ], [ -49.5919435, -20.3838366 ], [ -49.5919443, -20.3838347 ], [ -49.5919449, -20.3838327 ], [ -49.5919456, -20.3838308 ], [ -49.5919462, -20.3838288 ], [ -49.5919467, -20.3838268 ], [ -49.5919473, -20.3838248 ], [ -49.5919477, -20.3838228 ], [ -49.5919482, -20.3838208 ], [ -49.5919486, -20.3838188 ], [ -49.591949, -20.3838168 ], [ -49.5919493, -20.3838147 ], [ -49.5919496, -20.3838127 ], [ -49.5919499, -20.3838106 ], [ -49.5919501, -20.3838086 ], [ -49.5919503, -20.3838066 ], [ -49.5919505, -20.3838045 ], [ -49.5919506, -20.3838025 ], [ -49.5919507, -20.3838004 ], [ -49.5919507, -20.3837983 ], [ -49.5919507, -20.3837963 ], [ -49.5919507, -20.3837942 ], [ -49.5919506, -20.3837922 ], [ -49.5919505, -20.3837901 ], [ -49.5919503, -20.3837881 ], [ -49.5919501, -20.383786 ], [ -49.5919499, -20.383784 ], [ -49.5919496, -20.3837819 ], [ -49.5919493, -20.3837799 ], [ -49.591949, -20.3837779 ], [ -49.5919486, -20.3837759 ], [ -49.5919482, -20.3837738 ], [ -49.5919477, -20.3837718 ], [ -49.5919472, -20.3837698 ], [ -49.5919467, -20.3837678 ], [ -49.5919462, -20.3837659 ], [ -49.5919456, -20.3837639 ], [ -49.5919449, -20.3837619 ], [ -49.5919442, -20.38376 ], [ -49.5919435, -20.383758 ], [ -49.5919428, -20.3837561 ], [ -49.591942, -20.3837542 ], [ -49.5919412, -20.3837523 ], [ -49.5919403, -20.3837504 ], [ -49.5919395, -20.3837485 ], [ -49.5919385, -20.3837466 ], [ -49.5919376, -20.3837448 ], [ -49.5919366, -20.3837429 ], [ -49.5919356, -20.3837411 ], [ -49.5919345, -20.3837393 ], [ -49.5919334, -20.3837376 ], [ -49.5919323, -20.3837358 ], [ -49.5919311, -20.3837341 ], [ -49.5919299, -20.3837323 ], [ -49.5919287, -20.3837306 ], [ -49.5919275, -20.3837289 ], [ -49.5919262, -20.3837273 ], [ -49.5919249, -20.3837256 ], [ -49.5919235, -20.383724 ], [ -49.5919222, -20.3837224 ], [ -49.5919208, -20.3837209 ], [ -49.5919193, -20.3837193 ], [ -49.5919179, -20.3837178 ], [ -49.5919164, -20.3837163 ], [ -49.5919149, -20.3837148 ], [ -49.5919133, -20.3837133 ], [ -49.5919118, -20.3837119 ], [ -49.5919102, -20.3837105 ], [ -49.5919086, -20.3837091 ], [ -49.5919069, -20.3837078 ], [ -49.5919052, -20.3837065 ], [ -49.5919035, -20.3837052 ], [ -49.5919018, -20.3837039 ], [ -49.5919001, -20.3837027 ], [ -49.5918983, -20.3837015 ], [ -49.5918965, -20.3837003 ], [ -49.5918947, -20.3836991 ], [ -49.5918929, -20.383698 ], [ -49.5918911, -20.3836969 ], [ -49.5918892, -20.3836959 ], [ -49.5918873, -20.3836948 ], [ -49.5918854, -20.3836938 ], [ -49.5918835, -20.3836929 ], [ -49.5918815, -20.383692 ], [ -49.5918796, -20.383691 ], [ -49.5918776, -20.3836902 ], [ -49.5918756, -20.3836893 ], [ -49.5918736, -20.3836885 ], [ -49.5918716, -20.3836878 ], [ -49.5918695, -20.383687 ], [ -49.5918675, -20.3836863 ], [ -49.5918654, -20.3836857 ], [ -49.5918634, -20.383685 ], [ -49.5918613, -20.3836844 ], [ -49.5918592, -20.3836839 ], [ -49.5918571, -20.3836833 ], [ -49.591855, -20.3836828 ], [ -49.5918528, -20.3836824 ], [ -49.5918507, -20.3836819 ], [ -49.5918486, -20.3836816 ], [ -49.5918464, -20.3836812 ], [ -49.5918443, -20.3836809 ], [ -49.5918421, -20.3836806 ], [ -49.5918399, -20.3836803 ], [ -49.5918378, -20.3836801 ], [ -49.5918356, -20.3836799 ], [ -49.5918334, -20.3836798 ], [ -49.5918313, -20.3836797 ], [ -49.5918291, -20.3836796 ], [ -49.5918269, -20.3836796 ] ], [ [ -49.5922613, -20.3835453 ], [ -49.5922595, -20.3835453 ], [ -49.5922578, -20.3835453 ], [ -49.592256, -20.3835454 ], [ -49.5922542, -20.3835455 ], [ -49.5922524, -20.3835456 ], [ -49.5922507, -20.3835457 ], [ -49.5922489, -20.3835459 ], [ -49.5922471, -20.3835461 ], [ -49.5922454, -20.3835463 ], [ -49.5922436, -20.3835466 ], [ -49.5922419, -20.3835469 ], [ -49.5922401, -20.3835472 ], [ -49.5922384, -20.3835476 ], [ -49.5922366, -20.3835479 ], [ -49.5922349, -20.3835483 ], [ -49.5922332, -20.3835488 ], [ -49.5922315, -20.3835492 ], [ -49.5922298, -20.3835497 ], [ -49.5922281, -20.3835502 ], [ -49.5922264, -20.3835508 ], [ -49.5922247, -20.3835514 ], [ -49.5922231, -20.383552 ], [ -49.5922214, -20.3835526 ], [ -49.5922198, -20.3835533 ], [ -49.5922182, -20.3835539 ], [ -49.5922166, -20.3835546 ], [ -49.592215, -20.3835554 ], [ -49.5922134, -20.3835561 ], [ -49.5922118, -20.3835569 ], [ -49.5922103, -20.3835577 ], [ -49.5922087, -20.3835586 ], [ -49.5922072, -20.3835594 ], [ -49.5922057, -20.3835603 ], [ -49.5922042, -20.3835612 ], [ -49.5922027, -20.3835622 ], [ -49.5922013, -20.3835631 ], [ -49.5921998, -20.3835641 ], [ -49.5921984, -20.3835651 ], [ -49.592197, -20.3835662 ], [ -49.5921956, -20.3835672 ], [ -49.5921943, -20.3835683 ], [ -49.5921929, -20.3835694 ], [ -49.5921916, -20.3835705 ], [ -49.5921903, -20.3835717 ], [ -49.592189, -20.3835728 ], [ -49.5921878, -20.383574 ], [ -49.5921865, -20.3835752 ], [ -49.5921853, -20.3835765 ], [ -49.5921841, -20.3835777 ], [ -49.592183, -20.383579 ], [ -49.5921818, -20.3835803 ], [ -49.5921807, -20.3835816 ], [ -49.5921796, -20.3835829 ], [ -49.5921785, -20.3835842 ], [ -49.5921775, -20.3835856 ], [ -49.5921765, -20.383587 ], [ -49.5921755, -20.3835883 ], [ -49.5921745, -20.3835898 ], [ -49.5921736, -20.3835912 ], [ -49.5921726, -20.3835926 ], [ -49.5921718, -20.3835941 ], [ -49.5921709, -20.3835955 ], [ -49.5921701, -20.383597 ], [ -49.5921692, -20.3835985 ], [ -49.5921685, -20.3836 ], [ -49.5921677, -20.3836015 ], [ -49.592167, -20.3836031 ], [ -49.5921663, -20.3836046 ], [ -49.5921656, -20.3836062 ], [ -49.592165, -20.3836077 ], [ -49.5921644, -20.3836093 ], [ -49.5921638, -20.3836109 ], [ -49.5921633, -20.3836125 ], [ -49.5921627, -20.3836141 ], [ -49.5921623, -20.3836157 ], [ -49.5921618, -20.3836173 ], [ -49.5921614, -20.383619 ], [ -49.592161, -20.3836206 ], [ -49.5921606, -20.3836222 ], [ -49.5921603, -20.3836239 ], [ -49.5921599, -20.3836255 ], [ -49.5921597, -20.3836272 ], [ -49.5921594, -20.3836288 ], [ -49.5921592, -20.3836305 ], [ -49.592159, -20.3836322 ], [ -49.5921589, -20.3836338 ], [ -49.5921587, -20.3836355 ], [ -49.5921586, -20.3836372 ], [ -49.5921586, -20.3836389 ], [ -49.5921586, -20.3836405 ], [ -49.5921586, -20.3836422 ], [ -49.5921586, -20.3836439 ], [ -49.5921586, -20.3836456 ], [ -49.5921587, -20.3836472 ], [ -49.5921589, -20.3836489 ], [ -49.592159, -20.3836506 ], [ -49.5921592, -20.3836523 ], [ -49.5921594, -20.3836539 ], [ -49.5921597, -20.3836556 ], [ -49.59216, -20.3836572 ], [ -49.5921603, -20.3836589 ], [ -49.5921606, -20.3836605 ], [ -49.592161, -20.3836622 ], [ -49.5921614, -20.3836638 ], [ -49.5921618, -20.3836654 ], [ -49.5921623, -20.3836671 ], [ -49.5921628, -20.3836687 ], [ -49.5921633, -20.3836703 ], [ -49.5921638, -20.3836719 ], [ -49.5921644, -20.3836735 ], [ -49.592165, -20.383675 ], [ -49.5921656, -20.3836766 ], [ -49.5921663, -20.3836782 ], [ -49.592167, -20.3836797 ], [ -49.5921677, -20.3836812 ], [ -49.5921685, -20.3836827 ], [ -49.5921693, -20.3836843 ], [ -49.5921701, -20.3836857 ], [ -49.5921709, -20.3836872 ], [ -49.5921718, -20.3836887 ], [ -49.5921727, -20.3836901 ], [ -49.5921736, -20.3836916 ], [ -49.5921745, -20.383693 ], [ -49.5921755, -20.3836944 ], [ -49.5921765, -20.3836958 ], [ -49.5921775, -20.3836972 ], [ -49.5921785, -20.3836985 ], [ -49.5921796, -20.3836999 ], [ -49.5921807, -20.3837012 ], [ -49.5921818, -20.3837025 ], [ -49.592183, -20.3837038 ], [ -49.5921841, -20.383705 ], [ -49.5921853, -20.3837063 ], [ -49.5921865, -20.3837075 ], [ -49.5921878, -20.3837087 ], [ -49.592189, -20.3837099 ], [ -49.5921903, -20.3837111 ], [ -49.5921916, -20.3837122 ], [ -49.5921929, -20.3837133 ], [ -49.5921943, -20.3837144 ], [ -49.5921956, -20.3837155 ], [ -49.592197, -20.3837166 ], [ -49.5921984, -20.3837176 ], [ -49.5921999, -20.3837186 ], [ -49.5922013, -20.3837196 ], [ -49.5922027, -20.3837206 ], [ -49.5922042, -20.3837215 ], [ -49.5922057, -20.3837224 ], [ -49.5922072, -20.3837233 ], [ -49.5922087, -20.3837242 ], [ -49.5922103, -20.383725 ], [ -49.5922118, -20.3837258 ], [ -49.5922134, -20.3837266 ], [ -49.592215, -20.3837274 ], [ -49.5922166, -20.3837281 ], [ -49.5922182, -20.3837288 ], [ -49.5922198, -20.3837295 ], [ -49.5922215, -20.3837301 ], [ -49.5922231, -20.3837308 ], [ -49.5922248, -20.3837314 ], [ -49.5922265, -20.3837319 ], [ -49.5922281, -20.3837325 ], [ -49.5922298, -20.383733 ], [ -49.5922315, -20.3837335 ], [ -49.5922332, -20.383734 ], [ -49.592235, -20.3837344 ], [ -49.5922367, -20.3837348 ], [ -49.5922384, -20.3837352 ], [ -49.5922402, -20.3837355 ], [ -49.5922419, -20.3837358 ], [ -49.5922437, -20.3837361 ], [ -49.5922454, -20.3837364 ], [ -49.5922472, -20.3837366 ], [ -49.5922489, -20.3837368 ], [ -49.5922507, -20.383737 ], [ -49.5922525, -20.3837372 ], [ -49.5922542, -20.3837373 ], [ -49.592256, -20.3837374 ], [ -49.5922578, -20.3837374 ], [ -49.5922596, -20.3837374 ], [ -49.5922614, -20.3837374 ], [ -49.5922631, -20.3837374 ], [ -49.5922649, -20.3837374 ], [ -49.5922667, -20.3837373 ], [ -49.5922685, -20.3837372 ], [ -49.5922702, -20.383737 ], [ -49.592272, -20.3837368 ], [ -49.5922738, -20.3837366 ], [ -49.5922755, -20.3837364 ], [ -49.5922773, -20.3837361 ], [ -49.592279, -20.3837358 ], [ -49.5922808, -20.3837355 ], [ -49.5922825, -20.3837352 ], [ -49.5922843, -20.3837348 ], [ -49.592286, -20.3837344 ], [ -49.5922877, -20.383734 ], [ -49.5922894, -20.3837335 ], [ -49.5922911, -20.383733 ], [ -49.5922928, -20.3837325 ], [ -49.5922945, -20.3837319 ], [ -49.5922962, -20.3837314 ], [ -49.5922978, -20.3837308 ], [ -49.5922995, -20.3837301 ], [ -49.5923011, -20.3837295 ], [ -49.5923027, -20.3837288 ], [ -49.5923043, -20.3837281 ], [ -49.5923059, -20.3837273 ], [ -49.5923075, -20.3837266 ], [ -49.5923091, -20.3837258 ], [ -49.5923106, -20.383725 ], [ -49.5923122, -20.3837241 ], [ -49.5923137, -20.3837233 ], [ -49.5923152, -20.3837224 ], [ -49.5923167, -20.3837215 ], [ -49.5923182, -20.3837205 ], [ -49.5923196, -20.3837196 ], [ -49.5923211, -20.3837186 ], [ -49.5923225, -20.3837176 ], [ -49.5923239, -20.3837166 ], [ -49.5923253, -20.3837155 ], [ -49.5923266, -20.3837144 ], [ -49.592328, -20.3837133 ], [ -49.5923293, -20.3837122 ], [ -49.5923306, -20.3837111 ], [ -49.5923319, -20.3837099 ], [ -49.5923331, -20.3837087 ], [ -49.5923344, -20.3837075 ], [ -49.5923356, -20.3837063 ], [ -49.5923368, -20.383705 ], [ -49.5923379, -20.3837038 ], [ -49.5923391, -20.3837025 ], [ -49.5923402, -20.3837012 ], [ -49.5923413, -20.3836998 ], [ -49.5923424, -20.3836985 ], [ -49.5923434, -20.3836972 ], [ -49.5923444, -20.3836958 ], [ -49.5923454, -20.3836944 ], [ -49.5923464, -20.383693 ], [ -49.5923473, -20.3836916 ], [ -49.5923483, -20.3836901 ], [ -49.5923492, -20.3836887 ], [ -49.59235, -20.3836872 ], [ -49.5923508, -20.3836857 ], [ -49.5923517, -20.3836842 ], [ -49.5923524, -20.3836827 ], [ -49.5923532, -20.3836812 ], [ -49.5923539, -20.3836797 ], [ -49.5923546, -20.3836781 ], [ -49.5923553, -20.3836766 ], [ -49.5923559, -20.383675 ], [ -49.5923565, -20.3836734 ], [ -49.5923571, -20.3836718 ], [ -49.5923576, -20.3836702 ], [ -49.5923582, -20.3836686 ], [ -49.5923587, -20.383667 ], [ -49.5923591, -20.3836654 ], [ -49.5923595, -20.3836638 ], [ -49.5923599, -20.3836621 ], [ -49.5923603, -20.3836605 ], [ -49.5923607, -20.3836589 ], [ -49.592361, -20.3836572 ], [ -49.5923612, -20.3836556 ], [ -49.5923615, -20.3836539 ], [ -49.5923617, -20.3836522 ], [ -49.5923619, -20.3836506 ], [ -49.592362, -20.3836489 ], [ -49.5923622, -20.3836472 ], [ -49.5923623, -20.3836455 ], [ -49.5923623, -20.3836439 ], [ -49.5923624, -20.3836422 ], [ -49.5923623, -20.3836405 ], [ -49.5923623, -20.3836388 ], [ -49.5923623, -20.3836372 ], [ -49.5923622, -20.3836355 ], [ -49.592362, -20.3836338 ], [ -49.5923619, -20.3836321 ], [ -49.5923617, -20.3836305 ], [ -49.5923615, -20.3836288 ], [ -49.5923612, -20.3836271 ], [ -49.592361, -20.3836255 ], [ -49.5923606, -20.3836238 ], [ -49.5923603, -20.3836222 ], [ -49.5923599, -20.3836206 ], [ -49.5923595, -20.3836189 ], [ -49.5923591, -20.3836173 ], [ -49.5923586, -20.3836157 ], [ -49.5923582, -20.3836141 ], [ -49.5923576, -20.3836125 ], [ -49.5923571, -20.3836109 ], [ -49.5923565, -20.3836093 ], [ -49.5923559, -20.3836077 ], [ -49.5923553, -20.3836061 ], [ -49.5923546, -20.3836046 ], [ -49.5923539, -20.383603 ], [ -49.5923532, -20.3836015 ], [ -49.5923524, -20.3836 ], [ -49.5923516, -20.3835985 ], [ -49.5923508, -20.383597 ], [ -49.59235, -20.3835955 ], [ -49.5923491, -20.383594 ], [ -49.5923482, -20.3835926 ], [ -49.5923473, -20.3835911 ], [ -49.5923464, -20.3835897 ], [ -49.5923454, -20.3835883 ], [ -49.5923444, -20.3835869 ], [ -49.5923434, -20.3835856 ], [ -49.5923424, -20.3835842 ], [ -49.5923413, -20.3835829 ], [ -49.5923402, -20.3835815 ], [ -49.5923391, -20.3835802 ], [ -49.5923379, -20.383579 ], [ -49.5923368, -20.3835777 ], [ -49.5923356, -20.3835764 ], [ -49.5923344, -20.3835752 ], [ -49.5923331, -20.383574 ], [ -49.5923319, -20.3835728 ], [ -49.5923306, -20.3835717 ], [ -49.5923293, -20.3835705 ], [ -49.592328, -20.3835694 ], [ -49.5923266, -20.3835683 ], [ -49.5923253, -20.3835672 ], [ -49.5923239, -20.3835662 ], [ -49.5923225, -20.3835651 ], [ -49.5923211, -20.3835641 ], [ -49.5923196, -20.3835631 ], [ -49.5923182, -20.3835622 ], [ -49.5923167, -20.3835612 ], [ -49.5923152, -20.3835603 ], [ -49.5923137, -20.3835594 ], [ -49.5923122, -20.3835586 ], [ -49.5923106, -20.3835577 ], [ -49.5923091, -20.3835569 ], [ -49.5923075, -20.3835561 ], [ -49.5923059, -20.3835554 ], [ -49.5923043, -20.3835546 ], [ -49.5923027, -20.3835539 ], [ -49.5923011, -20.3835532 ], [ -49.5922994, -20.3835526 ], [ -49.5922978, -20.383552 ], [ -49.5922961, -20.3835514 ], [ -49.5922945, -20.3835508 ], [ -49.5922928, -20.3835502 ], [ -49.5922911, -20.3835497 ], [ -49.5922894, -20.3835492 ], [ -49.5922877, -20.3835488 ], [ -49.5922859, -20.3835483 ], [ -49.5922842, -20.3835479 ], [ -49.5922825, -20.3835476 ], [ -49.5922808, -20.3835472 ], [ -49.592279, -20.3835469 ], [ -49.5922773, -20.3835466 ], [ -49.5922755, -20.3835463 ], [ -49.5922737, -20.3835461 ], [ -49.592272, -20.3835459 ], [ -49.5922702, -20.3835457 ], [ -49.5922684, -20.3835456 ], [ -49.5922667, -20.3835455 ], [ -49.5922649, -20.3835454 ], [ -49.5922631, -20.3835453 ], [ -49.5922613, -20.3835453 ] ], [ [ -49.5927372, -20.3838731 ], [ -49.592735, -20.3838731 ], [ -49.5927327, -20.3838731 ], [ -49.5927305, -20.3838732 ], [ -49.5927282, -20.3838733 ], [ -49.592726, -20.3838735 ], [ -49.5927238, -20.3838736 ], [ -49.5927215, -20.3838739 ], [ -49.5927193, -20.3838741 ], [ -49.5927171, -20.3838744 ], [ -49.5927149, -20.3838747 ], [ -49.5927127, -20.3838751 ], [ -49.5927105, -20.3838755 ], [ -49.5927083, -20.3838759 ], [ -49.5927061, -20.3838764 ], [ -49.5927039, -20.3838769 ], [ -49.5927017, -20.3838775 ], [ -49.5926996, -20.383878 ], [ -49.5926974, -20.3838787 ], [ -49.5926953, -20.3838793 ], [ -49.5926932, -20.38388 ], [ -49.5926911, -20.3838807 ], [ -49.592689, -20.3838815 ], [ -49.5926869, -20.3838823 ], [ -49.5926848, -20.3838831 ], [ -49.5926828, -20.3838839 ], [ -49.5926807, -20.3838848 ], [ -49.5926787, -20.3838858 ], [ -49.5926767, -20.3838867 ], [ -49.5926747, -20.3838877 ], [ -49.5926728, -20.3838887 ], [ -49.5926708, -20.3838898 ], [ -49.5926689, -20.3838909 ], [ -49.592667, -20.383892 ], [ -49.5926651, -20.3838931 ], [ -49.5926632, -20.3838943 ], [ -49.5926614, -20.3838955 ], [ -49.5926596, -20.3838967 ], [ -49.5926578, -20.383898 ], [ -49.592656, -20.3838993 ], [ -49.5926542, -20.3839006 ], [ -49.5926525, -20.383902 ], [ -49.5926508, -20.3839034 ], [ -49.5926491, -20.3839048 ], [ -49.5926475, -20.3839062 ], [ -49.5926459, -20.3839077 ], [ -49.5926443, -20.3839092 ], [ -49.5926427, -20.3839107 ], [ -49.5926412, -20.3839122 ], [ -49.5926397, -20.3839138 ], [ -49.5926382, -20.3839154 ], [ -49.5926367, -20.383917 ], [ -49.5926353, -20.3839186 ], [ -49.5926339, -20.3839203 ], [ -49.5926326, -20.383922 ], [ -49.5926312, -20.3839237 ], [ -49.5926299, -20.3839254 ], [ -49.5926287, -20.3839272 ], [ -49.5926274, -20.3839289 ], [ -49.5926262, -20.3839307 ], [ -49.5926251, -20.3839325 ], [ -49.5926239, -20.3839344 ], [ -49.5926229, -20.3839362 ], [ -49.5926218, -20.3839381 ], [ -49.5926208, -20.3839399 ], [ -49.5926198, -20.3839418 ], [ -49.5926188, -20.3839437 ], [ -49.5926179, -20.3839457 ], [ -49.592617, -20.3839476 ], [ -49.5926161, -20.3839496 ], [ -49.5926153, -20.3839515 ], [ -49.5926145, -20.3839535 ], [ -49.5926138, -20.3839555 ], [ -49.5926131, -20.3839575 ], [ -49.5926124, -20.3839595 ], [ -49.5926118, -20.3839616 ], [ -49.5926112, -20.3839636 ], [ -49.5926106, -20.3839657 ], [ -49.5926101, -20.3839677 ], [ -49.5926096, -20.3839698 ], [ -49.5926092, -20.3839719 ], [ -49.5926088, -20.3839739 ], [ -49.5926084, -20.383976 ], [ -49.5926081, -20.3839781 ], [ -49.5926078, -20.3839802 ], [ -49.5926075, -20.3839823 ], [ -49.5926073, -20.3839844 ], [ -49.5926071, -20.3839865 ], [ -49.592607, -20.3839887 ], [ -49.5926069, -20.3839908 ], [ -49.5926068, -20.3839929 ], [ -49.5926068, -20.383995 ], [ -49.5926068, -20.3839971 ], [ -49.5926069, -20.3839992 ], [ -49.592607, -20.3840013 ], [ -49.5926071, -20.3840035 ], [ -49.5926073, -20.3840056 ], [ -49.5926075, -20.3840077 ], [ -49.5926078, -20.3840098 ], [ -49.5926081, -20.3840119 ], [ -49.5926084, -20.384014 ], [ -49.5926088, -20.3840161 ], [ -49.5926092, -20.3840181 ], [ -49.5926096, -20.3840202 ], [ -49.5926101, -20.3840223 ], [ -49.5926106, -20.3840243 ], [ -49.5926112, -20.3840264 ], [ -49.5926118, -20.3840284 ], [ -49.5926124, -20.3840305 ], [ -49.5926131, -20.3840325 ], [ -49.5926138, -20.3840345 ], [ -49.5926145, -20.3840365 ], [ -49.5926153, -20.3840385 ], [ -49.5926161, -20.3840404 ], [ -49.592617, -20.3840424 ], [ -49.5926179, -20.3840443 ], [ -49.5926188, -20.3840463 ], [ -49.5926198, -20.3840482 ], [ -49.5926208, -20.3840501 ], [ -49.5926218, -20.3840519 ], [ -49.5926229, -20.3840538 ], [ -49.592624, -20.3840556 ], [ -49.5926251, -20.3840575 ], [ -49.5926263, -20.3840593 ], [ -49.5926275, -20.3840611 ], [ -49.5926287, -20.3840628 ], [ -49.59263, -20.3840646 ], [ -49.5926313, -20.3840663 ], [ -49.5926326, -20.384068 ], [ -49.5926339, -20.3840697 ], [ -49.5926353, -20.3840714 ], [ -49.5926368, -20.384073 ], [ -49.5926382, -20.3840746 ], [ -49.5926397, -20.3840762 ], [ -49.5926412, -20.3840778 ], [ -49.5926427, -20.3840793 ], [ -49.5926443, -20.3840808 ], [ -49.5926459, -20.3840823 ], [ -49.5926475, -20.3840838 ], [ -49.5926492, -20.3840852 ], [ -49.5926508, -20.3840866 ], [ -49.5926525, -20.384088 ], [ -49.5926543, -20.3840894 ], [ -49.592656, -20.3840907 ], [ -49.5926578, -20.384092 ], [ -49.5926596, -20.3840932 ], [ -49.5926614, -20.3840945 ], [ -49.5926632, -20.3840957 ], [ -49.5926651, -20.3840969 ], [ -49.592667, -20.384098 ], [ -49.5926689, -20.3840991 ], [ -49.5926708, -20.3841002 ], [ -49.5926728, -20.3841013 ], [ -49.5926747, -20.3841023 ], [ -49.5926767, -20.3841033 ], [ -49.5926787, -20.3841042 ], [ -49.5926808, -20.3841052 ], [ -49.5926828, -20.384106 ], [ -49.5926848, -20.3841069 ], [ -49.5926869, -20.3841077 ], [ -49.592689, -20.3841085 ], [ -49.5926911, -20.3841093 ], [ -49.5926932, -20.38411 ], [ -49.5926953, -20.3841107 ], [ -49.5926975, -20.3841113 ], [ -49.5926996, -20.3841119 ], [ -49.5927018, -20.3841125 ], [ -49.5927039, -20.3841131 ], [ -49.5927061, -20.3841136 ], [ -49.5927083, -20.384114 ], [ -49.5927105, -20.3841145 ], [ -49.5927127, -20.3841149 ], [ -49.5927149, -20.3841152 ], [ -49.5927171, -20.3841156 ], [ -49.5927193, -20.3841159 ], [ -49.5927216, -20.3841161 ], [ -49.5927238, -20.3841163 ], [ -49.592726, -20.3841165 ], [ -49.5927283, -20.3841167 ], [ -49.5927305, -20.3841168 ], [ -49.5927328, -20.3841169 ], [ -49.592735, -20.3841169 ], [ -49.5927372, -20.3841169 ], [ -49.5927395, -20.3841169 ], [ -49.5927417, -20.3841168 ], [ -49.592744, -20.3841167 ], [ -49.5927462, -20.3841165 ], [ -49.5927484, -20.3841163 ], [ -49.5927507, -20.3841161 ], [ -49.5927529, -20.3841159 ], [ -49.5927551, -20.3841156 ], [ -49.5927573, -20.3841152 ], [ -49.5927596, -20.3841149 ], [ -49.5927618, -20.3841145 ], [ -49.592764, -20.384114 ], [ -49.5927661, -20.3841136 ], [ -49.5927683, -20.384113 ], [ -49.5927705, -20.3841125 ], [ -49.5927726, -20.3841119 ], [ -49.5927748, -20.3841113 ], [ -49.5927769, -20.3841107 ], [ -49.592779, -20.38411 ], [ -49.5927812, -20.3841093 ], [ -49.5927833, -20.3841085 ], [ -49.5927853, -20.3841077 ], [ -49.5927874, -20.3841069 ], [ -49.5927895, -20.384106 ], [ -49.5927915, -20.3841051 ], [ -49.5927935, -20.3841042 ], [ -49.5927955, -20.3841033 ], [ -49.5927975, -20.3841023 ], [ -49.5927995, -20.3841013 ], [ -49.5928014, -20.3841002 ], [ -49.5928033, -20.3840991 ], [ -49.5928052, -20.384098 ], [ -49.5928071, -20.3840969 ], [ -49.592809, -20.3840957 ], [ -49.5928108, -20.3840945 ], [ -49.5928127, -20.3840932 ], [ -49.5928145, -20.384092 ], [ -49.5928162, -20.3840907 ], [ -49.592818, -20.3840893 ], [ -49.5928197, -20.384088 ], [ -49.5928214, -20.3840866 ], [ -49.5928231, -20.3840852 ], [ -49.5928247, -20.3840838 ], [ -49.5928263, -20.3840823 ], [ -49.5928279, -20.3840808 ], [ -49.5928295, -20.3840793 ], [ -49.592831, -20.3840777 ], [ -49.5928325, -20.3840762 ], [ -49.592834, -20.3840746 ], [ -49.5928355, -20.384073 ], [ -49.5928369, -20.3840713 ], [ -49.5928383, -20.3840697 ], [ -49.5928396, -20.384068 ], [ -49.592841, -20.3840663 ], [ -49.5928423, -20.3840646 ], [ -49.5928435, -20.3840628 ], [ -49.5928448, -20.384061 ], [ -49.592846, -20.3840593 ], [ -49.5928471, -20.3840574 ], [ -49.5928483, -20.3840556 ], [ -49.5928494, -20.3840538 ], [ -49.5928504, -20.3840519 ], [ -49.5928515, -20.38405 ], [ -49.5928525, -20.3840481 ], [ -49.5928534, -20.3840462 ], [ -49.5928543, -20.3840443 ], [ -49.5928552, -20.3840424 ], [ -49.5928561, -20.3840404 ], [ -49.5928569, -20.3840384 ], [ -49.5928577, -20.3840364 ], [ -49.5928584, -20.3840344 ], [ -49.5928591, -20.3840324 ], [ -49.5928598, -20.3840304 ], [ -49.5928604, -20.3840284 ], [ -49.592861, -20.3840264 ], [ -49.5928616, -20.3840243 ], [ -49.5928621, -20.3840222 ], [ -49.5928626, -20.3840202 ], [ -49.592863, -20.3840181 ], [ -49.5928635, -20.384016 ], [ -49.5928638, -20.3840139 ], [ -49.5928641, -20.3840118 ], [ -49.5928644, -20.3840097 ], [ -49.5928647, -20.3840076 ], [ -49.5928649, -20.3840055 ], [ -49.5928651, -20.3840034 ], [ -49.5928652, -20.3840013 ], [ -49.5928653, -20.3839992 ], [ -49.5928654, -20.3839971 ], [ -49.5928654, -20.383995 ], [ -49.5928654, -20.3839929 ], [ -49.5928653, -20.3839907 ], [ -49.5928652, -20.3839886 ], [ -49.5928651, -20.3839865 ], [ -49.5928649, -20.3839844 ], [ -49.5928647, -20.3839823 ], [ -49.5928644, -20.3839802 ], [ -49.5928641, -20.3839781 ], [ -49.5928638, -20.383976 ], [ -49.5928634, -20.3839739 ], [ -49.592863, -20.3839718 ], [ -49.5928626, -20.3839698 ], [ -49.5928621, -20.3839677 ], [ -49.5928616, -20.3839656 ], [ -49.592861, -20.3839636 ], [ -49.5928604, -20.3839616 ], [ -49.5928598, -20.3839595 ], [ -49.5928591, -20.3839575 ], [ -49.5928584, -20.3839555 ], [ -49.5928577, -20.3839535 ], [ -49.5928569, -20.3839515 ], [ -49.5928561, -20.3839495 ], [ -49.5928552, -20.3839476 ], [ -49.5928543, -20.3839456 ], [ -49.5928534, -20.3839437 ], [ -49.5928524, -20.3839418 ], [ -49.5928514, -20.3839399 ], [ -49.5928504, -20.383938 ], [ -49.5928493, -20.3839362 ], [ -49.5928482, -20.3839343 ], [ -49.5928471, -20.3839325 ], [ -49.5928459, -20.3839307 ], [ -49.5928447, -20.3839289 ], [ -49.5928435, -20.3839271 ], [ -49.5928423, -20.3839254 ], [ -49.592841, -20.3839237 ], [ -49.5928396, -20.383922 ], [ -49.5928383, -20.3839203 ], [ -49.5928369, -20.3839186 ], [ -49.5928355, -20.383917 ], [ -49.592834, -20.3839154 ], [ -49.5928325, -20.3839138 ], [ -49.592831, -20.3839122 ], [ -49.5928295, -20.3839107 ], [ -49.5928279, -20.3839091 ], [ -49.5928263, -20.3839077 ], [ -49.5928247, -20.3839062 ], [ -49.592823, -20.3839048 ], [ -49.5928214, -20.3839034 ], [ -49.5928197, -20.383902 ], [ -49.5928179, -20.3839006 ], [ -49.5928162, -20.3838993 ], [ -49.5928144, -20.383898 ], [ -49.5928126, -20.3838967 ], [ -49.5928108, -20.3838955 ], [ -49.592809, -20.3838943 ], [ -49.5928071, -20.3838931 ], [ -49.5928052, -20.383892 ], [ -49.5928033, -20.3838908 ], [ -49.5928014, -20.3838898 ], [ -49.5927994, -20.3838887 ], [ -49.5927975, -20.3838877 ], [ -49.5927955, -20.3838867 ], [ -49.5927935, -20.3838857 ], [ -49.5927915, -20.3838848 ], [ -49.5927894, -20.3838839 ], [ -49.5927874, -20.3838831 ], [ -49.5927853, -20.3838823 ], [ -49.5927832, -20.3838815 ], [ -49.5927811, -20.3838807 ], [ -49.592779, -20.38388 ], [ -49.5927769, -20.3838793 ], [ -49.5927748, -20.3838787 ], [ -49.5927726, -20.383878 ], [ -49.5927705, -20.3838775 ], [ -49.5927683, -20.3838769 ], [ -49.5927661, -20.3838764 ], [ -49.5927639, -20.3838759 ], [ -49.5927617, -20.3838755 ], [ -49.5927595, -20.3838751 ], [ -49.5927573, -20.3838747 ], [ -49.5927551, -20.3838744 ], [ -49.5927529, -20.3838741 ], [ -49.5927506, -20.3838739 ], [ -49.5927484, -20.3838736 ], [ -49.5927462, -20.3838735 ], [ -49.5927439, -20.3838733 ], [ -49.5927417, -20.3838732 ], [ -49.5927395, -20.3838731 ], [ -49.5927372, -20.3838731 ] ], [ [ -49.5900111, -20.3827058 ], [ -49.5900087, -20.3827058 ], [ -49.5900063, -20.3827058 ], [ -49.5900039, -20.3827059 ], [ -49.5900016, -20.382706 ], [ -49.5899992, -20.3827062 ], [ -49.5899968, -20.3827064 ], [ -49.5899945, -20.3827066 ], [ -49.5899921, -20.3827069 ], [ -49.5899897, -20.3827072 ], [ -49.5899874, -20.3827075 ], [ -49.589985, -20.3827079 ], [ -49.5899827, -20.3827083 ], [ -49.5899804, -20.3827088 ], [ -49.5899781, -20.3827093 ], [ -49.5899757, -20.3827099 ], [ -49.5899734, -20.3827104 ], [ -49.5899712, -20.382711 ], [ -49.5899689, -20.3827117 ], [ -49.5899666, -20.3827124 ], [ -49.5899644, -20.3827131 ], [ -49.5899621, -20.3827139 ], [ -49.5899599, -20.3827147 ], [ -49.5899577, -20.3827155 ], [ -49.5899555, -20.3827164 ], [ -49.5899533, -20.3827173 ], [ -49.5899512, -20.3827182 ], [ -49.589949, -20.3827192 ], [ -49.5899469, -20.3827202 ], [ -49.5899448, -20.3827213 ], [ -49.5899427, -20.3827224 ], [ -49.5899406, -20.3827235 ], [ -49.5899386, -20.3827246 ], [ -49.5899366, -20.3827258 ], [ -49.5899346, -20.382727 ], [ -49.5899326, -20.3827283 ], [ -49.5899307, -20.3827296 ], [ -49.5899287, -20.3827309 ], [ -49.5899268, -20.3827322 ], [ -49.5899249, -20.3827336 ], [ -49.5899231, -20.382735 ], [ -49.5899213, -20.3827364 ], [ -49.5899194, -20.3827379 ], [ -49.5899177, -20.3827394 ], [ -49.5899159, -20.3827409 ], [ -49.5899142, -20.3827425 ], [ -49.5899125, -20.3827441 ], [ -49.5899109, -20.3827457 ], [ -49.5899092, -20.3827473 ], [ -49.5899076, -20.382749 ], [ -49.5899061, -20.3827506 ], [ -49.5899045, -20.3827524 ], [ -49.589903, -20.3827541 ], [ -49.5899015, -20.3827559 ], [ -49.5899001, -20.3827576 ], [ -49.5898987, -20.3827595 ], [ -49.5898973, -20.3827613 ], [ -49.589896, -20.3827631 ], [ -49.5898947, -20.382765 ], [ -49.5898934, -20.3827669 ], [ -49.5898922, -20.3827688 ], [ -49.5898909, -20.3827708 ], [ -49.5898898, -20.3827727 ], [ -49.5898887, -20.3827747 ], [ -49.5898876, -20.3827767 ], [ -49.5898865, -20.3827787 ], [ -49.5898855, -20.3827807 ], [ -49.5898845, -20.3827828 ], [ -49.5898836, -20.3827848 ], [ -49.5898827, -20.3827869 ], [ -49.5898818, -20.382789 ], [ -49.589881, -20.3827911 ], [ -49.5898802, -20.3827932 ], [ -49.5898794, -20.3827953 ], [ -49.5898787, -20.3827975 ], [ -49.589878, -20.3827996 ], [ -49.5898774, -20.3828018 ], [ -49.5898768, -20.382804 ], [ -49.5898763, -20.3828062 ], [ -49.5898757, -20.3828084 ], [ -49.5898753, -20.3828106 ], [ -49.5898748, -20.3828128 ], [ -49.5898745, -20.382815 ], [ -49.5898741, -20.3828172 ], [ -49.5898738, -20.3828194 ], [ -49.5898735, -20.3828216 ], [ -49.5898733, -20.3828239 ], [ -49.5898731, -20.3828261 ], [ -49.589873, -20.3828284 ], [ -49.5898729, -20.3828306 ], [ -49.5898728, -20.3828328 ], [ -49.5898728, -20.3828351 ], [ -49.5898728, -20.3828373 ], [ -49.5898729, -20.3828396 ], [ -49.589873, -20.3828418 ], [ -49.5898731, -20.3828441 ], [ -49.5898733, -20.3828463 ], [ -49.5898735, -20.3828485 ], [ -49.5898738, -20.3828508 ], [ -49.5898741, -20.382853 ], [ -49.5898745, -20.3828552 ], [ -49.5898748, -20.3828574 ], [ -49.5898753, -20.3828596 ], [ -49.5898757, -20.3828618 ], [ -49.5898763, -20.382864 ], [ -49.5898768, -20.3828662 ], [ -49.5898774, -20.3828684 ], [ -49.589878, -20.3828705 ], [ -49.5898787, -20.3828727 ], [ -49.5898794, -20.3828748 ], [ -49.5898802, -20.382877 ], [ -49.589881, -20.3828791 ], [ -49.5898818, -20.3828812 ], [ -49.5898827, -20.3828833 ], [ -49.5898836, -20.3828853 ], [ -49.5898845, -20.3828874 ], [ -49.5898855, -20.3828895 ], [ -49.5898865, -20.3828915 ], [ -49.5898876, -20.3828935 ], [ -49.5898887, -20.3828955 ], [ -49.5898898, -20.3828975 ], [ -49.589891, -20.3828994 ], [ -49.5898922, -20.3829014 ], [ -49.5898934, -20.3829033 ], [ -49.5898947, -20.3829052 ], [ -49.589896, -20.382907 ], [ -49.5898973, -20.3829089 ], [ -49.5898987, -20.3829107 ], [ -49.5899001, -20.3829125 ], [ -49.5899016, -20.3829143 ], [ -49.589903, -20.3829161 ], [ -49.5899045, -20.3829178 ], [ -49.5899061, -20.3829195 ], [ -49.5899076, -20.3829212 ], [ -49.5899092, -20.3829229 ], [ -49.5899109, -20.3829245 ], [ -49.5899125, -20.3829261 ], [ -49.5899142, -20.3829277 ], [ -49.5899159, -20.3829293 ], [ -49.5899177, -20.3829308 ], [ -49.5899195, -20.3829323 ], [ -49.5899213, -20.3829337 ], [ -49.5899231, -20.3829352 ], [ -49.589925, -20.3829366 ], [ -49.5899268, -20.382938 ], [ -49.5899287, -20.3829393 ], [ -49.5899307, -20.3829406 ], [ -49.5899326, -20.3829419 ], [ -49.5899346, -20.3829431 ], [ -49.5899366, -20.3829444 ], [ -49.5899386, -20.3829455 ], [ -49.5899407, -20.3829467 ], [ -49.5899427, -20.3829478 ], [ -49.5899448, -20.3829489 ], [ -49.5899469, -20.3829499 ], [ -49.5899491, -20.3829509 ], [ -49.5899512, -20.3829519 ], [ -49.5899534, -20.3829529 ], [ -49.5899555, -20.3829538 ], [ -49.5899577, -20.3829547 ], [ -49.5899599, -20.3829555 ], [ -49.5899622, -20.3829563 ], [ -49.5899644, -20.382957 ], [ -49.5899666, -20.3829578 ], [ -49.5899689, -20.3829585 ], [ -49.5899712, -20.3829591 ], [ -49.5899735, -20.3829597 ], [ -49.5899758, -20.3829603 ], [ -49.5899781, -20.3829609 ], [ -49.5899804, -20.3829614 ], [ -49.5899827, -20.3829618 ], [ -49.5899851, -20.3829622 ], [ -49.5899874, -20.3829626 ], [ -49.5899898, -20.382963 ], [ -49.5899921, -20.3829633 ], [ -49.5899945, -20.3829636 ], [ -49.5899969, -20.3829638 ], [ -49.5899992, -20.382964 ], [ -49.5900016, -20.3829641 ], [ -49.590004, -20.3829643 ], [ -49.5900064, -20.3829643 ], [ -49.5900087, -20.3829644 ], [ -49.5900111, -20.3829644 ], [ -49.5900135, -20.3829643 ], [ -49.5900159, -20.3829643 ], [ -49.5900183, -20.3829641 ], [ -49.5900206, -20.382964 ], [ -49.590023, -20.3829638 ], [ -49.5900254, -20.3829636 ], [ -49.5900277, -20.3829633 ], [ -49.5900301, -20.382963 ], [ -49.5900324, -20.3829626 ], [ -49.5900348, -20.3829622 ], [ -49.5900371, -20.3829618 ], [ -49.5900394, -20.3829613 ], [ -49.5900418, -20.3829608 ], [ -49.5900441, -20.3829603 ], [ -49.5900464, -20.3829597 ], [ -49.5900487, -20.3829591 ], [ -49.5900509, -20.3829585 ], [ -49.5900532, -20.3829578 ], [ -49.5900555, -20.382957 ], [ -49.5900577, -20.3829563 ], [ -49.5900599, -20.3829555 ], [ -49.5900621, -20.3829546 ], [ -49.5900643, -20.3829538 ], [ -49.5900665, -20.3829529 ], [ -49.5900687, -20.3829519 ], [ -49.5900708, -20.3829509 ], [ -49.5900729, -20.3829499 ], [ -49.590075, -20.3829489 ], [ -49.5900771, -20.3829478 ], [ -49.5900792, -20.3829467 ], [ -49.5900812, -20.3829455 ], [ -49.5900832, -20.3829443 ], [ -49.5900852, -20.3829431 ], [ -49.5900872, -20.3829419 ], [ -49.5900892, -20.3829406 ], [ -49.5900911, -20.3829393 ], [ -49.590093, -20.3829379 ], [ -49.5900949, -20.3829366 ], [ -49.5900967, -20.3829352 ], [ -49.5900986, -20.3829337 ], [ -49.5901004, -20.3829323 ], [ -49.5901021, -20.3829308 ], [ -49.5901039, -20.3829292 ], [ -49.5901056, -20.3829277 ], [ -49.5901073, -20.3829261 ], [ -49.590109, -20.3829245 ], [ -49.5901106, -20.3829229 ], [ -49.5901122, -20.3829212 ], [ -49.5901138, -20.3829195 ], [ -49.5901153, -20.3829178 ], [ -49.5901168, -20.3829161 ], [ -49.5901183, -20.3829143 ], [ -49.5901197, -20.3829125 ], [ -49.5901211, -20.3829107 ], [ -49.5901225, -20.3829089 ], [ -49.5901239, -20.382907 ], [ -49.5901252, -20.3829051 ], [ -49.5901264, -20.3829032 ], [ -49.5901277, -20.3829013 ], [ -49.5901289, -20.3828994 ], [ -49.59013, -20.3828974 ], [ -49.5901312, -20.3828955 ], [ -49.5901323, -20.3828935 ], [ -49.5901333, -20.3828915 ], [ -49.5901343, -20.3828894 ], [ -49.5901353, -20.3828874 ], [ -49.5901363, -20.3828853 ], [ -49.5901372, -20.3828832 ], [ -49.590138, -20.3828812 ], [ -49.5901389, -20.3828791 ], [ -49.5901397, -20.3828769 ], [ -49.5901404, -20.3828748 ], [ -49.5901411, -20.3828727 ], [ -49.5901418, -20.3828705 ], [ -49.5901424, -20.3828683 ], [ -49.590143, -20.3828662 ], [ -49.5901436, -20.382864 ], [ -49.5901441, -20.3828618 ], [ -49.5901445, -20.3828596 ], [ -49.590145, -20.3828574 ], [ -49.5901454, -20.3828552 ], [ -49.5901457, -20.382853 ], [ -49.590146, -20.3828507 ], [ -49.5901463, -20.3828485 ], [ -49.5901465, -20.3828463 ], [ -49.5901467, -20.382844 ], [ -49.5901469, -20.3828418 ], [ -49.590147, -20.3828396 ], [ -49.590147, -20.3828373 ], [ -49.590147, -20.3828351 ], [ -49.590147, -20.3828328 ], [ -49.590147, -20.3828306 ], [ -49.5901469, -20.3828283 ], [ -49.5901467, -20.3828261 ], [ -49.5901465, -20.3828239 ], [ -49.5901463, -20.3828216 ], [ -49.590146, -20.3828194 ], [ -49.5901457, -20.3828172 ], [ -49.5901454, -20.3828149 ], [ -49.590145, -20.3828127 ], [ -49.5901445, -20.3828105 ], [ -49.5901441, -20.3828083 ], [ -49.5901436, -20.3828061 ], [ -49.590143, -20.382804 ], [ -49.5901424, -20.3828018 ], [ -49.5901418, -20.3827996 ], [ -49.5901411, -20.3827975 ], [ -49.5901404, -20.3827953 ], [ -49.5901396, -20.3827932 ], [ -49.5901389, -20.3827911 ], [ -49.590138, -20.382789 ], [ -49.5901372, -20.3827869 ], [ -49.5901363, -20.3827848 ], [ -49.5901353, -20.3827827 ], [ -49.5901343, -20.3827807 ], [ -49.5901333, -20.3827787 ], [ -49.5901322, -20.3827767 ], [ -49.5901312, -20.3827747 ], [ -49.59013, -20.3827727 ], [ -49.5901289, -20.3827707 ], [ -49.5901277, -20.3827688 ], [ -49.5901264, -20.3827669 ], [ -49.5901251, -20.382765 ], [ -49.5901238, -20.3827631 ], [ -49.5901225, -20.3827613 ], [ -49.5901211, -20.3827594 ], [ -49.5901197, -20.3827576 ], [ -49.5901183, -20.3827558 ], [ -49.5901168, -20.3827541 ], [ -49.5901153, -20.3827523 ], [ -49.5901137, -20.3827506 ], [ -49.5901122, -20.3827489 ], [ -49.5901106, -20.3827473 ], [ -49.5901089, -20.3827456 ], [ -49.5901073, -20.382744 ], [ -49.5901056, -20.3827425 ], [ -49.5901039, -20.3827409 ], [ -49.5901021, -20.3827394 ], [ -49.5901004, -20.3827379 ], [ -49.5900985, -20.3827364 ], [ -49.5900967, -20.382735 ], [ -49.5900949, -20.3827336 ], [ -49.590093, -20.3827322 ], [ -49.5900911, -20.3827309 ], [ -49.5900891, -20.3827295 ], [ -49.5900872, -20.3827283 ], [ -49.5900852, -20.382727 ], [ -49.5900832, -20.3827258 ], [ -49.5900812, -20.3827246 ], [ -49.5900791, -20.3827235 ], [ -49.5900771, -20.3827224 ], [ -49.590075, -20.3827213 ], [ -49.5900729, -20.3827202 ], [ -49.5900708, -20.3827192 ], [ -49.5900686, -20.3827182 ], [ -49.5900665, -20.3827173 ], [ -49.5900643, -20.3827164 ], [ -49.5900621, -20.3827155 ], [ -49.5900599, -20.3827147 ], [ -49.5900577, -20.3827139 ], [ -49.5900554, -20.3827131 ], [ -49.5900532, -20.3827124 ], [ -49.5900509, -20.3827117 ], [ -49.5900486, -20.382711 ], [ -49.5900463, -20.3827104 ], [ -49.590044, -20.3827098 ], [ -49.5900417, -20.3827093 ], [ -49.5900394, -20.3827088 ], [ -49.5900371, -20.3827083 ], [ -49.5900347, -20.3827079 ], [ -49.5900324, -20.3827075 ], [ -49.5900301, -20.3827072 ], [ -49.5900277, -20.3827069 ], [ -49.5900253, -20.3827066 ], [ -49.590023, -20.3827064 ], [ -49.5900206, -20.3827062 ], [ -49.5900182, -20.382706 ], [ -49.5900158, -20.3827059 ], [ -49.5900135, -20.3827058 ], [ -49.5900111, -20.3827058 ] ], [ [ -49.5915473, -20.3824744 ], [ -49.5915451, -20.3824744 ], [ -49.5915428, -20.3824745 ], [ -49.5915406, -20.3824745 ], [ -49.5915384, -20.3824746 ], [ -49.5915362, -20.3824748 ], [ -49.5915339, -20.382475 ], [ -49.5915317, -20.3824752 ], [ -49.5915295, -20.3824755 ], [ -49.5915273, -20.3824757 ], [ -49.5915251, -20.3824761 ], [ -49.5915229, -20.3824764 ], [ -49.5915207, -20.3824768 ], [ -49.5915185, -20.3824773 ], [ -49.5915163, -20.3824778 ], [ -49.5915142, -20.3824783 ], [ -49.591512, -20.3824788 ], [ -49.5915099, -20.3824794 ], [ -49.5915077, -20.38248 ], [ -49.5915056, -20.3824807 ], [ -49.5915035, -20.3824813 ], [ -49.5915014, -20.3824821 ], [ -49.5914993, -20.3824828 ], [ -49.5914972, -20.3824836 ], [ -49.5914952, -20.3824844 ], [ -49.5914931, -20.3824853 ], [ -49.5914911, -20.3824862 ], [ -49.5914891, -20.3824871 ], [ -49.5914871, -20.3824881 ], [ -49.5914851, -20.382489 ], [ -49.5914832, -20.3824901 ], [ -49.5914813, -20.3824911 ], [ -49.5914793, -20.3824922 ], [ -49.5914775, -20.3824933 ], [ -49.5914756, -20.3824945 ], [ -49.5914737, -20.3824956 ], [ -49.5914719, -20.3824969 ], [ -49.5914701, -20.3824981 ], [ -49.5914683, -20.3824994 ], [ -49.5914666, -20.3825007 ], [ -49.5914648, -20.382502 ], [ -49.5914631, -20.3825033 ], [ -49.5914614, -20.3825047 ], [ -49.5914598, -20.3825061 ], [ -49.5914581, -20.3825076 ], [ -49.5914565, -20.382509 ], [ -49.5914549, -20.3825105 ], [ -49.5914534, -20.382512 ], [ -49.5914519, -20.3825136 ], [ -49.5914504, -20.3825151 ], [ -49.5914489, -20.3825167 ], [ -49.5914475, -20.3825183 ], [ -49.5914461, -20.38252 ], [ -49.5914447, -20.3825216 ], [ -49.5914434, -20.3825233 ], [ -49.591442, -20.382525 ], [ -49.5914408, -20.3825267 ], [ -49.5914395, -20.3825285 ], [ -49.5914383, -20.3825303 ], [ -49.5914371, -20.382532 ], [ -49.591436, -20.3825338 ], [ -49.5914348, -20.3825357 ], [ -49.5914338, -20.3825375 ], [ -49.5914327, -20.3825394 ], [ -49.5914317, -20.3825412 ], [ -49.5914307, -20.3825431 ], [ -49.5914298, -20.382545 ], [ -49.5914289, -20.382547 ], [ -49.591428, -20.3825489 ], [ -49.5914272, -20.3825509 ], [ -49.5914264, -20.3825528 ], [ -49.5914256, -20.3825548 ], [ -49.5914249, -20.3825568 ], [ -49.5914242, -20.3825588 ], [ -49.5914235, -20.3825608 ], [ -49.5914229, -20.3825628 ], [ -49.5914223, -20.3825649 ], [ -49.5914218, -20.3825669 ], [ -49.5914213, -20.382569 ], [ -49.5914208, -20.382571 ], [ -49.5914204, -20.3825731 ], [ -49.59142, -20.3825752 ], [ -49.5914197, -20.3825772 ], [ -49.5914194, -20.3825793 ], [ -49.5914191, -20.3825814 ], [ -49.5914189, -20.3825835 ], [ -49.5914187, -20.3825856 ], [ -49.5914185, -20.3825877 ], [ -49.5914184, -20.3825898 ], [ -49.5914183, -20.3825919 ], [ -49.5914183, -20.382594 ], [ -49.5914183, -20.3825961 ], [ -49.5914183, -20.3825982 ], [ -49.5914184, -20.3826003 ], [ -49.5914185, -20.3826024 ], [ -49.5914187, -20.3826045 ], [ -49.5914189, -20.3826066 ], [ -49.5914191, -20.3826087 ], [ -49.5914194, -20.3826108 ], [ -49.5914197, -20.3826129 ], [ -49.59142, -20.382615 ], [ -49.5914204, -20.3826171 ], [ -49.5914208, -20.3826191 ], [ -49.5914213, -20.3826212 ], [ -49.5914218, -20.3826232 ], [ -49.5914224, -20.3826253 ], [ -49.5914229, -20.3826273 ], [ -49.5914235, -20.3826293 ], [ -49.5914242, -20.3826314 ], [ -49.5914249, -20.3826334 ], [ -49.5914256, -20.3826353 ], [ -49.5914264, -20.3826373 ], [ -49.5914272, -20.3826393 ], [ -49.591428, -20.3826412 ], [ -49.5914289, -20.3826432 ], [ -49.5914298, -20.3826451 ], [ -49.5914307, -20.382647 ], [ -49.5914317, -20.3826489 ], [ -49.5914327, -20.3826508 ], [ -49.5914338, -20.3826526 ], [ -49.5914349, -20.3826545 ], [ -49.591436, -20.3826563 ], [ -49.5914371, -20.3826581 ], [ -49.5914383, -20.3826599 ], [ -49.5914395, -20.3826617 ], [ -49.5914408, -20.3826634 ], [ -49.5914421, -20.3826651 ], [ -49.5914434, -20.3826668 ], [ -49.5914447, -20.3826685 ], [ -49.5914461, -20.3826702 ], [ -49.5914475, -20.3826718 ], [ -49.5914489, -20.3826734 ], [ -49.5914504, -20.382675 ], [ -49.5914519, -20.3826766 ], [ -49.5914534, -20.3826781 ], [ -49.591455, -20.3826796 ], [ -49.5914566, -20.3826811 ], [ -49.5914582, -20.3826826 ], [ -49.5914598, -20.382684 ], [ -49.5914615, -20.3826854 ], [ -49.5914631, -20.3826868 ], [ -49.5914648, -20.3826882 ], [ -49.5914666, -20.3826895 ], [ -49.5914683, -20.3826908 ], [ -49.5914701, -20.382692 ], [ -49.5914719, -20.3826933 ], [ -49.5914738, -20.3826945 ], [ -49.5914756, -20.3826957 ], [ -49.5914775, -20.3826968 ], [ -49.5914794, -20.3826979 ], [ -49.5914813, -20.382699 ], [ -49.5914832, -20.3827001 ], [ -49.5914852, -20.3827011 ], [ -49.5914872, -20.3827021 ], [ -49.5914891, -20.382703 ], [ -49.5914912, -20.382704 ], [ -49.5914932, -20.3827048 ], [ -49.5914952, -20.3827057 ], [ -49.5914973, -20.3827065 ], [ -49.5914993, -20.3827073 ], [ -49.5915014, -20.3827081 ], [ -49.5915035, -20.3827088 ], [ -49.5915056, -20.3827095 ], [ -49.5915078, -20.3827101 ], [ -49.5915099, -20.3827107 ], [ -49.591512, -20.3827113 ], [ -49.5915142, -20.3827119 ], [ -49.5915164, -20.3827124 ], [ -49.5915185, -20.3827128 ], [ -49.5915207, -20.3827133 ], [ -49.5915229, -20.3827137 ], [ -49.5915251, -20.382714 ], [ -49.5915273, -20.3827144 ], [ -49.5915295, -20.3827147 ], [ -49.5915317, -20.3827149 ], [ -49.591534, -20.3827151 ], [ -49.5915362, -20.3827153 ], [ -49.5915384, -20.3827155 ], [ -49.5915407, -20.3827156 ], [ -49.5915429, -20.3827157 ], [ -49.5915451, -20.3827157 ], [ -49.5915473, -20.3827157 ], [ -49.5915496, -20.3827157 ], [ -49.5915518, -20.3827156 ], [ -49.591554, -20.3827155 ], [ -49.5915563, -20.3827153 ], [ -49.5915585, -20.3827151 ], [ -49.5915607, -20.3827149 ], [ -49.5915629, -20.3827147 ], [ -49.5915651, -20.3827144 ], [ -49.5915673, -20.382714 ], [ -49.5915695, -20.3827137 ], [ -49.5915717, -20.3827133 ], [ -49.5915739, -20.3827128 ], [ -49.5915761, -20.3827124 ], [ -49.5915783, -20.3827119 ], [ -49.5915804, -20.3827113 ], [ -49.5915826, -20.3827107 ], [ -49.5915847, -20.3827101 ], [ -49.5915868, -20.3827095 ], [ -49.5915889, -20.3827088 ], [ -49.591591, -20.3827081 ], [ -49.5915931, -20.3827073 ], [ -49.5915952, -20.3827065 ], [ -49.5915972, -20.3827057 ], [ -49.5915993, -20.3827048 ], [ -49.5916013, -20.3827039 ], [ -49.5916033, -20.382703 ], [ -49.5916053, -20.3827021 ], [ -49.5916073, -20.3827011 ], [ -49.5916092, -20.3827 ], [ -49.5916112, -20.382699 ], [ -49.5916131, -20.3826979 ], [ -49.591615, -20.3826968 ], [ -49.5916168, -20.3826956 ], [ -49.5916187, -20.3826945 ], [ -49.5916205, -20.3826933 ], [ -49.5916223, -20.382692 ], [ -49.5916241, -20.3826908 ], [ -49.5916259, -20.3826895 ], [ -49.5916276, -20.3826881 ], [ -49.5916293, -20.3826868 ], [ -49.591631, -20.3826854 ], [ -49.5916327, -20.382684 ], [ -49.5916343, -20.3826826 ], [ -49.5916359, -20.3826811 ], [ -49.5916375, -20.3826796 ], [ -49.591639, -20.3826781 ], [ -49.5916406, -20.3826765 ], [ -49.591642, -20.382675 ], [ -49.5916435, -20.3826734 ], [ -49.5916449, -20.3826718 ], [ -49.5916464, -20.3826701 ], [ -49.5916477, -20.3826685 ], [ -49.5916491, -20.3826668 ], [ -49.5916504, -20.3826651 ], [ -49.5916517, -20.3826634 ], [ -49.5916529, -20.3826616 ], [ -49.5916541, -20.3826599 ], [ -49.5916553, -20.3826581 ], [ -49.5916565, -20.3826563 ], [ -49.5916576, -20.3826544 ], [ -49.5916587, -20.3826526 ], [ -49.5916597, -20.3826507 ], [ -49.5916607, -20.3826489 ], [ -49.5916617, -20.382647 ], [ -49.5916626, -20.3826451 ], [ -49.5916635, -20.3826431 ], [ -49.5916644, -20.3826412 ], [ -49.5916653, -20.3826393 ], [ -49.5916661, -20.3826373 ], [ -49.5916668, -20.3826353 ], [ -49.5916675, -20.3826333 ], [ -49.5916682, -20.3826313 ], [ -49.5916689, -20.3826293 ], [ -49.5916695, -20.3826273 ], [ -49.5916701, -20.3826252 ], [ -49.5916706, -20.3826232 ], [ -49.5916711, -20.3826212 ], [ -49.5916716, -20.3826191 ], [ -49.591672, -20.382617 ], [ -49.5916724, -20.382615 ], [ -49.5916727, -20.3826129 ], [ -49.5916731, -20.3826108 ], [ -49.5916733, -20.3826087 ], [ -49.5916736, -20.3826066 ], [ -49.5916738, -20.3826045 ], [ -49.5916739, -20.3826024 ], [ -49.591674, -20.3826003 ], [ -49.5916741, -20.3825982 ], [ -49.5916741, -20.3825961 ], [ -49.5916741, -20.382594 ], [ -49.5916741, -20.3825919 ], [ -49.591674, -20.3825898 ], [ -49.5916739, -20.3825877 ], [ -49.5916738, -20.3825856 ], [ -49.5916736, -20.3825835 ], [ -49.5916733, -20.3825814 ], [ -49.5916731, -20.3825793 ], [ -49.5916727, -20.3825772 ], [ -49.5916724, -20.3825751 ], [ -49.591672, -20.3825731 ], [ -49.5916716, -20.382571 ], [ -49.5916711, -20.3825689 ], [ -49.5916706, -20.3825669 ], [ -49.5916701, -20.3825648 ], [ -49.5916695, -20.3825628 ], [ -49.5916689, -20.3825608 ], [ -49.5916682, -20.3825588 ], [ -49.5916675, -20.3825568 ], [ -49.5916668, -20.3825548 ], [ -49.591666, -20.3825528 ], [ -49.5916652, -20.3825508 ], [ -49.5916644, -20.3825489 ], [ -49.5916635, -20.3825469 ], [ -49.5916626, -20.382545 ], [ -49.5916617, -20.3825431 ], [ -49.5916607, -20.3825412 ], [ -49.5916597, -20.3825393 ], [ -49.5916586, -20.3825375 ], [ -49.5916576, -20.3825356 ], [ -49.5916564, -20.3825338 ], [ -49.5916553, -20.382532 ], [ -49.5916541, -20.3825302 ], [ -49.5916529, -20.3825285 ], [ -49.5916516, -20.3825267 ], [ -49.5916504, -20.382525 ], [ -49.591649, -20.3825233 ], [ -49.5916477, -20.3825216 ], [ -49.5916463, -20.3825199 ], [ -49.5916449, -20.3825183 ], [ -49.5916435, -20.3825167 ], [ -49.591642, -20.3825151 ], [ -49.5916405, -20.3825135 ], [ -49.591639, -20.382512 ], [ -49.5916374, -20.3825105 ], [ -49.5916359, -20.382509 ], [ -49.5916343, -20.3825075 ], [ -49.5916326, -20.3825061 ], [ -49.591631, -20.3825047 ], [ -49.5916293, -20.3825033 ], [ -49.5916276, -20.382502 ], [ -49.5916258, -20.3825006 ], [ -49.5916241, -20.3824993 ], [ -49.5916223, -20.3824981 ], [ -49.5916205, -20.3824968 ], [ -49.5916187, -20.3824956 ], [ -49.5916168, -20.3824945 ], [ -49.5916149, -20.3824933 ], [ -49.591613, -20.3824922 ], [ -49.5916111, -20.3824911 ], [ -49.5916092, -20.3824901 ], [ -49.5916072, -20.382489 ], [ -49.5916053, -20.382488 ], [ -49.5916033, -20.3824871 ], [ -49.5916013, -20.3824862 ], [ -49.5915992, -20.3824853 ], [ -49.5915972, -20.3824844 ], [ -49.5915952, -20.3824836 ], [ -49.5915931, -20.3824828 ], [ -49.591591, -20.3824821 ], [ -49.5915889, -20.3824813 ], [ -49.5915868, -20.3824806 ], [ -49.5915847, -20.38248 ], [ -49.5915825, -20.3824794 ], [ -49.5915804, -20.3824788 ], [ -49.5915782, -20.3824783 ], [ -49.5915761, -20.3824777 ], [ -49.5915739, -20.3824773 ], [ -49.5915717, -20.3824768 ], [ -49.5915695, -20.3824764 ], [ -49.5915673, -20.3824761 ], [ -49.5915651, -20.3824757 ], [ -49.5915629, -20.3824755 ], [ -49.5915607, -20.3824752 ], [ -49.5915585, -20.382475 ], [ -49.5915562, -20.3824748 ], [ -49.591554, -20.3824746 ], [ -49.5915518, -20.3824745 ], [ -49.5915495, -20.3824745 ], [ -49.5915473, -20.3824744 ] ], [ [ -49.5912097, -20.3819491 ], [ -49.5912076, -20.3819491 ], [ -49.5912056, -20.3819491 ], [ -49.5912035, -20.3819492 ], [ -49.5912015, -20.3819493 ], [ -49.5911995, -20.3819494 ], [ -49.5911974, -20.3819496 ], [ -49.5911954, -20.3819498 ], [ -49.5911934, -20.38195 ], [ -49.5911913, -20.3819503 ], [ -49.5911893, -20.3819506 ], [ -49.5911873, -20.3819509 ], [ -49.5911853, -20.3819513 ], [ -49.5911833, -20.3819517 ], [ -49.5911813, -20.3819521 ], [ -49.5911793, -20.3819526 ], [ -49.5911774, -20.3819531 ], [ -49.5911754, -20.3819536 ], [ -49.5911734, -20.3819542 ], [ -49.5911715, -20.3819548 ], [ -49.5911696, -20.3819554 ], [ -49.5911676, -20.381956 ], [ -49.5911657, -20.3819567 ], [ -49.5911638, -20.3819574 ], [ -49.591162, -20.3819582 ], [ -49.5911601, -20.381959 ], [ -49.5911582, -20.3819598 ], [ -49.5911564, -20.3819606 ], [ -49.5911546, -20.3819615 ], [ -49.5911528, -20.3819624 ], [ -49.591151, -20.3819633 ], [ -49.5911492, -20.3819643 ], [ -49.5911474, -20.3819653 ], [ -49.5911457, -20.3819663 ], [ -49.591144, -20.3819673 ], [ -49.5911423, -20.3819684 ], [ -49.5911406, -20.3819695 ], [ -49.591139, -20.3819706 ], [ -49.5911373, -20.3819718 ], [ -49.5911357, -20.381973 ], [ -49.5911341, -20.3819742 ], [ -49.5911325, -20.3819754 ], [ -49.591131, -20.3819767 ], [ -49.5911295, -20.3819779 ], [ -49.591128, -20.3819793 ], [ -49.5911265, -20.3819806 ], [ -49.5911251, -20.3819819 ], [ -49.5911236, -20.3819833 ], [ -49.5911222, -20.3819847 ], [ -49.5911209, -20.3819862 ], [ -49.5911195, -20.3819876 ], [ -49.5911182, -20.3819891 ], [ -49.5911169, -20.3819906 ], [ -49.5911156, -20.3819921 ], [ -49.5911144, -20.3819936 ], [ -49.5911132, -20.3819952 ], [ -49.591112, -20.3819967 ], [ -49.5911108, -20.3819983 ], [ -49.5911097, -20.3819999 ], [ -49.5911086, -20.3820016 ], [ -49.5911076, -20.3820032 ], [ -49.5911065, -20.3820049 ], [ -49.5911055, -20.3820066 ], [ -49.5911046, -20.3820082 ], [ -49.5911036, -20.38201 ], [ -49.5911027, -20.3820117 ], [ -49.5911018, -20.3820134 ], [ -49.591101, -20.3820152 ], [ -49.5911002, -20.3820169 ], [ -49.5910994, -20.3820187 ], [ -49.5910987, -20.3820205 ], [ -49.591098, -20.3820223 ], [ -49.5910973, -20.3820241 ], [ -49.5910966, -20.382026 ], [ -49.591096, -20.3820278 ], [ -49.5910955, -20.3820297 ], [ -49.5910949, -20.3820315 ], [ -49.5910944, -20.3820334 ], [ -49.5910939, -20.3820353 ], [ -49.5910935, -20.3820371 ], [ -49.5910931, -20.382039 ], [ -49.5910927, -20.3820409 ], [ -49.5910924, -20.3820428 ], [ -49.5910921, -20.3820447 ], [ -49.5910918, -20.3820466 ], [ -49.5910916, -20.3820486 ], [ -49.5910914, -20.3820505 ], [ -49.5910912, -20.3820524 ], [ -49.5910911, -20.3820543 ], [ -49.591091, -20.3820562 ], [ -49.591091, -20.3820582 ], [ -49.5910909, -20.3820601 ], [ -49.591091, -20.382062 ], [ -49.591091, -20.3820639 ], [ -49.5910911, -20.3820659 ], [ -49.5910912, -20.3820678 ], [ -49.5910914, -20.3820697 ], [ -49.5910916, -20.3820716 ], [ -49.5910918, -20.3820735 ], [ -49.5910921, -20.3820755 ], [ -49.5910924, -20.3820774 ], [ -49.5910927, -20.3820793 ], [ -49.5910931, -20.3820812 ], [ -49.5910935, -20.382083 ], [ -49.5910939, -20.3820849 ], [ -49.5910944, -20.3820868 ], [ -49.5910949, -20.3820887 ], [ -49.5910955, -20.3820905 ], [ -49.591096, -20.3820924 ], [ -49.5910966, -20.3820942 ], [ -49.5910973, -20.382096 ], [ -49.591098, -20.3820979 ], [ -49.5910987, -20.3820997 ], [ -49.5910994, -20.3821015 ], [ -49.5911002, -20.3821032 ], [ -49.591101, -20.382105 ], [ -49.5911019, -20.3821068 ], [ -49.5911027, -20.3821085 ], [ -49.5911036, -20.3821102 ], [ -49.5911046, -20.3821119 ], [ -49.5911056, -20.3821136 ], [ -49.5911066, -20.3821153 ], [ -49.5911076, -20.382117 ], [ -49.5911086, -20.3821186 ], [ -49.5911097, -20.3821202 ], [ -49.5911109, -20.3821219 ], [ -49.591112, -20.3821234 ], [ -49.5911132, -20.382125 ], [ -49.5911144, -20.3821266 ], [ -49.5911156, -20.3821281 ], [ -49.5911169, -20.3821296 ], [ -49.5911182, -20.3821311 ], [ -49.5911195, -20.3821326 ], [ -49.5911209, -20.382134 ], [ -49.5911222, -20.3821354 ], [ -49.5911236, -20.3821369 ], [ -49.5911251, -20.3821382 ], [ -49.5911265, -20.3821396 ], [ -49.591128, -20.3821409 ], [ -49.5911295, -20.3821422 ], [ -49.591131, -20.3821435 ], [ -49.5911326, -20.3821448 ], [ -49.5911341, -20.382146 ], [ -49.5911357, -20.3821472 ], [ -49.5911373, -20.3821484 ], [ -49.591139, -20.3821495 ], [ -49.5911406, -20.3821507 ], [ -49.5911423, -20.3821518 ], [ -49.591144, -20.3821528 ], [ -49.5911457, -20.3821539 ], [ -49.5911475, -20.3821549 ], [ -49.5911492, -20.3821559 ], [ -49.591151, -20.3821568 ], [ -49.5911528, -20.3821578 ], [ -49.5911546, -20.3821587 ], [ -49.5911564, -20.3821595 ], [ -49.5911583, -20.3821604 ], [ -49.5911601, -20.3821612 ], [ -49.591162, -20.382162 ], [ -49.5911639, -20.3821627 ], [ -49.5911658, -20.3821634 ], [ -49.5911677, -20.3821641 ], [ -49.5911696, -20.3821648 ], [ -49.5911715, -20.3821654 ], [ -49.5911735, -20.382166 ], [ -49.5911754, -20.3821666 ], [ -49.5911774, -20.3821671 ], [ -49.5911794, -20.3821676 ], [ -49.5911813, -20.382168 ], [ -49.5911833, -20.3821685 ], [ -49.5911853, -20.3821689 ], [ -49.5911873, -20.3821692 ], [ -49.5911893, -20.3821696 ], [ -49.5911914, -20.3821699 ], [ -49.5911934, -20.3821701 ], [ -49.5911954, -20.3821704 ], [ -49.5911974, -20.3821706 ], [ -49.5911995, -20.3821707 ], [ -49.5912015, -20.3821709 ], [ -49.5912036, -20.382171 ], [ -49.5912056, -20.382171 ], [ -49.5912076, -20.3821711 ], [ -49.5912097, -20.3821711 ], [ -49.5912117, -20.382171 ], [ -49.5912138, -20.382171 ], [ -49.5912158, -20.3821709 ], [ -49.5912179, -20.3821707 ], [ -49.5912199, -20.3821706 ], [ -49.5912219, -20.3821704 ], [ -49.5912239, -20.3821701 ], [ -49.591226, -20.3821699 ], [ -49.591228, -20.3821696 ], [ -49.59123, -20.3821692 ], [ -49.591232, -20.3821689 ], [ -49.591234, -20.3821685 ], [ -49.591236, -20.382168 ], [ -49.591238, -20.3821676 ], [ -49.59124, -20.3821671 ], [ -49.5912419, -20.3821665 ], [ -49.5912439, -20.382166 ], [ -49.5912458, -20.3821654 ], [ -49.5912478, -20.3821648 ], [ -49.5912497, -20.3821641 ], [ -49.5912516, -20.3821634 ], [ -49.5912535, -20.3821627 ], [ -49.5912554, -20.382162 ], [ -49.5912572, -20.3821612 ], [ -49.5912591, -20.3821604 ], [ -49.5912609, -20.3821595 ], [ -49.5912627, -20.3821587 ], [ -49.5912646, -20.3821578 ], [ -49.5912663, -20.3821568 ], [ -49.5912681, -20.3821559 ], [ -49.5912699, -20.3821549 ], [ -49.5912716, -20.3821539 ], [ -49.5912733, -20.3821528 ], [ -49.591275, -20.3821518 ], [ -49.5912767, -20.3821507 ], [ -49.5912784, -20.3821495 ], [ -49.59128, -20.3821484 ], [ -49.5912816, -20.3821472 ], [ -49.5912832, -20.382146 ], [ -49.5912848, -20.3821448 ], [ -49.5912863, -20.3821435 ], [ -49.5912878, -20.3821422 ], [ -49.5912893, -20.3821409 ], [ -49.5912908, -20.3821396 ], [ -49.5912923, -20.3821382 ], [ -49.5912937, -20.3821368 ], [ -49.5912951, -20.3821354 ], [ -49.5912965, -20.382134 ], [ -49.5912978, -20.3821326 ], [ -49.5912991, -20.3821311 ], [ -49.5913004, -20.3821296 ], [ -49.5913017, -20.3821281 ], [ -49.5913029, -20.3821265 ], [ -49.5913041, -20.382125 ], [ -49.5913053, -20.3821234 ], [ -49.5913065, -20.3821218 ], [ -49.5913076, -20.3821202 ], [ -49.5913087, -20.3821186 ], [ -49.5913097, -20.3821169 ], [ -49.5913108, -20.3821153 ], [ -49.5913118, -20.3821136 ], [ -49.5913127, -20.3821119 ], [ -49.5913137, -20.3821102 ], [ -49.5913146, -20.3821085 ], [ -49.5913155, -20.3821067 ], [ -49.5913163, -20.382105 ], [ -49.5913171, -20.3821032 ], [ -49.5913179, -20.3821014 ], [ -49.5913186, -20.3820996 ], [ -49.5913193, -20.3820978 ], [ -49.59132, -20.382096 ], [ -49.5913207, -20.3820942 ], [ -49.5913213, -20.3820923 ], [ -49.5913219, -20.3820905 ], [ -49.5913224, -20.3820886 ], [ -49.5913229, -20.3820868 ], [ -49.5913234, -20.3820849 ], [ -49.5913238, -20.382083 ], [ -49.5913242, -20.3820811 ], [ -49.5913246, -20.3820792 ], [ -49.5913249, -20.3820773 ], [ -49.5913252, -20.3820754 ], [ -49.5913255, -20.3820735 ], [ -49.5913257, -20.3820716 ], [ -49.5913259, -20.3820697 ], [ -49.5913261, -20.3820678 ], [ -49.5913262, -20.3820658 ], [ -49.5913263, -20.3820639 ], [ -49.5913263, -20.382062 ], [ -49.5913264, -20.3820601 ], [ -49.5913263, -20.3820581 ], [ -49.5913263, -20.3820562 ], [ -49.5913262, -20.3820543 ], [ -49.5913261, -20.3820524 ], [ -49.5913259, -20.3820504 ], [ -49.5913257, -20.3820485 ], [ -49.5913255, -20.3820466 ], [ -49.5913252, -20.3820447 ], [ -49.5913249, -20.3820428 ], [ -49.5913246, -20.3820409 ], [ -49.5913242, -20.382039 ], [ -49.5913238, -20.3820371 ], [ -49.5913234, -20.3820352 ], [ -49.5913229, -20.3820334 ], [ -49.5913224, -20.3820315 ], [ -49.5913219, -20.3820296 ], [ -49.5913213, -20.3820278 ], [ -49.5913207, -20.382026 ], [ -49.59132, -20.3820241 ], [ -49.5913193, -20.3820223 ], [ -49.5913186, -20.3820205 ], [ -49.5913179, -20.3820187 ], [ -49.5913171, -20.3820169 ], [ -49.5913163, -20.3820152 ], [ -49.5913155, -20.3820134 ], [ -49.5913146, -20.3820117 ], [ -49.5913137, -20.3820099 ], [ -49.5913127, -20.3820082 ], [ -49.5913118, -20.3820065 ], [ -49.5913108, -20.3820048 ], [ -49.5913097, -20.3820032 ], [ -49.5913087, -20.3820015 ], [ -49.5913076, -20.3819999 ], [ -49.5913065, -20.3819983 ], [ -49.5913053, -20.3819967 ], [ -49.5913041, -20.3819951 ], [ -49.5913029, -20.3819936 ], [ -49.5913017, -20.3819921 ], [ -49.5913004, -20.3819905 ], [ -49.5912991, -20.3819891 ], [ -49.5912978, -20.3819876 ], [ -49.5912964, -20.3819861 ], [ -49.5912951, -20.3819847 ], [ -49.5912937, -20.3819833 ], [ -49.5912922, -20.3819819 ], [ -49.5912908, -20.3819806 ], [ -49.5912893, -20.3819792 ], [ -49.5912878, -20.3819779 ], [ -49.5912863, -20.3819766 ], [ -49.5912847, -20.3819754 ], [ -49.5912832, -20.3819742 ], [ -49.5912816, -20.381973 ], [ -49.59128, -20.3819718 ], [ -49.5912783, -20.3819706 ], [ -49.5912767, -20.3819695 ], [ -49.591275, -20.3819684 ], [ -49.5912733, -20.3819673 ], [ -49.5912716, -20.3819663 ], [ -49.5912698, -20.3819653 ], [ -49.5912681, -20.3819643 ], [ -49.5912663, -20.3819633 ], [ -49.5912645, -20.3819624 ], [ -49.5912627, -20.3819615 ], [ -49.5912609, -20.3819606 ], [ -49.5912591, -20.3819598 ], [ -49.5912572, -20.381959 ], [ -49.5912553, -20.3819582 ], [ -49.5912535, -20.3819574 ], [ -49.5912516, -20.3819567 ], [ -49.5912496, -20.381956 ], [ -49.5912477, -20.3819554 ], [ -49.5912458, -20.3819548 ], [ -49.5912439, -20.3819542 ], [ -49.5912419, -20.3819536 ], [ -49.5912399, -20.3819531 ], [ -49.591238, -20.3819526 ], [ -49.591236, -20.3819521 ], [ -49.591234, -20.3819517 ], [ -49.591232, -20.3819513 ], [ -49.59123, -20.3819509 ], [ -49.591228, -20.3819506 ], [ -49.5912259, -20.3819503 ], [ -49.5912239, -20.38195 ], [ -49.5912219, -20.3819498 ], [ -49.5912199, -20.3819496 ], [ -49.5912178, -20.3819494 ], [ -49.5912158, -20.3819493 ], [ -49.5912137, -20.3819492 ], [ -49.5912117, -20.3819491 ], [ -49.5912097, -20.3819491 ] ] ] ] } },
{ "type": "Feature", "properties": { "AREA_TOTAL": 5.3850319, "FAZENDA": "70054", "TALHAO": 1.0, "ZONA": 15016.0, "NOME_FAZ": "FAZENDA SÃO JOSÉ II", "DESC_TALHA": "700541", "CREATED_ON": "08/01/2026", "CHAVE": "70054-1", "ÁREA TOTA": 5.38, "VARIED PLA": "RB85-5156", "CORTE": "1", "CICLO": "PRECOCE", "CULTURA": "CANA", "TALHOES_BL": "1_ao_2", "STATUS_CHA": "MUDA" }, "geometry": { "type": "MultiPolygon", "coordinates": [ [ [ [ -49.5906247, -20.3784101 ], [ -49.590651, -20.378438 ], [ -49.5907114, -20.3784985 ], [ -49.5907598, -20.3785476 ], [ -49.5908184, -20.3786069 ], [ -49.5908787, -20.3786647 ], [ -49.5909421, -20.3787234 ], [ -49.591012, -20.3787905 ], [ -49.5910823, -20.3788582 ], [ -49.591157, -20.3789327 ], [ -49.5912407, -20.3790182 ], [ -49.5913383, -20.3791114 ], [ -49.5914357, -20.3792055 ], [ -49.5915038, -20.3792718 ], [ -49.5915588, -20.3793263 ], [ -49.5916248, -20.37939 ], [ -49.5916984, -20.3794616 ], [ -49.591779, -20.3795399 ], [ -49.5918724, -20.379629 ], [ -49.5919726, -20.3797277 ], [ -49.5920813, -20.3798337 ], [ -49.5921977, -20.3799491 ], [ -49.5923191, -20.3800665 ], [ -49.592439, -20.3801813 ], [ -49.5925561, -20.3802933 ], [ -49.5926716, -20.3804053 ], [ -49.5927902, -20.3805202 ], [ -49.5929035, -20.3806308 ], [ -49.5930225, -20.3807456 ], [ -49.5931381, -20.3808583 ], [ -49.5932332, -20.3809496 ], [ -49.593316, -20.3810302 ], [ -49.593419, -20.38113 ], [ -49.5935302, -20.3812374 ], [ -49.5936456, -20.3813495 ], [ -49.5937422, -20.3814438 ], [ -49.593773, -20.3814836 ], [ -49.5936304, -20.3816072 ], [ -49.5935336, -20.3817008 ], [ -49.5933638, -20.3818834 ], [ -49.5930723, -20.3821604 ], [ -49.5928663, -20.3823412 ], [ -49.5928637, -20.3823429 ], [ -49.5928257, -20.3823418 ], [ -49.592773, -20.3823075 ], [ -49.5927129, -20.3822524 ], [ -49.5926421, -20.3821832 ], [ -49.5925417, -20.3820829 ], [ -49.5924469, -20.3819855 ], [ -49.592371, -20.3818771 ], [ -49.5922916, -20.3817673 ], [ -49.592225, -20.3816543 ], [ -49.5921686, -20.3815477 ], [ -49.5921091, -20.3814484 ], [ -49.5920457, -20.3813479 ], [ -49.5919826, -20.3812369 ], [ -49.5919214, -20.3811261 ], [ -49.591851, -20.3810223 ], [ -49.591744, -20.3809183 ], [ -49.5916186, -20.3808002 ], [ -49.5914884, -20.3806858 ], [ -49.5913597, -20.3805647 ], [ -49.591224, -20.380433 ], [ -49.5910865, -20.3803018 ], [ -49.5909489, -20.3801688 ], [ -49.5908078, -20.3800329 ], [ -49.59067, -20.3798987 ], [ -49.5905508, -20.3797841 ], [ -49.5904398, -20.3796897 ], [ -49.590336, -20.3795866 ], [ -49.5902494, -20.3795016 ], [ -49.5902088, -20.379463 ], [ -49.5902108, -20.3794589 ], [ -49.5902837, -20.3792569 ], [ -49.5903572, -20.3790408 ], [ -49.5904247, -20.3788124 ], [ -49.5905311, -20.3785143 ], [ -49.5905673, -20.3784158 ], [ -49.5906247, -20.3784101 ] ] ] ] } },
{ "type": "Feature", "properties": { "AREA_TOTAL": 14.24342249, "FAZENDA": "85474", "TALHAO": 1.0, "ZONA": 15016.0, "NOME_FAZ": "FAZ. S. JOSE III", "DESC_TALHA": "854741", "CREATED_ON": "08/01/2026", "CHAVE": "85474-1", "ÁREA TOTA": 14.24, "VARIED PLA": "RB85-5156", "CORTE": "1", "CICLO": "PRECOCE", "CULTURA": "CANA", "TALHOES_BL": "1_ao_1", "STATUS_CHA": "COLHIDO" }, "geometry": { "type": "MultiPolygon", "coordinates": [ [ [ [ -49.5901273, -20.3872828 ], [ -49.5902352, -20.3873269 ], [ -49.5903801, -20.387384 ], [ -49.590527, -20.3874447 ], [ -49.5906707, -20.3875044 ], [ -49.5908185, -20.3875671 ], [ -49.5909776, -20.3876342 ], [ -49.5911304, -20.3877011 ], [ -49.591276, -20.3877655 ], [ -49.5913775, -20.3878125 ], [ -49.5913991, -20.3878276 ], [ -49.5914236, -20.3879006 ], [ -49.5912264, -20.3882982 ], [ -49.5910009, -20.3887973 ], [ -49.5909665, -20.3888719 ], [ -49.5908737, -20.3888579 ], [ -49.5908462, -20.3888651 ], [ -49.5908289, -20.388885 ], [ -49.5908244, -20.3889236 ], [ -49.5908318, -20.3889647 ], [ -49.590882, -20.3890322 ], [ -49.5907612, -20.3892469 ], [ -49.590605, -20.3895446 ], [ -49.5904818, -20.389795 ], [ -49.5904555, -20.3898492 ], [ -49.5903964, -20.3898167 ], [ -49.5901111, -20.3896615 ], [ -49.589747, -20.3894819 ], [ -49.5896074, -20.3894257 ], [ -49.5894775, -20.3893812 ], [ -49.5893525, -20.3893588 ], [ -49.5892851, -20.3893564 ], [ -49.5891974, -20.3893673 ], [ -49.5891025, -20.389399 ], [ -49.5890281, -20.389443 ], [ -49.5889622, -20.3894932 ], [ -49.5888823, -20.3895758 ], [ -49.5888365, -20.3896231 ], [ -49.5887859, -20.3896887 ], [ -49.5887505, -20.389738 ], [ -49.5886617, -20.3898706 ], [ -49.5885096, -20.3901164 ], [ -49.5884234, -20.3902527 ], [ -49.5883434, -20.3903465 ], [ -49.5880386, -20.3903354 ], [ -49.5877068, -20.3903092 ], [ -49.5872868, -20.3902838 ], [ -49.5869405, -20.3902526 ], [ -49.5868349, -20.3902244 ], [ -49.5867782, -20.3901804 ], [ -49.5867826, -20.3900943 ], [ -49.5868665, -20.3898284 ], [ -49.5869774, -20.3895088 ], [ -49.587093, -20.3891722 ], [ -49.5871924, -20.3888555 ], [ -49.5873948, -20.388276 ], [ -49.5875835, -20.3877228 ], [ -49.5877353, -20.3872338 ], [ -49.5879043, -20.3866873 ], [ -49.5879662, -20.3865448 ], [ -49.58801, -20.3865206 ], [ -49.588084, -20.386495 ], [ -49.5881264, -20.3864928 ], [ -49.5883753, -20.3865786 ], [ -49.5889128, -20.3868041 ], [ -49.5894514, -20.3870266 ], [ -49.5899911, -20.3872472 ], [ -49.5901273, -20.3872828 ] ], [ [ -49.5881576, -20.3895761 ], [ -49.5881544, -20.3895761 ], [ -49.5881512, -20.3895761 ], [ -49.588148, -20.3895762 ], [ -49.5881448, -20.3895764 ], [ -49.5881416, -20.3895766 ], [ -49.5881384, -20.3895769 ], [ -49.5881352, -20.3895772 ], [ -49.588132, -20.3895775 ], [ -49.5881289, -20.389578 ], [ -49.5881257, -20.3895784 ], [ -49.5881225, -20.389579 ], [ -49.5881194, -20.3895795 ], [ -49.5881163, -20.3895802 ], [ -49.5881131, -20.3895808 ], [ -49.58811, -20.3895816 ], [ -49.5881069, -20.3895824 ], [ -49.5881039, -20.3895832 ], [ -49.5881008, -20.3895841 ], [ -49.5880977, -20.389585 ], [ -49.5880947, -20.389586 ], [ -49.5880917, -20.389587 ], [ -49.5880887, -20.3895881 ], [ -49.5880857, -20.3895892 ], [ -49.5880828, -20.3895904 ], [ -49.5880799, -20.3895917 ], [ -49.588077, -20.3895929 ], [ -49.5880741, -20.3895943 ], [ -49.5880712, -20.3895956 ], [ -49.5880684, -20.389597 ], [ -49.5880656, -20.3895985 ], [ -49.5880628, -20.3896 ], [ -49.5880601, -20.3896016 ], [ -49.5880574, -20.3896032 ], [ -49.5880547, -20.3896048 ], [ -49.588052, -20.3896065 ], [ -49.5880494, -20.3896082 ], [ -49.5880468, -20.38961 ], [ -49.5880442, -20.3896118 ], [ -49.5880417, -20.3896137 ], [ -49.5880392, -20.3896156 ], [ -49.5880368, -20.3896175 ], [ -49.5880343, -20.3896195 ], [ -49.588032, -20.3896216 ], [ -49.5880296, -20.3896236 ], [ -49.5880273, -20.3896257 ], [ -49.5880251, -20.3896278 ], [ -49.5880228, -20.38963 ], [ -49.5880206, -20.3896322 ], [ -49.5880185, -20.3896345 ], [ -49.5880164, -20.3896368 ], [ -49.5880143, -20.3896391 ], [ -49.5880123, -20.3896414 ], [ -49.5880103, -20.3896438 ], [ -49.5880084, -20.3896462 ], [ -49.5880065, -20.3896487 ], [ -49.5880047, -20.3896511 ], [ -49.5880029, -20.3896536 ], [ -49.5880012, -20.3896562 ], [ -49.5879995, -20.3896587 ], [ -49.5879978, -20.3896613 ], [ -49.5879962, -20.3896639 ], [ -49.5879947, -20.3896666 ], [ -49.5879932, -20.3896693 ], [ -49.5879917, -20.389672 ], [ -49.5879903, -20.3896747 ], [ -49.5879889, -20.3896774 ], [ -49.5879876, -20.3896802 ], [ -49.5879864, -20.3896829 ], [ -49.5879852, -20.3896857 ], [ -49.587984, -20.3896886 ], [ -49.5879829, -20.3896914 ], [ -49.5879819, -20.3896943 ], [ -49.5879809, -20.3896971 ], [ -49.58798, -20.3897 ], [ -49.5879791, -20.3897029 ], [ -49.5879783, -20.3897059 ], [ -49.5879775, -20.3897088 ], [ -49.5879768, -20.3897117 ], [ -49.5879761, -20.3897147 ], [ -49.5879755, -20.3897177 ], [ -49.5879749, -20.3897206 ], [ -49.5879744, -20.3897236 ], [ -49.587974, -20.3897266 ], [ -49.5879736, -20.3897296 ], [ -49.5879733, -20.3897326 ], [ -49.587973, -20.3897356 ], [ -49.5879728, -20.3897386 ], [ -49.5879726, -20.3897416 ], [ -49.5879725, -20.3897447 ], [ -49.5879724, -20.3897477 ], [ -49.5879724, -20.3897507 ], [ -49.5879725, -20.3897537 ], [ -49.5879726, -20.3897568 ], [ -49.5879728, -20.3897598 ], [ -49.587973, -20.3897628 ], [ -49.5879733, -20.3897658 ], [ -49.5879736, -20.3897688 ], [ -49.587974, -20.3897718 ], [ -49.5879744, -20.3897748 ], [ -49.5879749, -20.3897778 ], [ -49.5879755, -20.3897807 ], [ -49.5879761, -20.3897837 ], [ -49.5879768, -20.3897867 ], [ -49.5879775, -20.3897896 ], [ -49.5879783, -20.3897925 ], [ -49.5879791, -20.3897955 ], [ -49.58798, -20.3897984 ], [ -49.5879809, -20.3898013 ], [ -49.5879819, -20.3898041 ], [ -49.587983, -20.389807 ], [ -49.5879841, -20.3898098 ], [ -49.5879852, -20.3898126 ], [ -49.5879864, -20.3898154 ], [ -49.5879877, -20.3898182 ], [ -49.587989, -20.389821 ], [ -49.5879903, -20.3898237 ], [ -49.5879917, -20.3898264 ], [ -49.5879932, -20.3898291 ], [ -49.5879947, -20.3898318 ], [ -49.5879962, -20.3898344 ], [ -49.5879978, -20.3898371 ], [ -49.5879995, -20.3898397 ], [ -49.5880012, -20.3898422 ], [ -49.5880029, -20.3898447 ], [ -49.5880047, -20.3898473 ], [ -49.5880066, -20.3898497 ], [ -49.5880084, -20.3898522 ], [ -49.5880104, -20.3898546 ], [ -49.5880123, -20.389857 ], [ -49.5880144, -20.3898593 ], [ -49.5880164, -20.3898616 ], [ -49.5880185, -20.3898639 ], [ -49.5880207, -20.3898662 ], [ -49.5880229, -20.3898684 ], [ -49.5880251, -20.3898705 ], [ -49.5880274, -20.3898727 ], [ -49.5880297, -20.3898748 ], [ -49.588032, -20.3898768 ], [ -49.5880344, -20.3898789 ], [ -49.5880368, -20.3898808 ], [ -49.5880393, -20.3898828 ], [ -49.5880417, -20.3898847 ], [ -49.5880443, -20.3898865 ], [ -49.5880468, -20.3898884 ], [ -49.5880494, -20.3898901 ], [ -49.5880521, -20.3898919 ], [ -49.5880547, -20.3898936 ], [ -49.5880574, -20.3898952 ], [ -49.5880601, -20.3898968 ], [ -49.5880629, -20.3898984 ], [ -49.5880656, -20.3898999 ], [ -49.5880684, -20.3899013 ], [ -49.5880713, -20.3899027 ], [ -49.5880741, -20.3899041 ], [ -49.588077, -20.3899054 ], [ -49.5880799, -20.3899067 ], [ -49.5880828, -20.3899079 ], [ -49.5880858, -20.3899091 ], [ -49.5880888, -20.3899103 ], [ -49.5880918, -20.3899113 ], [ -49.5880948, -20.3899124 ], [ -49.5880978, -20.3899134 ], [ -49.5881008, -20.3899143 ], [ -49.5881039, -20.3899152 ], [ -49.588107, -20.389916 ], [ -49.5881101, -20.3899168 ], [ -49.5881132, -20.3899175 ], [ -49.5881163, -20.3899182 ], [ -49.5881194, -20.3899188 ], [ -49.5881226, -20.3899194 ], [ -49.5881257, -20.3899199 ], [ -49.5881289, -20.3899204 ], [ -49.5881321, -20.3899208 ], [ -49.5881353, -20.3899212 ], [ -49.5881385, -20.3899215 ], [ -49.5881416, -20.3899218 ], [ -49.5881448, -20.389922 ], [ -49.588148, -20.3899221 ], [ -49.5881512, -20.3899222 ], [ -49.5881545, -20.3899223 ], [ -49.5881577, -20.3899223 ], [ -49.5881609, -20.3899222 ], [ -49.5881641, -20.3899221 ], [ -49.5881673, -20.389922 ], [ -49.5881705, -20.3899218 ], [ -49.5881737, -20.3899215 ], [ -49.5881768, -20.3899212 ], [ -49.58818, -20.3899208 ], [ -49.5881832, -20.3899204 ], [ -49.5881864, -20.3899199 ], [ -49.5881895, -20.3899194 ], [ -49.5881927, -20.3899188 ], [ -49.5881958, -20.3899182 ], [ -49.5881989, -20.3899175 ], [ -49.588202, -20.3899168 ], [ -49.5882051, -20.389916 ], [ -49.5882082, -20.3899152 ], [ -49.5882113, -20.3899143 ], [ -49.5882143, -20.3899133 ], [ -49.5882173, -20.3899124 ], [ -49.5882204, -20.3899113 ], [ -49.5882233, -20.3899102 ], [ -49.5882263, -20.3899091 ], [ -49.5882293, -20.3899079 ], [ -49.5882322, -20.3899067 ], [ -49.5882351, -20.3899054 ], [ -49.588238, -20.3899041 ], [ -49.5882408, -20.3899027 ], [ -49.5882437, -20.3899013 ], [ -49.5882465, -20.3898998 ], [ -49.5882492, -20.3898983 ], [ -49.588252, -20.3898968 ], [ -49.5882547, -20.3898952 ], [ -49.5882574, -20.3898935 ], [ -49.58826, -20.3898918 ], [ -49.5882627, -20.3898901 ], [ -49.5882653, -20.3898883 ], [ -49.5882678, -20.3898865 ], [ -49.5882703, -20.3898846 ], [ -49.5882728, -20.3898827 ], [ -49.5882753, -20.3898808 ], [ -49.5882777, -20.3898788 ], [ -49.5882801, -20.3898768 ], [ -49.5882824, -20.3898747 ], [ -49.5882847, -20.3898726 ], [ -49.588287, -20.3898705 ], [ -49.5882892, -20.3898683 ], [ -49.5882914, -20.3898661 ], [ -49.5882936, -20.3898639 ], [ -49.5882957, -20.3898616 ], [ -49.5882977, -20.3898593 ], [ -49.5882997, -20.3898569 ], [ -49.5883017, -20.3898545 ], [ -49.5883036, -20.3898521 ], [ -49.5883055, -20.3898497 ], [ -49.5883074, -20.3898472 ], [ -49.5883091, -20.3898447 ], [ -49.5883109, -20.3898422 ], [ -49.5883126, -20.3898396 ], [ -49.5883142, -20.389837 ], [ -49.5883158, -20.3898344 ], [ -49.5883174, -20.3898318 ], [ -49.5883189, -20.3898291 ], [ -49.5883204, -20.3898264 ], [ -49.5883218, -20.3898237 ], [ -49.5883231, -20.3898209 ], [ -49.5883244, -20.3898182 ], [ -49.5883257, -20.3898154 ], [ -49.5883269, -20.3898126 ], [ -49.588328, -20.3898098 ], [ -49.5883291, -20.3898069 ], [ -49.5883302, -20.3898041 ], [ -49.5883311, -20.3898012 ], [ -49.5883321, -20.3897983 ], [ -49.588333, -20.3897954 ], [ -49.5883338, -20.3897925 ], [ -49.5883346, -20.3897896 ], [ -49.5883353, -20.3897866 ], [ -49.588336, -20.3897837 ], [ -49.5883366, -20.3897807 ], [ -49.5883371, -20.3897777 ], [ -49.5883376, -20.3897747 ], [ -49.5883381, -20.3897717 ], [ -49.5883385, -20.3897687 ], [ -49.5883388, -20.3897657 ], [ -49.5883391, -20.3897627 ], [ -49.5883393, -20.3897597 ], [ -49.5883395, -20.3897567 ], [ -49.5883396, -20.3897537 ], [ -49.5883396, -20.3897507 ], [ -49.5883396, -20.3897476 ], [ -49.5883396, -20.3897446 ], [ -49.5883395, -20.3897416 ], [ -49.5883393, -20.3897386 ], [ -49.5883391, -20.3897356 ], [ -49.5883388, -20.3897326 ], [ -49.5883385, -20.3897296 ], [ -49.5883381, -20.3897266 ], [ -49.5883376, -20.3897236 ], [ -49.5883371, -20.3897206 ], [ -49.5883366, -20.3897176 ], [ -49.5883359, -20.3897146 ], [ -49.5883353, -20.3897117 ], [ -49.5883346, -20.3897087 ], [ -49.5883338, -20.3897058 ], [ -49.588333, -20.3897029 ], [ -49.5883321, -20.3897 ], [ -49.5883311, -20.3896971 ], [ -49.5883301, -20.3896942 ], [ -49.5883291, -20.3896914 ], [ -49.588328, -20.3896885 ], [ -49.5883268, -20.3896857 ], [ -49.5883256, -20.3896829 ], [ -49.5883244, -20.3896801 ], [ -49.5883231, -20.3896774 ], [ -49.5883217, -20.3896746 ], [ -49.5883203, -20.3896719 ], [ -49.5883189, -20.3896692 ], [ -49.5883174, -20.3896665 ], [ -49.5883158, -20.3896639 ], [ -49.5883142, -20.3896613 ], [ -49.5883126, -20.3896587 ], [ -49.5883109, -20.3896561 ], [ -49.5883091, -20.3896536 ], [ -49.5883073, -20.3896511 ], [ -49.5883055, -20.3896486 ], [ -49.5883036, -20.3896462 ], [ -49.5883017, -20.3896438 ], [ -49.5882997, -20.3896414 ], [ -49.5882977, -20.389639 ], [ -49.5882956, -20.3896367 ], [ -49.5882935, -20.3896344 ], [ -49.5882914, -20.3896322 ], [ -49.5882892, -20.38963 ], [ -49.588287, -20.3896278 ], [ -49.5882847, -20.3896257 ], [ -49.5882824, -20.3896236 ], [ -49.5882801, -20.3896215 ], [ -49.5882777, -20.3896195 ], [ -49.5882753, -20.3896175 ], [ -49.5882728, -20.3896156 ], [ -49.5882703, -20.3896137 ], [ -49.5882678, -20.3896118 ], [ -49.5882652, -20.38961 ], [ -49.5882626, -20.3896082 ], [ -49.58826, -20.3896065 ], [ -49.5882573, -20.3896048 ], [ -49.5882547, -20.3896032 ], [ -49.5882519, -20.3896016 ], [ -49.5882492, -20.3896 ], [ -49.5882464, -20.3895985 ], [ -49.5882436, -20.389597 ], [ -49.5882408, -20.3895956 ], [ -49.5882379, -20.3895942 ], [ -49.588235, -20.3895929 ], [ -49.5882321, -20.3895916 ], [ -49.5882292, -20.3895904 ], [ -49.5882263, -20.3895892 ], [ -49.5882233, -20.3895881 ], [ -49.5882203, -20.389587 ], [ -49.5882173, -20.389586 ], [ -49.5882143, -20.389585 ], [ -49.5882112, -20.3895841 ], [ -49.5882081, -20.3895832 ], [ -49.5882051, -20.3895823 ], [ -49.588202, -20.3895816 ], [ -49.5881989, -20.3895808 ], [ -49.5881957, -20.3895802 ], [ -49.5881926, -20.3895795 ], [ -49.5881895, -20.3895789 ], [ -49.5881863, -20.3895784 ], [ -49.5881831, -20.389578 ], [ -49.58818, -20.3895775 ], [ -49.5881768, -20.3895772 ], [ -49.5881736, -20.3895768 ], [ -49.5881704, -20.3895766 ], [ -49.5881672, -20.3895764 ], [ -49.588164, -20.3895762 ], [ -49.5881608, -20.3895761 ], [ -49.5881576, -20.3895761 ] ] ] ] } },
{ "type": "Feature", "properties": { "AREA_TOTAL": 14.24342249, "FAZENDA": "85474", "TALHAO": 1.0, "ZONA": 15016.0, "NOME_FAZ": "FAZ. S. JOSE III", "DESC_TALHA": "854741", "CREATED_ON": "08/01/2026", "CHAVE": "85474-1", "ÁREA TOTA": 14.24, "VARIED PLA": "RB85-5156", "CORTE": "1", "CICLO": "PRECOCE", "CULTURA": "CANA", "TALHOES_BL": "1_ao_1", "STATUS_CHA": "COLHIDO" }, "geometry": { "type": "MultiPolygon", "coordinates": [ [ [ [ -49.59009, -20.3904494 ], [ -49.5900407, -20.3904546 ], [ -49.5898999, -20.3904486 ], [ -49.5897297, -20.3904377 ], [ -49.589535, -20.3904288 ], [ -49.5893321, -20.3904199 ], [ -49.5891337, -20.3904097 ], [ -49.5889463, -20.3903991 ], [ -49.588765, -20.3903906 ], [ -49.5885857, -20.3903847 ], [ -49.5884086, -20.3903769 ], [ -49.5883643, -20.390374 ], [ -49.5884264, -20.3902863 ], [ -49.5885533, -20.3900904 ], [ -49.5887571, -20.3897582 ], [ -49.5888227, -20.3896695 ], [ -49.5889289, -20.3895541 ], [ -49.5890086, -20.3894826 ], [ -49.5890576, -20.3894494 ], [ -49.5890974, -20.3894246 ], [ -49.5891637, -20.3893995 ], [ -49.5892203, -20.3893846 ], [ -49.5892755, -20.3893778 ], [ -49.5893591, -20.3893778 ], [ -49.5894407, -20.3893932 ], [ -49.5895287, -20.3894196 ], [ -49.589709, -20.3894907 ], [ -49.5898672, -20.3895605 ], [ -49.5900196, -20.3896382 ], [ -49.5901164, -20.3896928 ], [ -49.5903468, -20.3898096 ], [ -49.5904405, -20.3898669 ], [ -49.5903397, -20.3900742 ], [ -49.590274, -20.3902273 ], [ -49.590226, -20.3903086 ], [ -49.590186, -20.3903689 ], [ -49.590117, -20.3904319 ], [ -49.59009, -20.3904494 ] ], [ [ -49.5899263, -20.3897352 ], [ -49.5899245, -20.3897352 ], [ -49.5899228, -20.3897352 ], [ -49.589921, -20.3897352 ], [ -49.5899193, -20.3897353 ], [ -49.5899176, -20.3897354 ], [ -49.5899158, -20.3897356 ], [ -49.5899141, -20.3897358 ], [ -49.5899124, -20.389736 ], [ -49.5899106, -20.3897362 ], [ -49.5899089, -20.3897364 ], [ -49.5899072, -20.3897367 ], [ -49.5899055, -20.389737 ], [ -49.5899038, -20.3897374 ], [ -49.5899021, -20.3897378 ], [ -49.5899004, -20.3897382 ], [ -49.5898987, -20.3897386 ], [ -49.589897, -20.389739 ], [ -49.5898953, -20.3897395 ], [ -49.5898937, -20.38974 ], [ -49.589892, -20.3897406 ], [ -49.5898904, -20.3897411 ], [ -49.5898888, -20.3897417 ], [ -49.5898872, -20.3897423 ], [ -49.5898855, -20.389743 ], [ -49.589884, -20.3897436 ], [ -49.5898824, -20.3897443 ], [ -49.5898808, -20.3897451 ], [ -49.5898792, -20.3897458 ], [ -49.5898777, -20.3897466 ], [ -49.5898762, -20.3897474 ], [ -49.5898747, -20.3897482 ], [ -49.5898732, -20.389749 ], [ -49.5898717, -20.3897499 ], [ -49.5898702, -20.3897508 ], [ -49.5898688, -20.3897517 ], [ -49.5898674, -20.3897527 ], [ -49.5898659, -20.3897536 ], [ -49.5898646, -20.3897546 ], [ -49.5898632, -20.3897556 ], [ -49.5898618, -20.3897567 ], [ -49.5898605, -20.3897577 ], [ -49.5898592, -20.3897588 ], [ -49.5898579, -20.3897599 ], [ -49.5898566, -20.389761 ], [ -49.5898553, -20.3897622 ], [ -49.5898541, -20.3897634 ], [ -49.5898529, -20.3897645 ], [ -49.5898517, -20.3897657 ], [ -49.5898505, -20.389767 ], [ -49.5898494, -20.3897682 ], [ -49.5898483, -20.3897695 ], [ -49.5898472, -20.3897707 ], [ -49.5898461, -20.389772 ], [ -49.589845, -20.3897734 ], [ -49.589844, -20.3897747 ], [ -49.589843, -20.389776 ], [ -49.589842, -20.3897774 ], [ -49.5898411, -20.3897788 ], [ -49.5898402, -20.3897802 ], [ -49.5898393, -20.3897816 ], [ -49.5898384, -20.389783 ], [ -49.5898376, -20.3897844 ], [ -49.5898367, -20.3897859 ], [ -49.5898359, -20.3897874 ], [ -49.5898352, -20.3897888 ], [ -49.5898344, -20.3897903 ], [ -49.5898337, -20.3897918 ], [ -49.5898331, -20.3897934 ], [ -49.5898324, -20.3897949 ], [ -49.5898318, -20.3897964 ], [ -49.5898312, -20.389798 ], [ -49.5898306, -20.3897995 ], [ -49.5898301, -20.3898011 ], [ -49.5898296, -20.3898027 ], [ -49.5898291, -20.3898042 ], [ -49.5898286, -20.3898058 ], [ -49.5898282, -20.3898074 ], [ -49.5898278, -20.389809 ], [ -49.5898275, -20.3898106 ], [ -49.5898271, -20.3898122 ], [ -49.5898268, -20.3898139 ], [ -49.5898265, -20.3898155 ], [ -49.5898263, -20.3898171 ], [ -49.5898261, -20.3898188 ], [ -49.5898259, -20.3898204 ], [ -49.5898258, -20.389822 ], [ -49.5898256, -20.3898237 ], [ -49.5898255, -20.3898253 ], [ -49.5898255, -20.389827 ], [ -49.5898255, -20.3898286 ], [ -49.5898255, -20.3898302 ], [ -49.5898255, -20.3898319 ], [ -49.5898255, -20.3898335 ], [ -49.5898256, -20.3898352 ], [ -49.5898258, -20.3898368 ], [ -49.5898259, -20.3898385 ], [ -49.5898261, -20.3898401 ], [ -49.5898263, -20.3898417 ], [ -49.5898265, -20.3898434 ], [ -49.5898268, -20.389845 ], [ -49.5898271, -20.3898466 ], [ -49.5898275, -20.3898482 ], [ -49.5898278, -20.3898498 ], [ -49.5898282, -20.3898514 ], [ -49.5898286, -20.389853 ], [ -49.5898291, -20.3898546 ], [ -49.5898296, -20.3898562 ], [ -49.5898301, -20.3898578 ], [ -49.5898306, -20.3898593 ], [ -49.5898312, -20.3898609 ], [ -49.5898318, -20.3898624 ], [ -49.5898324, -20.389864 ], [ -49.5898331, -20.3898655 ], [ -49.5898337, -20.389867 ], [ -49.5898345, -20.3898685 ], [ -49.5898352, -20.38987 ], [ -49.589836, -20.3898715 ], [ -49.5898368, -20.389873 ], [ -49.5898376, -20.3898744 ], [ -49.5898384, -20.3898758 ], [ -49.5898393, -20.3898773 ], [ -49.5898402, -20.3898787 ], [ -49.5898411, -20.3898801 ], [ -49.5898421, -20.3898815 ], [ -49.589843, -20.3898828 ], [ -49.589844, -20.3898842 ], [ -49.5898451, -20.3898855 ], [ -49.5898461, -20.3898868 ], [ -49.5898472, -20.3898881 ], [ -49.5898483, -20.3898894 ], [ -49.5898494, -20.3898906 ], [ -49.5898506, -20.3898919 ], [ -49.5898517, -20.3898931 ], [ -49.5898529, -20.3898943 ], [ -49.5898541, -20.3898955 ], [ -49.5898554, -20.3898967 ], [ -49.5898566, -20.3898978 ], [ -49.5898579, -20.3898989 ], [ -49.5898592, -20.3899 ], [ -49.5898605, -20.3899011 ], [ -49.5898618, -20.3899022 ], [ -49.5898632, -20.3899032 ], [ -49.5898646, -20.3899042 ], [ -49.589866, -20.3899052 ], [ -49.5898674, -20.3899062 ], [ -49.5898688, -20.3899071 ], [ -49.5898703, -20.389908 ], [ -49.5898717, -20.3899089 ], [ -49.5898732, -20.3899098 ], [ -49.5898747, -20.3899106 ], [ -49.5898762, -20.3899115 ], [ -49.5898777, -20.3899123 ], [ -49.5898793, -20.389913 ], [ -49.5898808, -20.3899138 ], [ -49.5898824, -20.3899145 ], [ -49.589884, -20.3899152 ], [ -49.5898856, -20.3899159 ], [ -49.5898872, -20.3899165 ], [ -49.5898888, -20.3899171 ], [ -49.5898904, -20.3899177 ], [ -49.5898921, -20.3899183 ], [ -49.5898937, -20.3899188 ], [ -49.5898954, -20.3899193 ], [ -49.589897, -20.3899198 ], [ -49.5898987, -20.3899203 ], [ -49.5899004, -20.3899207 ], [ -49.5899021, -20.3899211 ], [ -49.5899038, -20.3899214 ], [ -49.5899055, -20.3899218 ], [ -49.5899072, -20.3899221 ], [ -49.5899089, -20.3899224 ], [ -49.5899107, -20.3899226 ], [ -49.5899124, -20.3899229 ], [ -49.5899141, -20.3899231 ], [ -49.5899159, -20.3899232 ], [ -49.5899176, -20.3899234 ], [ -49.5899193, -20.3899235 ], [ -49.5899211, -20.3899236 ], [ -49.5899228, -20.3899236 ], [ -49.5899246, -20.3899237 ], [ -49.5899263, -20.3899237 ], [ -49.5899281, -20.3899236 ], [ -49.5899298, -20.3899236 ], [ -49.5899315, -20.3899235 ], [ -49.5899333, -20.3899234 ], [ -49.589935, -20.3899232 ], [ -49.5899368, -20.3899231 ], [ -49.5899385, -20.3899229 ], [ -49.5899402, -20.3899226 ], [ -49.5899419, -20.3899224 ], [ -49.5899437, -20.3899221 ], [ -49.5899454, -20.3899218 ], [ -49.5899471, -20.3899214 ], [ -49.5899488, -20.3899211 ], [ -49.5899505, -20.3899207 ], [ -49.5899522, -20.3899202 ], [ -49.5899538, -20.3899198 ], [ -49.5899555, -20.3899193 ], [ -49.5899572, -20.3899188 ], [ -49.5899588, -20.3899183 ], [ -49.5899605, -20.3899177 ], [ -49.5899621, -20.3899171 ], [ -49.5899637, -20.3899165 ], [ -49.5899653, -20.3899159 ], [ -49.5899669, -20.3899152 ], [ -49.5899685, -20.3899145 ], [ -49.58997, -20.3899138 ], [ -49.5899716, -20.389913 ], [ -49.5899731, -20.3899122 ], [ -49.5899747, -20.3899115 ], [ -49.5899762, -20.3899106 ], [ -49.5899777, -20.3899098 ], [ -49.5899792, -20.3899089 ], [ -49.5899806, -20.389908 ], [ -49.5899821, -20.3899071 ], [ -49.5899835, -20.3899061 ], [ -49.5899849, -20.3899052 ], [ -49.5899863, -20.3899042 ], [ -49.5899877, -20.3899032 ], [ -49.589989, -20.3899021 ], [ -49.5899904, -20.3899011 ], [ -49.5899917, -20.3899 ], [ -49.589993, -20.3898989 ], [ -49.5899943, -20.3898978 ], [ -49.5899955, -20.3898966 ], [ -49.5899967, -20.3898955 ], [ -49.589998, -20.3898943 ], [ -49.5899991, -20.3898931 ], [ -49.5900003, -20.3898919 ], [ -49.5900015, -20.3898906 ], [ -49.5900026, -20.3898894 ], [ -49.5900037, -20.3898881 ], [ -49.5900047, -20.3898868 ], [ -49.5900058, -20.3898855 ], [ -49.5900068, -20.3898841 ], [ -49.5900078, -20.3898828 ], [ -49.5900088, -20.3898814 ], [ -49.5900098, -20.38988 ], [ -49.5900107, -20.3898787 ], [ -49.5900116, -20.3898772 ], [ -49.5900124, -20.3898758 ], [ -49.5900133, -20.3898744 ], [ -49.5900141, -20.3898729 ], [ -49.5900149, -20.3898715 ], [ -49.5900157, -20.38987 ], [ -49.5900164, -20.3898685 ], [ -49.5900171, -20.389867 ], [ -49.5900178, -20.3898655 ], [ -49.5900184, -20.3898639 ], [ -49.5900191, -20.3898624 ], [ -49.5900197, -20.3898609 ], [ -49.5900202, -20.3898593 ], [ -49.5900208, -20.3898577 ], [ -49.5900213, -20.3898562 ], [ -49.5900218, -20.3898546 ], [ -49.5900222, -20.389853 ], [ -49.5900226, -20.3898514 ], [ -49.590023, -20.3898498 ], [ -49.5900234, -20.3898482 ], [ -49.5900237, -20.3898466 ], [ -49.590024, -20.389845 ], [ -49.5900243, -20.3898433 ], [ -49.5900245, -20.3898417 ], [ -49.5900248, -20.3898401 ], [ -49.5900249, -20.3898384 ], [ -49.5900251, -20.3898368 ], [ -49.5900252, -20.3898352 ], [ -49.5900253, -20.3898335 ], [ -49.5900254, -20.3898319 ], [ -49.5900254, -20.3898302 ], [ -49.5900254, -20.3898286 ], [ -49.5900254, -20.3898269 ], [ -49.5900253, -20.3898253 ], [ -49.5900252, -20.3898236 ], [ -49.5900251, -20.389822 ], [ -49.5900249, -20.3898204 ], [ -49.5900248, -20.3898187 ], [ -49.5900245, -20.3898171 ], [ -49.5900243, -20.3898155 ], [ -49.590024, -20.3898138 ], [ -49.5900237, -20.3898122 ], [ -49.5900234, -20.3898106 ], [ -49.590023, -20.389809 ], [ -49.5900226, -20.3898074 ], [ -49.5900222, -20.3898058 ], [ -49.5900218, -20.3898042 ], [ -49.5900213, -20.3898026 ], [ -49.5900208, -20.3898011 ], [ -49.5900202, -20.3897995 ], [ -49.5900197, -20.3897979 ], [ -49.5900191, -20.3897964 ], [ -49.5900184, -20.3897949 ], [ -49.5900178, -20.3897933 ], [ -49.5900171, -20.3897918 ], [ -49.5900164, -20.3897903 ], [ -49.5900157, -20.3897888 ], [ -49.5900149, -20.3897873 ], [ -49.5900141, -20.3897859 ], [ -49.5900133, -20.3897844 ], [ -49.5900124, -20.389783 ], [ -49.5900116, -20.3897816 ], [ -49.5900107, -20.3897801 ], [ -49.5900097, -20.3897788 ], [ -49.5900088, -20.3897774 ], [ -49.5900078, -20.389776 ], [ -49.5900068, -20.3897747 ], [ -49.5900058, -20.3897733 ], [ -49.5900047, -20.389772 ], [ -49.5900037, -20.3897707 ], [ -49.5900026, -20.3897694 ], [ -49.5900014, -20.3897682 ], [ -49.5900003, -20.3897669 ], [ -49.5899991, -20.3897657 ], [ -49.5899979, -20.3897645 ], [ -49.5899967, -20.3897633 ], [ -49.5899955, -20.3897622 ], [ -49.5899942, -20.389761 ], [ -49.589993, -20.3897599 ], [ -49.5899917, -20.3897588 ], [ -49.5899903, -20.3897577 ], [ -49.589989, -20.3897567 ], [ -49.5899876, -20.3897556 ], [ -49.5899863, -20.3897546 ], [ -49.5899849, -20.3897536 ], [ -49.5899835, -20.3897527 ], [ -49.589982, -20.3897517 ], [ -49.5899806, -20.3897508 ], [ -49.5899791, -20.3897499 ], [ -49.5899776, -20.389749 ], [ -49.5899762, -20.3897482 ], [ -49.5899746, -20.3897474 ], [ -49.5899731, -20.3897466 ], [ -49.5899716, -20.3897458 ], [ -49.58997, -20.389745 ], [ -49.5899685, -20.3897443 ], [ -49.5899669, -20.3897436 ], [ -49.5899653, -20.389743 ], [ -49.5899637, -20.3897423 ], [ -49.5899621, -20.3897417 ], [ -49.5899604, -20.3897411 ], [ -49.5899588, -20.3897405 ], [ -49.5899571, -20.38974 ], [ -49.5899555, -20.3897395 ], [ -49.5899538, -20.389739 ], [ -49.5899521, -20.3897386 ], [ -49.5899504, -20.3897381 ], [ -49.5899487, -20.3897377 ], [ -49.589947, -20.3897374 ], [ -49.5899453, -20.389737 ], [ -49.5899436, -20.3897367 ], [ -49.5899419, -20.3897364 ], [ -49.5899402, -20.3897362 ], [ -49.5899385, -20.389736 ], [ -49.5899367, -20.3897358 ], [ -49.589935, -20.3897356 ], [ -49.5899333, -20.3897354 ], [ -49.5899315, -20.3897353 ], [ -49.5899298, -20.3897352 ], [ -49.589928, -20.3897352 ], [ -49.5899263, -20.3897352 ] ], [ [ -49.589002, -20.3898306 ], [ -49.5890006, -20.3898306 ], [ -49.5889992, -20.3898306 ], [ -49.5889978, -20.3898307 ], [ -49.5889964, -20.3898307 ], [ -49.588995, -20.3898308 ], [ -49.5889936, -20.3898309 ], [ -49.5889922, -20.3898311 ], [ -49.5889908, -20.3898312 ], [ -49.5889895, -20.3898314 ], [ -49.5889881, -20.3898316 ], [ -49.5889867, -20.3898319 ], [ -49.5889853, -20.3898321 ], [ -49.5889839, -20.3898324 ], [ -49.5889826, -20.3898327 ], [ -49.5889812, -20.389833 ], [ -49.5889799, -20.3898333 ], [ -49.5889785, -20.3898337 ], [ -49.5889772, -20.3898341 ], [ -49.5889758, -20.3898345 ], [ -49.5889745, -20.3898349 ], [ -49.5889732, -20.3898354 ], [ -49.5889719, -20.3898358 ], [ -49.5889706, -20.3898363 ], [ -49.5889693, -20.3898368 ], [ -49.588968, -20.3898374 ], [ -49.5889668, -20.3898379 ], [ -49.5889655, -20.3898385 ], [ -49.5889642, -20.3898391 ], [ -49.588963, -20.3898397 ], [ -49.5889618, -20.3898404 ], [ -49.5889606, -20.389841 ], [ -49.5889594, -20.3898417 ], [ -49.5889582, -20.3898424 ], [ -49.588957, -20.3898431 ], [ -49.5889558, -20.3898438 ], [ -49.5889547, -20.3898446 ], [ -49.5889535, -20.3898454 ], [ -49.5889524, -20.3898462 ], [ -49.5889513, -20.389847 ], [ -49.5889502, -20.3898478 ], [ -49.5889491, -20.3898486 ], [ -49.5889481, -20.3898495 ], [ -49.588947, -20.3898504 ], [ -49.588946, -20.3898513 ], [ -49.588945, -20.3898522 ], [ -49.588944, -20.3898531 ], [ -49.588943, -20.3898541 ], [ -49.5889421, -20.389855 ], [ -49.5889411, -20.389856 ], [ -49.5889402, -20.389857 ], [ -49.5889393, -20.389858 ], [ -49.5889384, -20.389859 ], [ -49.5889375, -20.3898601 ], [ -49.5889367, -20.3898611 ], [ -49.5889359, -20.3898622 ], [ -49.5889351, -20.3898633 ], [ -49.5889343, -20.3898644 ], [ -49.5889335, -20.3898655 ], [ -49.5889327, -20.3898666 ], [ -49.588932, -20.3898677 ], [ -49.5889313, -20.3898688 ], [ -49.5889306, -20.38987 ], [ -49.58893, -20.3898712 ], [ -49.5889293, -20.3898723 ], [ -49.5889287, -20.3898735 ], [ -49.5889281, -20.3898747 ], [ -49.5889275, -20.3898759 ], [ -49.588927, -20.3898771 ], [ -49.5889264, -20.3898783 ], [ -49.5889259, -20.3898796 ], [ -49.5889254, -20.3898808 ], [ -49.588925, -20.3898821 ], [ -49.5889245, -20.3898833 ], [ -49.5889241, -20.3898846 ], [ -49.5889237, -20.3898858 ], [ -49.5889233, -20.3898871 ], [ -49.588923, -20.3898884 ], [ -49.5889227, -20.3898897 ], [ -49.5889224, -20.389891 ], [ -49.5889221, -20.3898923 ], [ -49.5889218, -20.3898936 ], [ -49.5889216, -20.3898949 ], [ -49.5889214, -20.3898962 ], [ -49.5889212, -20.3898975 ], [ -49.5889211, -20.3898988 ], [ -49.5889209, -20.3899001 ], [ -49.5889208, -20.3899014 ], [ -49.5889207, -20.3899027 ], [ -49.5889207, -20.3899041 ], [ -49.5889206, -20.3899054 ], [ -49.5889206, -20.3899067 ], [ -49.5889206, -20.389908 ], [ -49.5889207, -20.3899093 ], [ -49.5889207, -20.3899107 ], [ -49.5889208, -20.389912 ], [ -49.5889209, -20.3899133 ], [ -49.5889211, -20.3899146 ], [ -49.5889212, -20.3899159 ], [ -49.5889214, -20.3899172 ], [ -49.5889216, -20.3899185 ], [ -49.5889218, -20.3899198 ], [ -49.5889221, -20.3899211 ], [ -49.5889224, -20.3899224 ], [ -49.5889227, -20.3899237 ], [ -49.588923, -20.389925 ], [ -49.5889233, -20.3899263 ], [ -49.5889237, -20.3899276 ], [ -49.5889241, -20.3899288 ], [ -49.5889245, -20.3899301 ], [ -49.588925, -20.3899313 ], [ -49.5889254, -20.3899326 ], [ -49.5889259, -20.3899338 ], [ -49.5889264, -20.3899351 ], [ -49.588927, -20.3899363 ], [ -49.5889275, -20.3899375 ], [ -49.5889281, -20.3899387 ], [ -49.5889287, -20.3899399 ], [ -49.5889293, -20.3899411 ], [ -49.58893, -20.3899422 ], [ -49.5889306, -20.3899434 ], [ -49.5889313, -20.3899446 ], [ -49.588932, -20.3899457 ], [ -49.5889328, -20.3899468 ], [ -49.5889335, -20.3899479 ], [ -49.5889343, -20.389949 ], [ -49.5889351, -20.3899501 ], [ -49.5889359, -20.3899512 ], [ -49.5889367, -20.3899523 ], [ -49.5889376, -20.3899533 ], [ -49.5889384, -20.3899544 ], [ -49.5889393, -20.3899554 ], [ -49.5889402, -20.3899564 ], [ -49.5889411, -20.3899574 ], [ -49.5889421, -20.3899584 ], [ -49.588943, -20.3899593 ], [ -49.588944, -20.3899603 ], [ -49.588945, -20.3899612 ], [ -49.588946, -20.3899621 ], [ -49.5889471, -20.389963 ], [ -49.5889481, -20.3899639 ], [ -49.5889492, -20.3899648 ], [ -49.5889502, -20.3899656 ], [ -49.5889513, -20.3899664 ], [ -49.5889524, -20.3899672 ], [ -49.5889536, -20.389968 ], [ -49.5889547, -20.3899688 ], [ -49.5889558, -20.3899696 ], [ -49.588957, -20.3899703 ], [ -49.5889582, -20.389971 ], [ -49.5889594, -20.3899717 ], [ -49.5889606, -20.3899724 ], [ -49.5889618, -20.389973 ], [ -49.588963, -20.3899737 ], [ -49.5889643, -20.3899743 ], [ -49.5889655, -20.3899749 ], [ -49.5889668, -20.3899755 ], [ -49.588968, -20.389976 ], [ -49.5889693, -20.3899766 ], [ -49.5889706, -20.3899771 ], [ -49.5889719, -20.3899776 ], [ -49.5889732, -20.389978 ], [ -49.5889745, -20.3899785 ], [ -49.5889759, -20.3899789 ], [ -49.5889772, -20.3899793 ], [ -49.5889785, -20.3899797 ], [ -49.5889799, -20.3899801 ], [ -49.5889812, -20.3899804 ], [ -49.5889826, -20.3899807 ], [ -49.588984, -20.389981 ], [ -49.5889853, -20.3899813 ], [ -49.5889867, -20.3899815 ], [ -49.5889881, -20.3899818 ], [ -49.5889895, -20.389982 ], [ -49.5889909, -20.3899821 ], [ -49.5889922, -20.3899823 ], [ -49.5889936, -20.3899824 ], [ -49.588995, -20.3899826 ], [ -49.5889964, -20.3899827 ], [ -49.5889978, -20.3899827 ], [ -49.5889992, -20.3899828 ], [ -49.5890006, -20.3899828 ], [ -49.589002, -20.3899828 ], [ -49.5890034, -20.3899828 ], [ -49.5890048, -20.3899827 ], [ -49.5890062, -20.3899827 ], [ -49.5890076, -20.3899826 ], [ -49.589009, -20.3899824 ], [ -49.5890104, -20.3899823 ], [ -49.5890118, -20.3899821 ], [ -49.5890132, -20.389982 ], [ -49.5890146, -20.3899818 ], [ -49.589016, -20.3899815 ], [ -49.5890173, -20.3899813 ], [ -49.5890187, -20.389981 ], [ -49.5890201, -20.3899807 ], [ -49.5890214, -20.3899804 ], [ -49.5890228, -20.3899801 ], [ -49.5890241, -20.3899797 ], [ -49.5890255, -20.3899793 ], [ -49.5890268, -20.3899789 ], [ -49.5890281, -20.3899785 ], [ -49.5890295, -20.389978 ], [ -49.5890308, -20.3899776 ], [ -49.5890321, -20.3899771 ], [ -49.5890333, -20.3899765 ], [ -49.5890346, -20.389976 ], [ -49.5890359, -20.3899755 ], [ -49.5890372, -20.3899749 ], [ -49.5890384, -20.3899743 ], [ -49.5890397, -20.3899737 ], [ -49.5890409, -20.389973 ], [ -49.5890421, -20.3899724 ], [ -49.5890433, -20.3899717 ], [ -49.5890445, -20.389971 ], [ -49.5890457, -20.3899703 ], [ -49.5890468, -20.3899695 ], [ -49.589048, -20.3899688 ], [ -49.5890491, -20.389968 ], [ -49.5890502, -20.3899672 ], [ -49.5890513, -20.3899664 ], [ -49.5890524, -20.3899656 ], [ -49.5890535, -20.3899647 ], [ -49.5890546, -20.3899639 ], [ -49.5890556, -20.389963 ], [ -49.5890566, -20.3899621 ], [ -49.5890577, -20.3899612 ], [ -49.5890587, -20.3899603 ], [ -49.5890596, -20.3899593 ], [ -49.5890606, -20.3899584 ], [ -49.5890615, -20.3899574 ], [ -49.5890625, -20.3899564 ], [ -49.5890634, -20.3899554 ], [ -49.5890642, -20.3899544 ], [ -49.5890651, -20.3899533 ], [ -49.589066, -20.3899523 ], [ -49.5890668, -20.3899512 ], [ -49.5890676, -20.3899501 ], [ -49.5890684, -20.389949 ], [ -49.5890692, -20.3899479 ], [ -49.5890699, -20.3899468 ], [ -49.5890706, -20.3899457 ], [ -49.5890713, -20.3899445 ], [ -49.589072, -20.3899434 ], [ -49.5890727, -20.3899422 ], [ -49.5890733, -20.3899411 ], [ -49.589074, -20.3899399 ], [ -49.5890746, -20.3899387 ], [ -49.5890751, -20.3899375 ], [ -49.5890757, -20.3899363 ], [ -49.5890762, -20.389935 ], [ -49.5890767, -20.3899338 ], [ -49.5890772, -20.3899326 ], [ -49.5890777, -20.3899313 ], [ -49.5890781, -20.3899301 ], [ -49.5890786, -20.3899288 ], [ -49.5890789, -20.3899275 ], [ -49.5890793, -20.3899263 ], [ -49.5890797, -20.389925 ], [ -49.58908, -20.3899237 ], [ -49.5890803, -20.3899224 ], [ -49.5890806, -20.3899211 ], [ -49.5890808, -20.3899198 ], [ -49.5890811, -20.3899185 ], [ -49.5890813, -20.3899172 ], [ -49.5890814, -20.3899159 ], [ -49.5890816, -20.3899146 ], [ -49.5890817, -20.3899133 ], [ -49.5890818, -20.389912 ], [ -49.5890819, -20.3899106 ], [ -49.589082, -20.3899093 ], [ -49.589082, -20.389908 ], [ -49.589082, -20.3899067 ], [ -49.589082, -20.3899054 ], [ -49.589082, -20.389904 ], [ -49.5890819, -20.3899027 ], [ -49.5890818, -20.3899014 ], [ -49.5890817, -20.3899001 ], [ -49.5890816, -20.3898988 ], [ -49.5890814, -20.3898975 ], [ -49.5890813, -20.3898962 ], [ -49.5890811, -20.3898948 ], [ -49.5890808, -20.3898935 ], [ -49.5890806, -20.3898922 ], [ -49.5890803, -20.3898909 ], [ -49.58908, -20.3898897 ], [ -49.5890797, -20.3898884 ], [ -49.5890793, -20.3898871 ], [ -49.5890789, -20.3898858 ], [ -49.5890785, -20.3898846 ], [ -49.5890781, -20.3898833 ], [ -49.5890777, -20.389882 ], [ -49.5890772, -20.3898808 ], [ -49.5890767, -20.3898796 ], [ -49.5890762, -20.3898783 ], [ -49.5890757, -20.3898771 ], [ -49.5890751, -20.3898759 ], [ -49.5890746, -20.3898747 ], [ -49.589074, -20.3898735 ], [ -49.5890733, -20.3898723 ], [ -49.5890727, -20.3898711 ], [ -49.589072, -20.38987 ], [ -49.5890713, -20.3898688 ], [ -49.5890706, -20.3898677 ], [ -49.5890699, -20.3898666 ], [ -49.5890692, -20.3898654 ], [ -49.5890684, -20.3898643 ], [ -49.5890676, -20.3898632 ], [ -49.5890668, -20.3898622 ], [ -49.589066, -20.3898611 ], [ -49.5890651, -20.3898601 ], [ -49.5890642, -20.389859 ], [ -49.5890633, -20.389858 ], [ -49.5890624, -20.389857 ], [ -49.5890615, -20.389856 ], [ -49.5890606, -20.389855 ], [ -49.5890596, -20.3898541 ], [ -49.5890586, -20.3898531 ], [ -49.5890576, -20.3898522 ], [ -49.5890566, -20.3898513 ], [ -49.5890556, -20.3898504 ], [ -49.5890546, -20.3898495 ], [ -49.5890535, -20.3898486 ], [ -49.5890524, -20.3898478 ], [ -49.5890513, -20.389847 ], [ -49.5890502, -20.3898461 ], [ -49.5890491, -20.3898454 ], [ -49.589048, -20.3898446 ], [ -49.5890468, -20.3898438 ], [ -49.5890456, -20.3898431 ], [ -49.5890445, -20.3898424 ], [ -49.5890433, -20.3898417 ], [ -49.5890421, -20.389841 ], [ -49.5890409, -20.3898403 ], [ -49.5890396, -20.3898397 ], [ -49.5890384, -20.3898391 ], [ -49.5890371, -20.3898385 ], [ -49.5890359, -20.3898379 ], [ -49.5890346, -20.3898374 ], [ -49.5890333, -20.3898368 ], [ -49.589032, -20.3898363 ], [ -49.5890307, -20.3898358 ], [ -49.5890294, -20.3898354 ], [ -49.5890281, -20.3898349 ], [ -49.5890268, -20.3898345 ], [ -49.5890255, -20.3898341 ], [ -49.5890241, -20.3898337 ], [ -49.5890228, -20.3898333 ], [ -49.5890214, -20.389833 ], [ -49.5890201, -20.3898327 ], [ -49.5890187, -20.3898324 ], [ -49.5890173, -20.3898321 ], [ -49.5890159, -20.3898319 ], [ -49.5890146, -20.3898316 ], [ -49.5890132, -20.3898314 ], [ -49.5890118, -20.3898312 ], [ -49.5890104, -20.3898311 ], [ -49.589009, -20.3898309 ], [ -49.5890076, -20.3898308 ], [ -49.5890062, -20.3898307 ], [ -49.5890048, -20.3898307 ], [ -49.5890034, -20.3898306 ], [ -49.589002, -20.3898306 ] ] ] ] } }
]
}
